Identifier,Character,Dialogue,Filename,Line Number,Ren'Py Script
headhome_51044312,,You have never seen him this enthusiastic. And friendly.,game/tl/portuguese/scene/headhome.rpy,16,[what]
headhome_521513cb,,"Anticipation is dancing across his face, like a child excited to open their birthday presents.",game/tl/portuguese/scene/headhome.rpy,17,[what]
headhome_90ed7799,h,Are you looking forward to this as much as I do?,game/tl/portuguese/scene/headhome.rpy,20,"h happy ""[what]"""
headhome_a3888693,c,I think it was a mistake to come here.,game/tl/portuguese/scene/headhome.rpy,25,"c tough ""[what]"""
headhome_65a3337b,h,Nonsense. You gonna like it!,game/tl/portuguese/scene/headhome.rpy,26,"h evil ""[what]"""
headhome_6a9521e8,h,Consider it a lesson.,game/tl/portuguese/scene/headhome.rpy,27,"h tough ""[what]"""
headhome_71bad588,h,I am going to teach you quite a lot!,game/tl/portuguese/scene/headhome.rpy,28,"h evil ""[what]"""
headhome_c6bbc345,,You need all your self-restraint not to flinch when he touches you.,game/tl/portuguese/scene/headhome.rpy,43,[what]
headhome_e6d32508,,"Whenever you feel him make contact with you, you feel unclean but in a way no amount of showering will wash away.",game/tl/portuguese/scene/headhome.rpy,44,[what]
headhome_0e916c0e,,You feel a warm shiver run down your spine when he touches your shoulder.,game/tl/portuguese/scene/headhome.rpy,46,[what]
headhome_973838dd,,He has a deep and very seductive smell on him.,game/tl/portuguese/scene/headhome.rpy,47,[what]
headhome_a4f384ee,,The headmaster opens an expensive looking bottle of wine.,game/tl/portuguese/scene/headhome.rpy,54,[what]
headhome_67905d73,c,Oh. Uhm. I am not 21 years old yet.,game/tl/portuguese/scene/headhome.rpy,56,"c suspicious ""[what]"""
headhome_76315860,h,Don't worry about it.,game/tl/portuguese/scene/headhome.rpy,57,"h evil ""[what]"""
headhome_14ec76ef,h,I won't tell anyone!,game/tl/portuguese/scene/headhome.rpy,58,"h flirt ""[what]"""
headhome_45f85633,,"You clink glasses, and taste the wine.",game/tl/portuguese/scene/headhome.rpy,59,[what]
headhome_6c32449f,,"It tastes good, unlike any wine you have tasted before.",game/tl/portuguese/scene/headhome.rpy,63,[what]
headhome_0120fbd2,,"It is heavy, and strong, but in a good way.",game/tl/portuguese/scene/headhome.rpy,64,[what]
headhome_c1e577b6,,"And you can feel the alcohol almost immediately pop in your head, making you relaxed and a little bit dizzy.",game/tl/portuguese/scene/headhome.rpy,65,[what]
headhome_92a89cf0,h,You don't know what you miss.,game/tl/portuguese/scene/headhome.rpy,68,"h neutral ""[what]"""
headhome_03c481b3,,You don't trust the Headmaster. You've read about people spiking drinks at parties and you wouldn't put it past this man.,game/tl/portuguese/scene/headhome.rpy,71,[what]
headhome_d693a706,,"You feel right at home already, and eager to find out what the headmaster intends to do.",game/tl/portuguese/scene/headhome.rpy,73,[what]
headhome_480c8a46,,You can feel his gaze all over your body.,game/tl/portuguese/scene/headhome.rpy,75,[what]
headhome_f3b7af1e,,It is like he has X-ray vision.,game/tl/portuguese/scene/headhome.rpy,76,[what]
headhome_470071f7,c,I have been looking forward to this all day.,game/tl/portuguese/scene/headhome.rpy,82,"c desire ""[what]"""
headhome_11338d1b,,"He is closing in. You can feel breath on your neck, it smells of liquor and cigars.",game/tl/portuguese/scene/headhome.rpy,87,[what]
headhome_cafe42cf,,The sandpaper sensation of his coarse goatee hairs scraping across the side of your face as he leans in much too close for comfort.,game/tl/portuguese/scene/headhome.rpy,89,[what]
headhome_f1161c58,,"You inhale his smell again, and you can feel he sandpaper sensation of his coarse goatee hairs scraping across the side of your face as he leans in, giving you goose flesh.",game/tl/portuguese/scene/headhome.rpy,91,[what]
headhome_9170ea85,,You can't deny the man has a commanding presence to him.,game/tl/portuguese/scene/headhome.rpy,93,[what]
headhome_09d4f1b7,,"Even when he is not speaking, you feel his authority wash over you.",game/tl/portuguese/scene/headhome.rpy,94,[what]
headhome_64caad14,,The power imbalance between you is intimidating.,game/tl/portuguese/scene/headhome.rpy,95,[what]
headhome_3c9f1ce7,,You know he holds your fate in his hands.,game/tl/portuguese/scene/headhome.rpy,96,[what]
headhome_75433e31,,You have already done it in his office.,game/tl/portuguese/scene/headhome.rpy,100,[what]
headhome_62628beb,,"So it is no big deal, right?",game/tl/portuguese/scene/headhome.rpy,101,[what]
headhome_8b69ed8d,,You thank God at least there is no open window this time.,game/tl/portuguese/scene/headhome.rpy,102,[what]
headhome_61cc4659,,You'd rather die than be seen by anyone.,game/tl/portuguese/scene/headhome.rpy,104,[what]
headhome_384c9580,,His right hand is under your shirt now and moves toward your belly.,game/tl/portuguese/scene/headhome.rpy,106,[what]
headhome_50d96600,,And further down.,game/tl/portuguese/scene/headhome.rpy,107,[what]
headhome_e1246dfa,,"Before he can reach for your private parts, you break free.",game/tl/portuguese/scene/headhome.rpy,108,[what]
headhome_05bfed9a,,You panicked. You couldn't help it.,game/tl/portuguese/scene/headhome.rpy,110,[what]
headhome_eb834574,,You're like a lame zebra in the presence of a mighty lion.,game/tl/portuguese/scene/headhome.rpy,111,[what]
headhome_437489cd,,And he is toying with his prey.,game/tl/portuguese/scene/headhome.rpy,112,[what]
headhome_977db51d,c,"Hey, hold your horses!",game/tl/portuguese/scene/headhome.rpy,114,"c flirt ""[what]"""
headhome_1f7cdcca,h,"Well, do it yourself then!",game/tl/portuguese/scene/headhome.rpy,115,"h laugh ""[what]"""
headhome_443daf8e,,His grip tightens.,game/tl/portuguese/scene/headhome.rpy,124,[what]
headhome_bafea467,,The embrace is not so gentle anymore.,game/tl/portuguese/scene/headhome.rpy,125,[what]
headhome_ef1e2aec,,"You can tell at once, he is not accustomed to people refusing his demands.",game/tl/portuguese/scene/headhome.rpy,126,[what]
headhome_b956370d,,You've angered him.,game/tl/portuguese/scene/headhome.rpy,127,[what]
headhome_c7cb5de9,h,Why did you come here then?,game/tl/portuguese/scene/headhome.rpy,128,"h angry ""[what]"""
headhome_654438b8,h,Enough of this! Drop it now or leave!,game/tl/portuguese/scene/headhome.rpy,129,"h ""[what]"""
headhome_d1bae536,h,"You know you're a mediocre student, you'll never be able to catch up.",game/tl/portuguese/scene/headhome.rpy,131,"h angry ""[what]"""
headhome_dfc08ac5,h,This is your one and only chance.,game/tl/portuguese/scene/headhome.rpy,132,"h ""[what]"""
headhome_a07f98f8,h,I'd suggest you take it while I'm still feeling generous.,game/tl/portuguese/scene/headhome.rpy,133,"h ""[what]"""
headhome_16c60789,c,I don't know.,game/tl/portuguese/scene/headhome.rpy,136,"c sad ""[what]"""
headhome_a3c02e76,h,"Here, take another drink.",game/tl/portuguese/scene/headhome.rpy,138,"h friendly ""[what]"""
headhome_d3cc4504,,He fills up your glass again.,game/tl/portuguese/scene/headhome.rpy,139,[what]
headhome_dd645017,h,It will make you relax.,game/tl/portuguese/scene/headhome.rpy,142,"h ""[what]"""
headhome_1ec97320,,"You hesitate, but you take the drink and empty the glass in one big gulp.",game/tl/portuguese/scene/headhome.rpy,143,[what]
headhome_4a713e88,,"A gentle warmth spread out in your whole body, and you get the impression the room is spinning a little.",game/tl/portuguese/scene/headhome.rpy,144,[what]
headhome_23242634,,"You can see the headmaster's desire in his eyes, and enjoy the power you have over him.",game/tl/portuguese/scene/headhome.rpy,147,[what]
headhome_a4c360b3,,"He wants to see and feel your body so bad, especially since you denied it to him last time.",game/tl/portuguese/scene/headhome.rpy,148,[what]
headhome_88accdd1,,It is like a christmas gift he wasn't allowed to open yet.,game/tl/portuguese/scene/headhome.rpy,149,[what]
headhome_f801847a,,With some effort you break free of his embrace and start to strip your shirt.,game/tl/portuguese/scene/headhome.rpy,155,[what]
headhome_706a9e68,,You've never felt so trapped in all of your life.,game/tl/portuguese/scene/headhome.rpy,157,[what]
headhome_ef08f622,,So...vulnerable. ,game/tl/portuguese/scene/headhome.rpy,158,[what]
headhome_c4e7aa96,,You are still not sure if this a good idea at all.,game/tl/portuguese/scene/headhome.rpy,160,[what]
headhome_463caef4,,"You can feel the headmaster's desire almost physically, and it feels like a compliment.",game/tl/portuguese/scene/headhome.rpy,162,[what]
headhome_b16e4a15,,He doesn't say a word while you do it - slowly like he demanded.,game/tl/portuguese/scene/headhome.rpy,164,[what]
headhome_cf11dfbd,,And you don't look up.,game/tl/portuguese/scene/headhome.rpy,167,[what]
headhome_f9a6af11,,You are too ashamed to make eye contact.,game/tl/portuguese/scene/headhome.rpy,168,[what]
headhome_920c97a8,,But you can feel his gaze upon you.,game/tl/portuguese/scene/headhome.rpy,169,[what]
headhome_b04abb5e,,You look him in the eyes while you slowly drop your shirt.,game/tl/portuguese/scene/headhome.rpy,171,[what]
headhome_abb1f8b5,,"Although he just praised you, there's just something about the way he said it that made even the praise feel demeaning.",game/tl/portuguese/scene/headhome.rpy,177,[what]
headhome_0b06e188,,Everything about this is wrong.,game/tl/portuguese/scene/headhome.rpy,178,[what]
headhome_b6a713bb,,And getting worse by the minute.,game/tl/portuguese/scene/headhome.rpy,179,[what]
headhome_6255d44b,,"Even though you are still not sure you should do this, is felt good to be appreciated like this.",game/tl/portuguese/scene/headhome.rpy,181,[what]
headhome_181af5fb,,"The way he looked at you, his desire and appreciation feeds your self-consciousness.",game/tl/portuguese/scene/headhome.rpy,183,[what]
headhome_321783d4,,"Of all the students at the university, he decided to pick you, and invite you to his home.",game/tl/portuguese/scene/headhome.rpy,184,[what]
headhome_a79f12e2,,"It makes you feel special, and attractive.",game/tl/portuguese/scene/headhome.rpy,185,[what]
headhome_244e69b6,,You know that this is all some kind of power play.,game/tl/portuguese/scene/headhome.rpy,189,[what]
headhome_fb71f441,,"If you don't make a bold move now, it may be too late to assert yourself later.",game/tl/portuguese/scene/headhome.rpy,190,[what]
headhome_69079e2f,h,For free? You want me to pay you?,game/tl/portuguese/scene/headhome.rpy,192,"h tough ""[what]"""
headhome_d4f26d4c,h,Are you a whore?,game/tl/portuguese/scene/headhome.rpy,193,"h angry ""[what]"""
headhome_8f71b4b4,,"He looks at you for a long time, not saying anything.",game/tl/portuguese/scene/headhome.rpy,198,[what]
headhome_41916147,c,I know you want to see it.,game/tl/portuguese/scene/headhome.rpy,199,"c flirt ""[what]"""
headhome_60c31ca7,h,"Oh, I want to do more than just ""see"" it!",game/tl/portuguese/scene/headhome.rpy,200,"h laugh ""[what]"""
headhome_3bf98943,c,What is it worth to you then?,game/tl/portuguese/scene/headhome.rpy,201,"c flirt ""[what]"""
headhome_dbf5482c,h,You want money? Like a whore?,game/tl/portuguese/scene/headhome.rpy,202,"h suspicious ""[what]"""
headhome_18bced38,,It sounded more like compliment than an insult.,game/tl/portuguese/scene/headhome.rpy,203,[what]
headhome_bde7dd56,c,Not money.,game/tl/portuguese/scene/headhome.rpy,204,"c evil ""[what]"""
headhome_8eb7ee91,c,I was more thinking about my marks.,game/tl/portuguese/scene/headhome.rpy,205,"c ""[what]"""
headhome_fa1352cb,h,So you want to play games with me?,game/tl/portuguese/scene/headhome.rpy,206,"h neutral ""[what]"""
headhome_c62d78a6,,His voice is so measured and even. You can't tell if you just won a measure of respect.,game/tl/portuguese/scene/headhome.rpy,208,[what]
headhome_9d21a677,,Or lost the last shred of human dignity you possessed.,game/tl/portuguese/scene/headhome.rpy,209,[what]
headhome_ed05309d,,The Headmaster's face is impassive and unreadable.,game/tl/portuguese/scene/headhome.rpy,210,[what]
headhome_8a3e7c5c,h,"Two points? For your shirt? I think you overestimate your worth, little whore.",game/tl/portuguese/scene/headhome.rpy,213,"h friendly ""[what]"""
headhome_eae91bb3,h,Oh yes you are.,game/tl/portuguese/scene/headhome.rpy,216,"h neutral ""[what]"""
headhome_e5eb80a0,h,"I like that, you little slut.",game/tl/portuguese/scene/headhome.rpy,217,"h desire ""[what]"""
headhome_39d1858e,h,Okay. I'll give you half a point.,game/tl/portuguese/scene/headhome.rpy,218,"h friendly ""[what]"""
headhome_1cfa5320,,You slowly dropped your shirt.,game/tl/portuguese/scene/headhome.rpy,225,[what]
headhome_739491f4,,"You've won a great victory, the Headmaster yielded to your demands.",game/tl/portuguese/scene/headhome.rpy,226,[what]
headhome_9b440cac,,At least partially.,game/tl/portuguese/scene/headhome.rpy,227,[what]
headhome_68f8b468,,"It is enough, your sense of helplessness eases slightly.",game/tl/portuguese/scene/headhome.rpy,230,[what]
headhome_57c19dcb,,You never imagined how seductive power games could be.,game/tl/portuguese/scene/headhome.rpy,232,[what]
headhome_612fcd87,,Seconds feel like hours while he just stands there and looks at you.,game/tl/portuguese/scene/headhome.rpy,246,[what]
headhome_e42c67bd,,His eyes wander down and up and down again.,game/tl/portuguese/scene/headhome.rpy,247,[what]
headhome_0ffa6873,,"You want to take a step away from him, but this would only encourage him.",game/tl/portuguese/scene/headhome.rpy,249,[what]
headhome_b608286a,,Neither do you want to get closer.,game/tl/portuguese/scene/headhome.rpy,250,[what]
headhome_316d7dae,,"You have no choice but to stand at attention, waiting for further instructions.",game/tl/portuguese/scene/headhome.rpy,251,[what]
headhome_07b6f88a,,Your mind begins to search for something to say.,game/tl/portuguese/scene/headhome.rpy,252,[what]
headhome_04147e99,,"Anything, to break this oppressive silence.",game/tl/portuguese/scene/headhome.rpy,253,[what]
headhome_58f35b58,,But nothing comes to your mind.,game/tl/portuguese/scene/headhome.rpy,254,[what]
headhome_f7d0c551,,"You watch his gaze, how his eyes scan every part of your body.",game/tl/portuguese/scene/headhome.rpy,257,[what]
headhome_e9aa8333,,By his demeanor you can tell he likes what he sees.,game/tl/portuguese/scene/headhome.rpy,258,[what]
headhome_c128f35b,,And you like to be seen.,game/tl/portuguese/scene/headhome.rpy,259,[what]
headhome_05af18e2,,So you stand there and enjoy it.,game/tl/portuguese/scene/headhome.rpy,267,[what]
headhome_05a8cacd,,Not in a bad way though.,game/tl/portuguese/scene/headhome.rpy,284,[what]
headhome_c50294f4,,Just... different.,game/tl/portuguese/scene/headhome.rpy,285,[what]
headhome_4788610d,,"It is not about intimacy, or affection, or something like that.",game/tl/portuguese/scene/headhome.rpy,286,[what]
headhome_0ddb3fe0,,"It is about lust, and desire, and sex.",game/tl/portuguese/scene/headhome.rpy,287,[what]
headhome_a8d2f0cc,,His arms wrap around your body.,game/tl/portuguese/scene/headhome.rpy,298,[what]
headhome_659ceb37,,"It is not a loving embrace, if feels like he is claiming you, possessing you.",game/tl/portuguese/scene/headhome.rpy,301,[what]
headhome_8e59fbc8,,You can smell his breath. The wine he has been sipping. His lips are closing in on your own.,game/tl/portuguese/scene/headhome.rpy,302,[what]
headhome_bd088a2c,,You can feel his tongue inside your mouth.,game/tl/portuguese/scene/headhome.rpy,318,[what]
headhome_eac30519,,You can taste a little wine still on his tongue as it slithers against your own tongue.,game/tl/portuguese/scene/headhome.rpy,319,[what]
headhome_13d3ae5a,,He stops kissing you and asks in a conversational tone:,game/tl/portuguese/scene/headhome.rpy,340,[what]
headhome_b9b2127f,c,This is exactly what I was hoping to happen!,game/tl/portuguese/scene/headhome.rpy,345,"c desire ""[what]"""
headhome_42c78345,h,Very good!,game/tl/portuguese/scene/headhome.rpy,346,"h happy ""[what]"""
headhome_6e1cb900,h,Because we have just started!,game/tl/portuguese/scene/headhome.rpy,347,"h friendly ""[what]"""
headhome_7233b530,c,I.. I don't know.,game/tl/portuguese/scene/headhome.rpy,362,"c sad nude ""[what]"""
headhome_39011b60,c,Sounds like fun!,game/tl/portuguese/scene/headhome.rpy,364,"c desire nude ""[what]"""
headhome_f105830f,c,"Yes, sir!",game/tl/portuguese/scene/headhome.rpy,384,"c happy ""[what]"""
headhome_3918a480,c,"Yes, sir!",game/tl/portuguese/scene/headhome.rpy,386,"c sad ""[what]"""
headhome_e5d76f2d,c,"Yes, sir!",game/tl/portuguese/scene/headhome.rpy,388,"c angry ""[what]"""
headhome_8e95d159,,You don't drop your pants yourself.,game/tl/portuguese/scene/headhome.rpy,394,[what]
headhome_88ef99f2,,Instead his hands move down to your waist.,game/tl/portuguese/scene/headhome.rpy,395,[what]
headhome_16fd384b,,He grabs the waistband and slowly pulls it down.,game/tl/portuguese/scene/headhome.rpy,396,[what]
headhome_d17857ee,c,"Oh, yes please!",game/tl/portuguese/scene/headhome.rpy,408,"c happy ""[what]"""
headhome_d17bd2d7,,He starts to move his hip rhythmically against your waist.,game/tl/portuguese/scene/headhome.rpy,418,[what]
headhome_b4773c14,,The rough cotton pants scrape against the soft skin of your toned ass.,game/tl/portuguese/scene/headhome.rpy,419,[what]
headhome_e6dc941e,,The headmaster releases you from his embrace and faces you.,game/tl/portuguese/scene/headhome.rpy,441,[what]
headhome_a33295a9,,You feel his index finger at your chin.,game/tl/portuguese/scene/headhome.rpy,442,[what]
headhome_5a11d40f,,The headmaster is shaking now.,game/tl/portuguese/scene/headhome.rpy,469,[what]
headhome_d6ac828d,,Shaking! He is actually concerned. And intimidated.,game/tl/portuguese/scene/headhome.rpy,470,[what]
headhome_d054374d,,By his own wife?,game/tl/portuguese/scene/headhome.rpy,471,[what]
headhome_aa66af94,,They can't actually harm you. Can they?,game/tl/portuguese/scene/headhome.rpy,475,[what]
headhome_ece38fc9,,You have no idea what you've gotten yourself into here.,game/tl/portuguese/scene/headhome.rpy,476,[what]
headhome_5659b82e,c,I didn't think I'd be meeting your wife tonight.,game/tl/portuguese/scene/headhome.rpy,479,"c neutral nude ""[what]"""
headhome_2273277c,c,Certainly not like this. You know what I mean?,game/tl/portuguese/scene/headhome.rpy,480,"c angry ""[what]"""
headhome_d1c676ea,,The headmaster looks at you with an incredulous expression.,game/tl/portuguese/scene/headhome.rpy,481,[what]
headhome_5b13dca9,,As if you're talking absolute nonsense.,game/tl/portuguese/scene/headhome.rpy,482,[what]
headhome_801975ee,,No matter how embarrassing it might be.,game/tl/portuguese/scene/headhome.rpy,488,[what]
headhome_dd57e235,,You decide to go down on your knees before the headmaster looses it completely.,game/tl/portuguese/scene/headhome.rpy,489,[what]
headhome_9e4362a8,,She looks pleasant-enough at first. Until her gaze meets yours.,game/tl/portuguese/scene/headhome.rpy,508,[what]
headhome_6753d20e,,It is ice cold and deeply unsettling. Her eyes convey no hint of warmth or kindness.,game/tl/portuguese/scene/headhome.rpy,509,[what]
headhome_accf9ab0,m,Did it just talk to me?,game/tl/portuguese/scene/headhome.rpy,531,"m angry ""[what]"""
headhome_574b3dcf,m,"You agreed to have just one pet at a time, remember?",game/tl/portuguese/scene/headhome.rpy,610,"m ""[what]"""
headhome_ce308fc7,c,A servant?,game/tl/portuguese/scene/headhome.rpy,632,"c suspicious nude ""[what]"""
headhome_64af074d,m,"You do not play with a servant, give it affection as you might with a pet.",game/tl/portuguese/scene/headhome.rpy,635,"m friendly ""[what]"""
headhome_79f4ba59,m,Servants see to your needs without question and without complaint.,game/tl/portuguese/scene/headhome.rpy,636,"m ""[what]"""
headhome_2899bdb8,h,"He will have a lot to learn, that's true.",game/tl/portuguese/scene/headhome.rpy,637,"h evil ""[what]"""
headhome_992da02f,h,"He's one of the most pathetic students at my school, but I am confident he can learn obedience if he learns nothing else.",game/tl/portuguese/scene/headhome.rpy,639,"h ""[what]"""
headhome_ba42155b,,Pathetic? You grades last year weren't great but they hardly qualify as pathetic.,game/tl/portuguese/scene/headhome.rpy,640,[what]
headhome_c7a6a355,,This year is only starting off poorly because you missed an important assignment.,game/tl/portuguese/scene/headhome.rpy,641,[what]
headhome_407f21b5,,Aren't they judging you a bit too harshly here?,game/tl/portuguese/scene/headhome.rpy,642,[what]
headhome_107179dc,h,I think this particular student has a lot potential.,game/tl/portuguese/scene/headhome.rpy,644,"h friendly ""[what]"""
headhome_0a97447f,h,"He is like a raw diamond, just needs some fine touches.",game/tl/portuguese/scene/headhome.rpy,645,"h ""[what]"""
headhome_ee77786c,,You blush slightly by the headmaster's compliment.,game/tl/portuguese/scene/headhome.rpy,646,[what]
headhome_2a5cbe0a,h,We can teach him obedience.,game/tl/portuguese/scene/headhome.rpy,647,"h ""[what]"""
headhome_1ff33f29,m,You will serve us faithfully.,game/tl/portuguese/scene/headhome.rpy,650,"m neutral ""[what]"""
headhome_b36995fa,,Or we will arrange for you to leave school in such disgrace that you'll be pitied even by homeless drug addicts!,game/tl/portuguese/scene/headhome.rpy,651,[what]
headhome_9a9da570,,"Another roleplay, hugh?",game/tl/portuguese/scene/headhome.rpy,690,[what]
headhome_bd86e178,,Looks like Ned is not the only one who is into this stuff.,game/tl/portuguese/scene/headhome.rpy,691,[what]
headhome_77f9e7db,,You decide it is best to play along their sick mind-games.,game/tl/portuguese/scene/headhome.rpy,695,[what]
headhome_285d9956,,At least until you can find a better solution.,game/tl/portuguese/scene/headhome.rpy,696,[what]
headhome_77654017,,Not in your wildest dreams you would have imagined something like this.,game/tl/portuguese/scene/headhome.rpy,699,[what]
headhome_86c5771e,,"Even though you are not really interested in women in general, this situation is something ... special.",game/tl/portuguese/scene/headhome.rpy,700,[what]
headhome_0cb8acd6,,"This is weird, yes.",game/tl/portuguese/scene/headhome.rpy,701,[what]
headhome_990156a7,,But in a good way.,game/tl/portuguese/scene/headhome.rpy,702,[what]
headhome_cec67345,m,"And its manners are increasing, too.",game/tl/portuguese/scene/headhome.rpy,706,"m friendly ""[what]"""
headhome_4f722b39,m,Maybe there is hope for it after all.,game/tl/portuguese/scene/headhome.rpy,707,"m ""[what]"""
headhome_2ac28052,,That sounds interesting!,game/tl/portuguese/scene/headhome.rpy,749,[what]
headhome_bbe5f4c8,,You approach him slowly. He is looking at you.,game/tl/portuguese/scene/headhome.rpy,760,[what]
headhome_2bfaf3a7,,"His eyes look sad, almost dead inside. Just another victim.",game/tl/portuguese/scene/headhome.rpy,761,[what]
headhome_8001b699,h,So what? You think it was a coincidence?,game/tl/portuguese/scene/headhome.rpy,799,"h neutral ""[what]"""
headhome_936a7543,h,I had you assigned to that room when I realized you were the only student in the whole school who didn't complete the essay.,game/tl/portuguese/scene/headhome.rpy,800,"h ""[what]"""
headhome_1e49e936,,"You look down at the puppy, but it won't meet your eyes.",game/tl/portuguese/scene/headhome.rpy,807,[what]
headhome_03e53579,,"Between the mask and the doggy muzzle, you are unable to read its emotions or see its expression.",game/tl/portuguese/scene/headhome.rpy,808,[what]
headhome_6ecababb,,Julian does not say anything when you touch him.,game/tl/portuguese/scene/headhome.rpy,822,[what]
headhome_369a7237,,But somehow the gentle touch is comforting - for both of you.,game/tl/portuguese/scene/headhome.rpy,823,[what]
meetron_12fe57c8,,You shrug.,game/tl/portuguese/scene/meetron.rpy,639,[what]
meetron_a7308708,c,Do whatever you want to do with it.,game/tl/portuguese/scene/meetron.rpy,640,"c neutral ""[what]"""
meetron_f723d189,r,Sure. Sorry I bothered you with that.,game/tl/portuguese/scene/meetron.rpy,641,"r sad ""[what]"""
meetron_394f92e8,r,[RelVal],game/tl/portuguese/scene/meetron.rpy,643,"r sad nude ""[what]"""
meetron_35ab409c,r,Would you help me to put it on again?,game/tl/portuguese/scene/meetron.rpy,645,"r friendly nude ""[what]"""
H_Milking_b9e842ac,,"A dim, yellow light illuminated the cold, damp basement as Julian and Connor followed the headmaster down a narrow flight of stairs.",game/tl/portuguese/scene/News/H_Milking.rpy,5,[what]
H_Milking_c255ffda,,The air was heavy with the scent of mildew and an unsettling silence.,game/tl/portuguese/scene/News/H_Milking.rpy,6,[what]
H_Milking_a928b7a5,h,Right this way.,game/tl/portuguese/scene/News/H_Milking.rpy,8,"h ""[what]"""
H_Milking_12dbdb3b,,"Said the headmaster, his voice echoing off the concrete walls.",game/tl/portuguese/scene/News/H_Milking.rpy,9,[what]
H_Milking_6cbcd506,,"He led them to a locked room, labeled ""maintenance"" in faded black letters.",game/tl/portuguese/scene/News/H_Milking.rpy,10,[what]
H_Milking_7f43c467,,"As he fiddled with the rusty keys, Connor's stomach churned with unease.",game/tl/portuguese/scene/News/H_Milking.rpy,11,[what]
H_Milking_177f4542,h,Here we are!,game/tl/portuguese/scene/News/H_Milking.rpy,13,"h happy ""[what]"""
H_Milking_9654376d,,"The headmaster announced, swinging the door open to reveal a bizarre scene.",game/tl/portuguese/scene/News/H_Milking.rpy,14,[what]
H_Milking_7e9e15b1,,"A metal framework stood in the center of the room, surrounded by industrial pumps, pipes, and tubes that snaked along the floor and walls.",game/tl/portuguese/scene/News/H_Milking.rpy,17,[what]
H_Milking_c84ef0df,c,What is all this?,game/tl/portuguese/scene/News/H_Milking.rpy,23,"c shy ""[what]"""
H_Milking_57b08b07,,"You stammered, unable to hide your shock.",game/tl/portuguese/scene/News/H_Milking.rpy,24,[what]
H_Milking_ee3f026f,,The headmaster grinned.,game/tl/portuguese/scene/News/H_Milking.rpy,26,[what]
H_Milking_5f246a74,h,There's a market for student's semen!,game/tl/portuguese/scene/News/H_Milking.rpy,27,"h evil ""[what]"""
H_Milking_c2f3e88a,,He explained nonchalantly.,game/tl/portuguese/scene/News/H_Milking.rpy,28,[what]
H_Milking_1c6b6ee8,h,We've found a way to make some extra money for the university.,game/tl/portuguese/scene/News/H_Milking.rpy,29,"h ""[what]"""
H_Milking_ebf39323,,Julian didn't seem surprised.,game/tl/portuguese/scene/News/H_Milking.rpy,31,[what]
H_Milking_ec087346,,"His eyes, however, held a haunted look as he began to undress.",game/tl/portuguese/scene/News/H_Milking.rpy,32,[what]
H_Milking_5b3231f4,h,"Come now, you know the drill!",game/tl/portuguese/scene/News/H_Milking.rpy,34,"h tough ""[what]"""
H_Milking_f9b893a6,,The headmaster urged him while he began to strip himself.,game/tl/portuguese/scene/News/H_Milking.rpy,35,[what]
H_Milking_dc653526,,You watched as Julian stripped and obediently approached the metal frame.,game/tl/portuguese/scene/News/H_Milking.rpy,37,[what]
H_Milking_294da482,,After a short hesitation you begin to undress yourself.,game/tl/portuguese/scene/News/H_Milking.rpy,38,[what]
H_Milking_f452d254,,"The headmaster fastened straps around his wrists and ankles, securing him to the contraption.",game/tl/portuguese/scene/News/H_Milking.rpy,39,[what]
H_Milking_f226185d,,"As Julian glanced at you, his expression was unreadable.",game/tl/portuguese/scene/News/H_Milking.rpy,40,[what]
H_Milking_cefa2ca6,h,Give me the pump attachment!,game/tl/portuguese/scene/News/H_Milking.rpy,42,"h smile ""[what]"""
H_Milking_1053b8ce,,He ordered you.,game/tl/portuguese/scene/News/H_Milking.rpy,43,[what]
H_Milking_c6cafbe6,,He pointed at a strange pumping device with a hose attached to an industrial looking pump.,game/tl/portuguese/scene/News/H_Milking.rpy,45,[what]
H_Milking_0d63e137,,Is this… is this really necessary?,game/tl/portuguese/scene/News/H_Milking.rpy,50,[what]
H_Milking_ccf3d308,,"You whispered, while handing over the attachement.",game/tl/portuguese/scene/News/H_Milking.rpy,52,[what]
H_Milking_b3f0e0f2,h,Silence!,game/tl/portuguese/scene/News/H_Milking.rpy,54,"h angry ""[what]"""
H_Milking_73a81333,,"He then picked up a strange pumping device and locked it onto Julian's penis. To Connor, the apparatus looked like something out of a twisted nightmare.",game/tl/portuguese/scene/News/H_Milking.rpy,55,[what]
H_Milking_bfc76e12,,"Are you ready, Julian?",game/tl/portuguese/scene/News/H_Milking.rpy,57,[what]
H_Milking_ee9ec5b7,,"Asked the headmaster, his tone almost mocking.",game/tl/portuguese/scene/News/H_Milking.rpy,58,[what]
H_Milking_e88e490d,,"Julian nodded, his jaw clenched.",game/tl/portuguese/scene/News/H_Milking.rpy,60,[what]
H_Milking_b504ffad,,"Despite his apparent willingness, you could sense his fear and vulnerability.",game/tl/portuguese/scene/News/H_Milking.rpy,61,[what]
H_Milking_1a3a3bae,h,"Remember, this is all for the good of the school!",game/tl/portuguese/scene/News/H_Milking.rpy,63,"h friendly ""[what]"""
H_Milking_6c7db845,,The headmaster reminded them with a wicked smile.,game/tl/portuguese/scene/News/H_Milking.rpy,64,[what]
H_Milking_ff934053,,"With a flick of a switch, the pump roared to life.",game/tl/portuguese/scene/News/H_Milking.rpy,66,[what]
H_Milking_c0929fec,,"Connor's gaze was transfixed on Julian as his body tensed up, his knuckles turning white from gripping the metal frame.",game/tl/portuguese/scene/News/H_Milking.rpy,71,[what]
H_Milking_068dc66f,,He couldn't look away as Julian's face contorted with a mix of pleasure and pain.,game/tl/portuguese/scene/News/H_Milking.rpy,72,[what]
H_Milking_13f8946e,j,Ah... shit!,game/tl/portuguese/scene/News/H_Milking.rpy,74,"j pain ""[what]"""
H_Milking_264a182c,,"Julian moaned, beads of sweat forming on his forehead.",game/tl/portuguese/scene/News/H_Milking.rpy,75,[what]
H_Milking_aa8e2e4c,h,"Interesting, isn't it?",game/tl/portuguese/scene/News/H_Milking.rpy,77,"h friendly ""[what]"""
H_Milking_e13db2e4,,"The headmaster smirked, watching the scene unfold with perverse interest.",game/tl/portuguese/scene/News/H_Milking.rpy,78,[what]
H_Milking_1f188e0c,,You felt a strange mixture of repulsion and fascination.,game/tl/portuguese/scene/News/H_Milking.rpy,80,[what]
H_Milking_502aea3c,c,How... how does that feel?,game/tl/portuguese/scene/News/H_Milking.rpy,81,"c suspicious ""[what]"""
H_Milking_c8ba53e2,j,Like... nothing you've ever felt before!,game/tl/portuguese/scene/News/H_Milking.rpy,83,"j desire ""[what]"""
H_Milking_e3c7300e,,"Julian managed between ragged breaths, each gasp echoing through the room.",game/tl/portuguese/scene/News/H_Milking.rpy,84,[what]
H_Milking_50f56274,,"Minutes passed like hours, and just when you thought he couldn't take it any longer, you saw Julian's eyes widen and his body shudder.",game/tl/portuguese/scene/News/H_Milking.rpy,86,[what]
H_Milking_fa5d3607,,"The fluid was collected in the machine, its hum drowning out the sound of Julian's heavy breathing.",game/tl/portuguese/scene/News/H_Milking.rpy,87,[what]
H_Milking_e5c2c254,h,"Very good, Julian!",game/tl/portuguese/scene/News/H_Milking.rpy,89,"h happy ""[what]"""
H_Milking_fcf8ed3b,,"The headmaster praised, eyeing the filled container with satisfaction.",game/tl/portuguese/scene/News/H_Milking.rpy,90,[what]
H_Milking_79f90130,,He then turned his attention to you.,game/tl/portuguese/scene/News/H_Milking.rpy,91,[what]
H_Milking_fd3574ce,h,"Now, your turn.",game/tl/portuguese/scene/News/H_Milking.rpy,92,"h evil ""[what]"""
H_Milking_818ec5b6,c,Me?,game/tl/portuguese/scene/News/H_Milking.rpy,94,"c surprised ""[what]"""
H_Milking_356f8655,,"Your voice wavered, your heart pounding in your chest.",game/tl/portuguese/scene/News/H_Milking.rpy,95,[what]
H_Milking_d7c60e7f,h,Of course!,game/tl/portuguese/scene/News/H_Milking.rpy,97,"h tough ""[what]"""
H_Milking_a0eb11af,,The headmaster replied smoothly.,game/tl/portuguese/scene/News/H_Milking.rpy,98,[what]
H_Milking_916ca354,h,You need to help Julian here.,game/tl/portuguese/scene/News/H_Milking.rpy,99,"h friendly ""[what]"""
H_Milking_fa8834b9,h,"Stimulate him, so he can give us another round.",game/tl/portuguese/scene/News/H_Milking.rpy,100,"h desire ""[what]"""
H_Milking_ad4ba38a,c,What? I can't do that!,game/tl/portuguese/scene/News/H_Milking.rpy,102,"c sad ""[what]"""
H_Milking_2da3a8d6,,"You stammered, feeling a blush creep up your cheeks.",game/tl/portuguese/scene/News/H_Milking.rpy,103,[what]
H_Milking_f74aa8e9,h,Think of it as a... team-building exercise.,game/tl/portuguese/scene/News/H_Milking.rpy,105,"h evil ""[what]"""
H_Milking_cdad8af9,,The headmaster grinned wickedly.,game/tl/portuguese/scene/News/H_Milking.rpy,106,[what]
H_Milking_1823b967,h,"Besides, we could use the extra product.",game/tl/portuguese/scene/News/H_Milking.rpy,107,"h evil ""[what]"""
H_Milking_9322b2f0,h,And I'm sure Julian here wouldn't mind the assistance.,game/tl/portuguese/scene/News/H_Milking.rpy,108,"h happy ""[what]"""
H_Milking_76d9a27d,,"Reluctantly, you approached Julian, you tried to block out the headmaster's leering presence.",game/tl/portuguese/scene/News/H_Milking.rpy,110,[what]
H_Milking_3ce3681f,c,"Hey, Julian.",game/tl/portuguese/scene/News/H_Milking.rpy,112,"c sad ""[what]"""
H_Milking_effbccff,,"You whispered, not sure what to say or do.",game/tl/portuguese/scene/News/H_Milking.rpy,113,[what]
H_Milking_1167fb34,c,"I'm... here to help, I guess?",game/tl/portuguese/scene/News/H_Milking.rpy,114,"c suspicious ""[what]"""
H_Milking_2c8efb2c,j,Thanks.,game/tl/portuguese/scene/News/H_Milking.rpy,117,"j sad ""[what]"""
H_Milking_9ca59b4e,,"Julian managed, his voice weak but appreciative.",game/tl/portuguese/scene/News/H_Milking.rpy,118,[what]
H_Milking_3a435cb1,j,Shut up!,game/tl/portuguese/scene/News/H_Milking.rpy,121,"j angry ""[what]"""
H_Milking_a78c2b9e,,"Julian managed, his voice weak but full of anger.",game/tl/portuguese/scene/News/H_Milking.rpy,122,[what]
H_Milking_55c42ad9,,You took a deep breath and reached out.,game/tl/portuguese/scene/News/H_Milking.rpy,127,[what]
H_Milking_cd0e485a,,"As you touched your trembling hands to Julian's skin, you hoped that somehow, you'd both find a way to survive this twisted ordeal together.",game/tl/portuguese/scene/News/H_Milking.rpy,128,[what]
H_Milking_fdaefce3,,Alright.,game/tl/portuguese/scene/News/H_Milking.rpy,130,[what]
H_Milking_0ade940b,,"You whispered, forcing yourself to focus on Julian's needs.",game/tl/portuguese/scene/News/H_Milking.rpy,131,[what]
H_Milking_230f6cae,,"You leaned in, watching Julian's chest rise and fall with shallow breaths.",game/tl/portuguese/scene/News/H_Milking.rpy,132,[what]
H_Milking_9c2a462c,,"Your tongue traced a delicate path over one nipple, causing Julian to gasp at the unexpected sensation.",game/tl/portuguese/scene/News/H_Milking.rpy,133,[what]
H_Milking_e2e5ac86,j,[name]...,game/tl/portuguese/scene/News/H_Milking.rpy,135,"j surprised ""[what]"""
H_Milking_76679a1c,,"Julian breathed, his eyes fluttering open in surprise.",game/tl/portuguese/scene/News/H_Milking.rpy,136,[what]
H_Milking_c300fcfd,c,Shh.,game/tl/portuguese/scene/News/H_Milking.rpy,138,"c desire ""[what]"""
H_Milking_bdb0f520,,"You murmured, repeating the action on the other side, this time gently sucking the sensitive nub between his lips.",game/tl/portuguese/scene/News/H_Milking.rpy,139,[what]
H_Milking_7a88aa03,j,"God, [name]!",game/tl/portuguese/scene/News/H_Milking.rpy,141,"j happy ""[what]"""
H_Milking_b4c87ba3,,"Julian moaned, shuddering as you continued your ministrations.",game/tl/portuguese/scene/News/H_Milking.rpy,142,[what]
H_Milking_f4f19dd1,,"The intimacy they shared, despite the circumstances, ignited a fire in both of you.",game/tl/portuguese/scene/News/H_Milking.rpy,143,[what]
H_Milking_89de11d1,c,Trust me.,game/tl/portuguese/scene/News/H_Milking.rpy,145,"c friendly ""[what]"""
H_Milking_c1159076,,"You muttered, moving to Julian's armpit.",game/tl/portuguese/scene/News/H_Milking.rpy,146,[what]
H_Milking_ac44abb1,,"You hesitated for a moment before licking the saltiness from the smooth skin, the taste of sweat mixing with their desperation.",game/tl/portuguese/scene/News/H_Milking.rpy,147,[what]
H_Milking_6f5421ac,j,"Ah, fuck!",game/tl/portuguese/scene/News/H_Milking.rpy,152,"j angry ""[what]"""
H_Milking_d103730b,,"Julian cried out, tremors running through his body.",game/tl/portuguese/scene/News/H_Milking.rpy,153,[what]
H_Milking_934885e8,,"The raw vulnerability of the act caught him off guard, overwhelming him with pleasure.",game/tl/portuguese/scene/News/H_Milking.rpy,154,[what]
H_Milking_e2d37bbf,,"You could only watch as Julian came again, your pride mingling with a sense of guilt.",game/tl/portuguese/scene/News/H_Milking.rpy,155,[what]
H_Milking_7378e174,c,Again?,game/tl/portuguese/scene/News/H_Milking.rpy,157,"c evil ""[what]"""
H_Milking_5e04d6c8,,"You asked softly, looking into Julian's eyes, searching for reassurance.",game/tl/portuguese/scene/News/H_Milking.rpy,158,[what]
H_Milking_b5a64def,j,Please...,game/tl/portuguese/scene/News/H_Milking.rpy,160,"j sad ""[what]"""
H_Milking_77867906,,"Julian whispered, shaking his head weakly as he braced himself for more stimulation.",game/tl/portuguese/scene/News/H_Milking.rpy,161,[what]
H_Milking_919e97b3,,You take a quick look at the headmaster.,game/tl/portuguese/scene/News/H_Milking.rpy,162,[what]
H_Milking_2e02d832,,"He is jerking himself, at it looks like he is about to cum himself again.",game/tl/portuguese/scene/News/H_Milking.rpy,163,[what]
H_Milking_2ee49ece,h,What are you waiting for?,game/tl/portuguese/scene/News/H_Milking.rpy,164,"h angry ""[what]"""
H_Milking_a9ac0170,,"You took a deep breath and moved lower, your tongue teasing the skin just above Julian's balls.",game/tl/portuguese/scene/News/H_Milking.rpy,166,[what]
H_Milking_ab6bd172,,[name]...I can't—,game/tl/portuguese/scene/News/H_Milking.rpy,171,[what]
H_Milking_87cee2a1,,"Julian stammered, but you persisted, ensuring that every touch was dedicated to Julian's pleasure.",game/tl/portuguese/scene/News/H_Milking.rpy,172,[what]
H_Milking_47b7202a,,"And, despite his protests, Julian's body betrayed him, arching with each climax.",game/tl/portuguese/scene/News/H_Milking.rpy,173,[what]
H_Milking_80a3b8fb,j,Enough!,game/tl/portuguese/scene/News/H_Milking.rpy,175,"j sad ""[what]"""
H_Milking_e4870f42,,"Julian finally choked out, tears streaming down his face.",game/tl/portuguese/scene/News/H_Milking.rpy,176,[what]
H_Milking_ebb75282,j,I can't... I can't cum again.,game/tl/portuguese/scene/News/H_Milking.rpy,177,"j pain ""[what]"""
H_Milking_000a8712,c,"Julian, I—",game/tl/portuguese/scene/News/H_Milking.rpy,179,"c sad ""[what]"""
H_Milking_ed3bae72,,"You began, but the headmaster's voice interrupted them.",game/tl/portuguese/scene/News/H_Milking.rpy,180,[what]
H_Milking_709497fd,h,"Finish it off, [name]!",game/tl/portuguese/scene/News/H_Milking.rpy,182,"h angry ""[what]"""
H_Milking_2c1926ee,,"He commanded, the menacing tone leaving no room for argument.",game/tl/portuguese/scene/News/H_Milking.rpy,183,[what]
H_Milking_2a2b9c08,j,"Please,",game/tl/portuguese/scene/News/H_Milking.rpy,185,"j pain ""[what]"""
H_Milking_54d2b542,,"Julian begged, his voice broken.",game/tl/portuguese/scene/News/H_Milking.rpy,186,[what]
H_Milking_f7e2f067,j,No more. Just... do it.,game/tl/portuguese/scene/News/H_Milking.rpy,187,"j ""[what]"""
H_Milking_fd85035a,c,"Okay, okay!",game/tl/portuguese/scene/News/H_Milking.rpy,189,"c sad ""[what]"""
H_Milking_0d2f1e09,,"You whispered, your own arousal now a painful necessity.",game/tl/portuguese/scene/News/H_Milking.rpy,190,[what]
H_Milking_38178c00,,"You positioned himself, entering Julian with a quick thrust.",game/tl/portuguese/scene/News/H_Milking.rpy,191,[what]
H_Milking_3a0b5d06,,"Julian's body tensed, the sensation of being filled by Connor both familiar and alien in this unnatural setting.",game/tl/portuguese/scene/News/H_Milking.rpy,195,[what]
H_Milking_683210ee,j,[name]...,game/tl/portuguese/scene/News/H_Milking.rpy,197,"j sad ""[what]"""
H_Milking_e04b641c,,"Julian gasped, clinging to the sound of his roommate's name as a lifeline.",game/tl/portuguese/scene/News/H_Milking.rpy,198,[what]
H_Milking_29142598,,Julian's agony just makes you even more horny!,game/tl/portuguese/scene/News/H_Milking.rpy,200,[what]
H_Milking_3043e90e,c,You just get what you deserve!,game/tl/portuguese/scene/News/H_Milking.rpy,201,"c evil ""[what]"""
H_Milking_ccc66ae9,,"You can feel Julian's desperation, and you feel sorry for him.",game/tl/portuguese/scene/News/H_Milking.rpy,203,[what]
H_Milking_20bf62f8,,But there is nothing you can do about it other than to try to make it as enjoyable for him as possible in this situation.,game/tl/portuguese/scene/News/H_Milking.rpy,204,[what]
H_Milking_4f46963f,c,"Julian, I'm sorry.",game/tl/portuguese/scene/News/H_Milking.rpy,206,"c sad ""[what]"""
H_Milking_46cc9b10,,"You murmured, moving with urgency, driven by the need to finish what had been forced upon you.",game/tl/portuguese/scene/News/H_Milking.rpy,207,[what]
H_Milking_647d95e5,,"The headmaster now also comes nearer, about to shoot his load once more at Julian.",game/tl/portuguese/scene/News/H_Milking.rpy,209,[what]
H_Milking_93454743,,"Your eyes met, raw pain and desire intermingling as you pushed both of you over the edge one final time.",game/tl/portuguese/scene/News/H_Milking.rpy,210,[what]
H_Milking_34b49ff9,,The pump whirls again as Julian's sperm got absorbed again.,game/tl/portuguese/scene/News/H_Milking.rpy,215,[what]
H_Milking_a64a37a6,j,Let me go!,game/tl/portuguese/scene/News/H_Milking.rpy,217,"j pain ""[what]"""
H_Milking_e18f2a3b,,"Julian sobbed, his body spent and drained.",game/tl/portuguese/scene/News/H_Milking.rpy,218,[what]
H_Milking_6b5765ae,j,"Please, no more!",game/tl/portuguese/scene/News/H_Milking.rpy,219,"j ""[what]"""
H_Milking_80775a54,h,"Alright, boys!",game/tl/portuguese/scene/News/H_Milking.rpy,221,"h happy ""[what]"""
H_Milking_bb51706f,,"The headmaster sneered, unlocking the device.",game/tl/portuguese/scene/News/H_Milking.rpy,222,[what]
H_Milking_b26a1672,h,You've done well. Now clean yourselves up and return to your classes.,game/tl/portuguese/scene/News/H_Milking.rpy,223,"h ""[what]"""
News_HeadHome_End_ef633740,r,Let's get inside.,game/tl/portuguese/scene/News/news_heaadhome_dorm.rpy,5,"r tough ""[what]"""
News_HeadHome_End_e11c0693,,"Ron urged, pulling the maiden-dress tight around him as they hurried toward the dormitory entrance.",game/tl/portuguese/scene/News/news_heaadhome_dorm.rpy,6,[what]
News_HeadHome_End_d28dfb81,,"The door clicked shut behind them, and they paused for a moment in the dimly lit hallway, their breaths coming in rapid gasps.",game/tl/portuguese/scene/News/news_heaadhome_dorm.rpy,7,[what]
News_HeadHome_End_2cb61188,c,Alright. Let's just get to our room and change.,game/tl/portuguese/scene/News/news_heaadhome_dorm.rpy,9,"c neutral ""[what]"""
News_HeadHome_End_39e956d2,,"As you approached your dorm room, their steps became slower, more hesitant.",game/tl/portuguese/scene/News/news_heaadhome_dorm.rpy,11,[what]
News_HeadHome_End_654ccebc,,"Ron fumbled with the doorknob, his hands slick with sweat, and finally pushed the door open.",game/tl/portuguese/scene/News/news_heaadhome_dorm.rpy,12,[what]
News_HeadHome_End_c351100f,r,"Hey, Julian?",game/tl/portuguese/scene/News/news_heaadhome_dorm.rpy,20,"r neutral ""[what]"""
News_HeadHome_End_9b7d9577,,"Ron mumbled, his head bowed as he stepped inside, you following close behind.",game/tl/portuguese/scene/News/news_heaadhome_dorm.rpy,21,[what]
News_HeadHome_End_ca3a29ba,,"They dared not look up, praying that Julian wouldn't make a scene or demand an explanation.",game/tl/portuguese/scene/News/news_heaadhome_dorm.rpy,22,[what]
News_HeadHome_End_83d74f85,j,"Nice dress, Ron!",game/tl/portuguese/scene/News/news_heaadhome_dorm.rpy,24,"j happy ""[what]"""
News_HeadHome_End_62e5dc74,,"Ron sighed inwardly, knowing that this was only the beginning of a long night filled with explanations, laughter, and relentless teasing.",game/tl/portuguese/scene/News/news_heaadhome_dorm.rpy,25,[what]
News_Headhome_Bus_78eb1562,,"With each step, the laughter and whispers of onlookers seemed to grow louder, making Ron and Connor's wait at the bus stop almost unbearable.",game/tl/portuguese/scene/News/news_headhome_bus.rpy,8,[what]
News_Headhome_Bus_a512edb3,,"Huddled together under the dim streetlight, they did their best to avoid eye contact with strangers, as if somehow that would make them invisible.",game/tl/portuguese/scene/News/news_headhome_bus.rpy,9,[what]
News_Headhome_Bus_ec5c196f,r,Can't believe this is happening!,game/tl/portuguese/scene/News/news_headhome_bus.rpy,11,"r angry ""[what]"""
News_Headhome_Bus_caa6dd8e,,"Ron muttered, fidgeting with the hem of the maiden-dress as he stared down at his feet.",game/tl/portuguese/scene/News/news_headhome_bus.rpy,12,[what]
News_Headhome_Bus_6cd5565b,c,"Well, it was pretty intense until the mistress showed up.",game/tl/portuguese/scene/News/news_headhome_bus.rpy,15,"c flirt ""[what]"""
News_Headhome_Bus_8fcdeed0,r,And also hot!,game/tl/portuguese/scene/News/news_headhome_bus.rpy,17,"r flirt ""[what]"""
News_Headhome_Bus_043ef9ae,c,I am glad you enjoyed it.,game/tl/portuguese/scene/News/news_headhome_bus.rpy,18,"c friendly ""[what]"""
News_Headhome_Bus_42f053c0,c,I wasn't so sure you would.,game/tl/portuguese/scene/News/news_headhome_bus.rpy,19,"c suspicious ""[what]"""
News_Headhome_Bus_971dae45,r,Don't worry about me!,game/tl/portuguese/scene/News/news_headhome_bus.rpy,20,"r happy ""[what]"""
News_Headhome_Bus_cbad4954,r,I would like to skip this part though.,game/tl/portuguese/scene/News/news_headhome_bus.rpy,21,"r sad ""[what]"""
News_Headhome_Bus_8fc64fac,c,Me too!,game/tl/portuguese/scene/News/news_headhome_bus.rpy,22,"c sad ""[what]"""
News_Headhome_Bus_5337a1bd,,"You take a deep breath, and become aware of your surrounding again.",game/tl/portuguese/scene/News/news_headhome_bus.rpy,23,[what]
News_Headhome_Bus_e0224be1,c,Me too.,game/tl/portuguese/scene/News/news_headhome_bus.rpy,24,"c ""[what]"""
News_Headhome_Bus_6b9642fb,r,All because of the headmaster's twisted game.,game/tl/portuguese/scene/News/news_headhome_bus.rpy,27,"r angry ""[what]"""
News_Headhome_Bus_edb5c6fe,,You clenched your fists and kept your gaze locked onto the pavement.,game/tl/portuguese/scene/News/news_headhome_bus.rpy,29,[what]
News_Headhome_Bus_87259b92,c,I know. But we can't let him win. We have to stay strong.,game/tl/portuguese/scene/News/news_headhome_bus.rpy,30,"c angry ""[what]"""
News_Headhome_Bus_0c9fa23c,,"For a moment, you both fell silent, lost in your own thoughts.",game/tl/portuguese/scene/News/news_headhome_bus.rpy,32,[what]
News_Headhome_Bus_7f8f28ae,,"You could feel the weight of the stares, the humiliation settling deep within your bones.",game/tl/portuguese/scene/News/news_headhome_bus.rpy,33,[what]
News_Headhome_Bus_34058fdf,,"And yet, there was an odd comfort in knowing you weren't alone in your suffering.",game/tl/portuguese/scene/News/news_headhome_bus.rpy,34,[what]
News_Headhome_Bus_1728d35c,r,Bus is coming!,game/tl/portuguese/scene/News/news_headhome_bus.rpy,36,"r neutral ""[what]"""
News_Headhome_Bus_d4d63e07,,"As the bus pulled up to the stop, the doors opened with a hiss, revealing a handful of passengers already inside.",game/tl/portuguese/scene/News/news_headhome_bus.rpy,38,[what]
News_Headhome_Bus_54328808,,"You and Ron shared a brief, nervous glance before stepping aboard, their heads bowed low to avoid drawing any more attention than necessary.",game/tl/portuguese/scene/News/news_headhome_bus.rpy,39,[what]
News_Headhome_Bus_063871f3,bus,Nice outfits!,game/tl/portuguese/scene/News/news_headhome_bus.rpy,44,"bus ""[what]"""
News_Headhome_Bus_cd7c750b,,"The bus driver smirked, his eyes flicking between them as they handed over their fare.",game/tl/portuguese/scene/News/news_headhome_bus.rpy,45,[what]
News_Headhome_Bus_0af11d13,,"Ron forced a tight-lipped smile, while you merely nodded, eager to find your seats and disappear from view.",game/tl/portuguese/scene/News/news_headhome_bus.rpy,46,[what]
News_Headhome_Bus_b35a73f7,,"You shuffled down the aisle, feeling the curious gazes of the other passengers boring into your backs.",game/tl/portuguese/scene/News/news_headhome_bus.rpy,48,[what]
News_Headhome_Bus_9bcc9e77,,"Every step felt like a mile, their embarrassment only growing as you searched for empty seats.",game/tl/portuguese/scene/News/news_headhome_bus.rpy,49,[what]
News_Headhome_Bus_6716070c,r,Here.,game/tl/portuguese/scene/News/news_headhome_bus.rpy,51,"r ""[what]"""
News_Headhome_Bus_dff8a6ff,,"Ron whispered, gesturing toward a pair of vacant spots near the back of the bus.",game/tl/portuguese/scene/News/news_headhome_bus.rpy,52,[what]
News_Headhome_Bus_374bf940,,"They slid into their seats, Ron pulling the maiden-dress close to his body.",game/tl/portuguese/scene/News/news_headhome_bus.rpy,53,[what]
News_Headhome_Bus_518a3683,,"A stranger next to you took out his dick and started stroking it, while fixating you.",game/tl/portuguese/scene/News/news_headhome_bus.rpy,57,[what]
News_Headhome_Bus_093d7773,,You avoided eye contact and pretended not to notice it.,game/tl/portuguese/scene/News/news_headhome_bus.rpy,58,[what]
News_Headhome_Bus_5c821a3c,,Ron has also noticed it.,game/tl/portuguese/scene/News/news_headhome_bus.rpy,62,[what]
News_Headhome_Bus_79ccfec1,r,Can't wait to get out of this!,game/tl/portuguese/scene/News/news_headhome_bus.rpy,63,"r sad ""[what]"""
News_Headhome_Bus_04d9b71d,,"You nodded in agreement, your eyes fixated on the window, watching the world go by as they both longed for the safety and privacy of your dorm room.",game/tl/portuguese/scene/News/news_headhome_bus.rpy,64,[what]
News_Headhome_Bus_1e5ee608,,"The bus rumbled down the road, its vibrations reverberating through Ron's bones as he stared blankly at the floor.",game/tl/portuguese/scene/News/news_headhome_bus.rpy,68,[what]
News_Headhome_Bus_afa2462e,,"The shuffling of feet and rustling of clothing filled the air, punctuated by the wheezing of the engine.",game/tl/portuguese/scene/News/news_headhome_bus.rpy,69,[what]
News_Headhome_Bus_70204264,,"Ron fidgeted beside him, tugging at his maiden skirt and adjusting the collar.",game/tl/portuguese/scene/News/news_headhome_bus.rpy,70,[what]
News_Headhome_Bus_00005e7e,c,Feels like we're wearing targets.,game/tl/portuguese/scene/News/news_headhome_bus.rpy,72,"c suspicious ""[what]"""
News_Headhome_Bus_39ed9f01,,"Ron nodded, his fingers digging into the folds of the maiden-dress in the futile attempt to cover a little more of his exposed skin.",game/tl/portuguese/scene/News/news_headhome_bus.rpy,73,[what]
News_Headhome_Bus_36fed355,woman,Look!,game/tl/portuguese/scene/News/news_headhome_bus.rpy,75,"woman ""[what]"""
News_Headhome_Bus_bb534b0b,,"A woman across the aisle hissed to her friend, not even attempting to keep her voice down.",game/tl/portuguese/scene/News/news_headhome_bus.rpy,76,[what]
News_Headhome_Bus_5d3ccda4,woman,Must've been some kind of costume party.,game/tl/portuguese/scene/News/news_headhome_bus.rpy,77,"woman ""[what]"""
News_Headhome_Bus_87419133,man,Or a bet gone wrong.,game/tl/portuguese/scene/News/news_headhome_bus.rpy,79,"man ""[what]"""
News_Headhome_Bus_d67ca494,,"Her companion snickered. Ron clenched his jaw, his cheeks burning with shame.",game/tl/portuguese/scene/News/news_headhome_bus.rpy,80,[what]
News_Headhome_Bus_c7c55de0,c,Best just to ignore them!,game/tl/portuguese/scene/News/news_headhome_bus.rpy,82,"c tough ""[what]"""
News_Headhome_Bus_8ee027e4,,"Ron knew you were right, but it was hard to focus on anything other than the weight of their gazes and the humiliation that followed them like a shadow.",game/tl/portuguese/scene/News/news_headhome_bus.rpy,83,[what]
News_Headhome_Bus_c3ebcfe4,r,Almost home.,game/tl/portuguese/scene/News/news_headhome_bus.rpy,85,"r neutral ""[what]"""
News_Headhome_Bus_6408316e,,"Ron murmured, stealing a glance out the window as their dormitory came into view.",game/tl/portuguese/scene/News/news_headhome_bus.rpy,86,[what]
News_Headhome_Bus_2bc452d8,r,Let's just hope Julian isn't there.,game/tl/portuguese/scene/News/news_headhome_bus.rpy,87,"r sad ""[what]"""
News_Headhome_Bus_de7bb127,c,I am sure he would understand.,game/tl/portuguese/scene/News/news_headhome_bus.rpy,90,"c tough ""[what]"""
News_Headhome_Bus_4b7d625e,c,"I wonder if he had to take the bus once, dressed as a dog!",game/tl/portuguese/scene/News/news_headhome_bus.rpy,91,"c evil ""[what]"""
News_Headhome_Bus_1726557b,,Ron laughed.,game/tl/portuguese/scene/News/news_headhome_bus.rpy,92,[what]
News_Headhome_Bus_c4ff3e00,r,"With the ""tail"" up his ass!",game/tl/portuguese/scene/News/news_headhome_bus.rpy,93,"r laugh ""[what]"""
News_Headhome_Bus_2685bf0f,,"You both laugh for a moment, releasing a lot of the tension.",game/tl/portuguese/scene/News/news_headhome_bus.rpy,94,[what]
News_Headhome_Bus_62c008de,,All of a sudden the looks and whispers are not important anymore.,game/tl/portuguese/scene/News/news_headhome_bus.rpy,95,[what]
News_Headhome_Bus_d3a11cff,a,You have unlocked a gallery item,game/tl/portuguese/scene/News/news_headhome_bus.rpy,100,"a happy ""[what]"""
News_Headhome_Bus_ce4a4b17,r,[RelVal],game/tl/portuguese/scene/News/news_headhome_bus.rpy,104,"r happy ""[what]"""
News_Headhome_Bus_0b48c548,,"As the bus finally rolled to a stop in front of their dorm, you and Ron rose from their seats.",game/tl/portuguese/scene/News/news_headhome_bus.rpy,109,[what]
News_Headhome_Bus_4b4ebd1c,,"You hurried down the aisle, their steps quickening as you neared the exit.",game/tl/portuguese/scene/News/news_headhome_bus.rpy,110,[what]
News_Headhome_Bus_349ff8c7,,"The moment the doors swung open, they stepped off the bus and into the cool night air, grateful for the respite from prying eyes.",game/tl/portuguese/scene/News/news_headhome_bus.rpy,111,[what]
News_HeadHome_decision_1801d5d7,,"As you stepped out onto the street with Ron, a few people couldn't help but pause and take in your unique attire.",game/tl/portuguese/scene/News/news_headhome_decision.rpy,6,[what]
News_HeadHome_decision_a35d7320,,"Some chuckled under their breath, while others raised curious eyebrows.",game/tl/portuguese/scene/News/news_headhome_decision.rpy,7,[what]
News_HeadHome_decision_d845cb0d,,"You could feel the weight of their stares and whispers, making your cheeks flush with self-consciousness.",game/tl/portuguese/scene/News/news_headhome_decision.rpy,8,[what]
News_HeadHome_decision_7bed6852,,"Despite trying to ignore them, it was impossible not to hear the mocking comments and see the judgemental looks directed your way.",game/tl/portuguese/scene/News/news_headhome_decision.rpy,9,[what]
News_HeadHome_decision_a94e4264,,"Ron also seemed tense and distant by your side, likely feeling the pressure of being associated with your unconventional fashion choices.",game/tl/portuguese/scene/News/news_headhome_decision.rpy,10,[what]
News_HeadHome_decision_1d6191e1,,"As you make your way through the more and more lonely streets, the dim glow of the streetlamps casts eerie shadows across the cobblestone pavement.",game/tl/portuguese/scene/News/news_headhome_decision.rpy,11,[what]
News_HeadHome_decision_e98fe821,,"The fog begins to thicken, creeping in from the edges of the park like tendrils of smoke.",game/tl/portuguese/scene/News/news_headhome_decision.rpy,12,[what]
News_HeadHome_decision_e98b03df,c,The dorm is not far. We could walk back.,game/tl/portuguese/scene/News/news_headhome_decision.rpy,16,"c suspicious ""[what]"""
News_HeadHome_decision_c4d49af6,r,"Yes, but then we would have to cross the park.",game/tl/portuguese/scene/News/news_headhome_decision.rpy,17,"r nervous ""[what]"""
News_HeadHome_decision_6cc1ef2e,r,Who knows who we meet there!,game/tl/portuguese/scene/News/news_headhome_decision.rpy,18,"r ""[what]"""
News_HeadHome_decision_af83aad5,c,"And dressed like this, he might get the wrong idea.",game/tl/portuguese/scene/News/news_headhome_decision.rpy,19,"c ""[what]"""
News_HeadHome_decision_6c0b0aea,c,We could take the bus...,game/tl/portuguese/scene/News/news_headhome_decision.rpy,20,"c neutral ""[what]"""
News_HeadHome_decision_2c2bb7d1,r,Where people will most certainly see us - dressed like that.,game/tl/portuguese/scene/News/news_headhome_decision.rpy,21,"r sad ""[what]"""
News_HeadHome_decision_b9b81dbd,c,If they let uns in the bus at all...,game/tl/portuguese/scene/News/news_headhome_decision.rpy,22,"c sad ""[what]"""
News_HeadHome_decision_f2e87296,r,Damn headmaster and his stupid wife!,game/tl/portuguese/scene/News/news_headhome_decision.rpy,23,"r angry ""[what]"""
News_HeadHome_Leave_1ac89e7f,c,You know what?,game/tl/portuguese/scene/News/news_headhome_leave.rpy,4,"c angry ""[what]"""
News_HeadHome_Leave_92f57619,c,Why don't you clean it yourself?,game/tl/portuguese/scene/News/news_headhome_leave.rpy,5,"c ""[what]"""
News_HeadHome_Leave_62d6eaea,h,"I am very disappointed, young man.",game/tl/portuguese/scene/News/news_headhome_leave.rpy,6,"h angry ""[what]"""
News_HeadHome_Leave_e7ec83a7,c,Yeah. Whatever.,game/tl/portuguese/scene/News/news_headhome_leave.rpy,7,"c tough ""[what]"""
News_HeadHome_Leave_bd926d6b,c,"Are you coming, Ron?",game/tl/portuguese/scene/News/news_headhome_leave.rpy,8,"c ""[what]"""
News_HeadHome_Leave_49fed0f7,r,I... I cannot affort to be kicked out!,game/tl/portuguese/scene/News/news_headhome_leave.rpy,9,"r sad ""[what]"""
News_HeadHome_Leave_93ad3c3a,r,"And it is no big deal, right?",game/tl/portuguese/scene/News/news_headhome_leave.rpy,10,"r suspicious ""[what]"""
News_HeadHome_Leave_323bfcca,r,Just some cleaning...,game/tl/portuguese/scene/News/news_headhome_leave.rpy,11,"r neutral ""[what]"""
News_HeadHome_Leave_97d8659d,c,Don't be naive!,game/tl/portuguese/scene/News/news_headhome_leave.rpy,12,"c angry ""[what]"""
News_HeadHome_Leave_cb1a7b9a,h,You heard him!,game/tl/portuguese/scene/News/news_headhome_leave.rpy,13,"h angry ""[what]"""
News_HeadHome_Leave_04c9d135,h,You want to go? Fine. Go.,game/tl/portuguese/scene/News/news_headhome_leave.rpy,14,"h ""[what]"""
News_HeadHome_Leave_ad08b35a,h,But Ron can decide for himself.,game/tl/portuguese/scene/News/news_headhome_leave.rpy,15,"h ""[what]"""
News_HeadHome_Leave_69ee4d9d,h,"He is an adult, after all.",game/tl/portuguese/scene/News/news_headhome_leave.rpy,16,"h ""[what]"""
News_HeadHome_Leave_3b32e524,r,Go. I'll be okay.,game/tl/portuguese/scene/News/news_headhome_leave.rpy,17,"r friendly ""[what]"""
News_HeadHome_Leave_ef367051,c,I won't leave you here! - With him!,game/tl/portuguese/scene/News/news_headhome_leave.rpy,21,"c angry ""[what]"""
News_HeadHome_Leave_538ffcc7,r,Don't worry about me. I will be okay.,game/tl/portuguese/scene/News/news_headhome_leave.rpy,22,"r sad ""[what]"""
News_HeadHome_Leave_94360e9e,h,"I expect you to always act in the best interest of the college, if you want me to let Ron stay.",game/tl/portuguese/scene/News/news_headhome_leave.rpy,26,"h tough ""[what]"""
News_HeadHome_Leave_294c77cb,h,Understood?,game/tl/portuguese/scene/News/news_headhome_leave.rpy,27,"h ""[what]"""
News_HeadHome_Leave_15372dab,c,"Yes, Sir.",game/tl/portuguese/scene/News/news_headhome_leave.rpy,28,"c tough ""[what]"""
News_HeadHome_Leave_d53dbc1e,h,Very well. You may go.,game/tl/portuguese/scene/News/news_headhome_leave.rpy,29,"h friendly ""[what]"""
News_HeadHome_Leave_b19baeeb,h,This is not your decision to make.,game/tl/portuguese/scene/News/news_headhome_leave.rpy,32,"h angry ""[what]"""
News_HeadHome_Leave_52dc158f,h,"And don't be so arrogant, or I might show Ron the video you made of him and Julian!",game/tl/portuguese/scene/News/news_headhome_leave.rpy,34,"h angry ""[what]"""
News_HeadHome_Leave_0628fa71,r,Which video?,game/tl/portuguese/scene/News/news_headhome_leave.rpy,35,"r suspicious ""[what]"""
News_HeadHome_Leave_584463c8,h,"Maybe I should offer Ron some alcohol, like you did on the party.",game/tl/portuguese/scene/News/news_headhome_leave.rpy,38,"h evil ""[what]"""
News_HeadHome_Leave_54a19149,h,It might easen his mood.,game/tl/portuguese/scene/News/news_headhome_leave.rpy,39,"h ""[what]"""
News_HeadHome_Leave_0ef00101,r,I would like a drink!,game/tl/portuguese/scene/News/news_headhome_leave.rpy,40,"r happy ""[what]"""
News_HeadHome_Leave_30128fab,h,See?,game/tl/portuguese/scene/News/news_headhome_leave.rpy,41,"h ""[what]"""
News_HeadHome_Leave_f2eb6f3f,h,Or maybe we should drug our little friend?,game/tl/portuguese/scene/News/news_headhome_leave.rpy,44,"h tough ""[what]"""
News_HeadHome_Leave_28eb4a6c,r,I don't do drugs!,game/tl/portuguese/scene/News/news_headhome_leave.rpy,45,"r suspicious ""[what]"""
News_HeadHome_Leave_19a9a50d,h,"Tell this your ""friend!""",game/tl/portuguese/scene/News/news_headhome_leave.rpy,46,"h evil ""[what]"""
News_HeadHome_Leave_b832d3ce,r,What is he talking about?,game/tl/portuguese/scene/News/news_headhome_leave.rpy,47,"r ""[what]"""
News_HeadHome_Leave_1a0b47c6,c,Nothing.,game/tl/portuguese/scene/News/news_headhome_leave.rpy,48,"c angry ""[what]"""
News_HeadHome_Leave_bad3b0ad,h,Ron will stay here. You may go if you have to.,game/tl/portuguese/scene/News/news_headhome_leave.rpy,50,"h ""[what]"""
News_HeadHome_Leave_a1b6dec6,r,"It is okay, really.",game/tl/portuguese/scene/News/news_headhome_leave.rpy,51,"r sad ""[what]"""
News_HeadHome_Leave_42ec883c,r,I will be fine.,game/tl/portuguese/scene/News/news_headhome_leave.rpy,52,"r suspicious ""[what]"""
News_HeadHome_Leave_9d5abe6e,c,Are you sure?,game/tl/portuguese/scene/News/news_headhome_leave.rpy,53,"c sad ""[what]"""
News_HeadHome_Leave_c56a7b89,r,"Yes. Go, already!",game/tl/portuguese/scene/News/news_headhome_leave.rpy,54,"r friendly ""[what]"""
News_HeadHome_Leave_de1a2c0a,c,Okay...,game/tl/portuguese/scene/News/news_headhome_leave.rpy,55,"c suspicious ""[what]"""
News_HeadHome_Leave_e62b7d43,c,"Alright, see you later!",game/tl/portuguese/scene/News/news_headhome_leave.rpy,58,"c happy ""[what]"""
News_HeadHome_Leave_f1b2246a,r,Okay.,game/tl/portuguese/scene/News/news_headhome_leave.rpy,59,"r sad ""[what]"""
News_Headhome_Park_Sex_bdae376b,r,[RelVal],game/tl/portuguese/scene/News/news_headhome_park_sex.rpy,4,"r angry ""[what]"""
News_Headhome_Park_Sex_7648b00f,c,How much?,game/tl/portuguese/scene/News/news_headhome_park_sex.rpy,6,"c suspicious ""[what]"""
News_Headhome_Park_Sex_25892343,,The man claps his hands happily.,game/tl/portuguese/scene/News/news_headhome_park_sex.rpy,7,[what]
News_Headhome_Park_Sex_8c4a701a,man,I knew it!,game/tl/portuguese/scene/News/news_headhome_park_sex.rpy,8,"man ""[what]"""
News_Headhome_Park_Sex_9329dacc,,He takes out his purse.,game/tl/portuguese/scene/News/news_headhome_park_sex.rpy,9,[what]
News_Headhome_Park_Sex_88f6d368,man,A hundred dollar!,game/tl/portuguese/scene/News/news_headhome_park_sex.rpy,10,"man ""[what]"""
News_Headhome_Park_Sex_1a7fb700,,He presents a hundred dollar bill and waves it enticingly in their faces.,game/tl/portuguese/scene/News/news_headhome_park_sex.rpy,12,[what]
News_Headhome_Park_Sex_49988a72,,Ron looks at you in shock.,game/tl/portuguese/scene/News/news_headhome_park_sex.rpy,13,[what]
News_Headhome_Park_Sex_9c0d39b5,r,You are not really considering this?,game/tl/portuguese/scene/News/news_headhome_park_sex.rpy,14,"r suspicious ""[what]"""
News_Headhome_Park_Sex_5f26869c,c,100 $ for each of us.,game/tl/portuguese/scene/News/news_headhome_park_sex.rpy,18,"c tough ""[what]"""
News_Headhome_Park_Sex_5caa82a0,man,Each?,game/tl/portuguese/scene/News/news_headhome_park_sex.rpy,19,"man ""[what]"""
News_Headhome_Park_Sex_3d2c2bfe,,He glares at you for a moment before clapping his hands happily again.,game/tl/portuguese/scene/News/news_headhome_park_sex.rpy,21,[what]
News_Headhome_Park_Sex_61b5d3f5,man,Deal!,game/tl/portuguese/scene/News/news_headhome_park_sex.rpy,22,"man ""[what]"""
News_Headhome_Park_Sex_a8aabc2e,,The man's eyes rake over you and Ron with a predatory hunger.,game/tl/portuguese/scene/News/news_headhome_park_sex.rpy,24,[what]
News_Headhome_Park_Sex_f0a09445,,"Despite your fear, you can't help but acknowledge a growing curiosity about what's to come.",game/tl/portuguese/scene/News/news_headhome_park_sex.rpy,28,[what]
News_Headhome_Park_Sex_522c4bbf,,It's a thrilling mixture of dread and excitement that leaves your heart pounding in your chest.,game/tl/portuguese/scene/News/news_headhome_park_sex.rpy,29,[what]
News_Headhome_Park_Sex_2a8086b9,,"As the stranger takes aggressive strides towards him, Ron instinctively stumbles backwards, his heart thundering in his chest.",game/tl/portuguese/scene/News/news_headhome_park_sex.rpy,31,[what]
News_Headhome_Park_Sex_29fe099a,,"The man wasted no time. He pushed him against the lamp post, hiking up the maid's dress around his waist.",game/tl/portuguese/scene/News/news_headhome_park_sex.rpy,34,[what]
News_Headhome_Park_Sex_f26d5ca8,,Ron gasped as the man roughly grabbed his backside.,game/tl/portuguese/scene/News/news_headhome_park_sex.rpy,35,[what]
News_Headhome_Park_Sex_8dadbfe4,,"He frantically tries to maintain a facade of composure under the hazy streetlight, but terror takes hold as he stands alone and vulnerable.",game/tl/portuguese/scene/News/news_headhome_park_sex.rpy,37,[what]
News_Headhome_Park_Sex_61ae2a4c,,"He turns to you with a pleading look, unsure of how to proceed against this imminent threat.",game/tl/portuguese/scene/News/news_headhome_park_sex.rpy,39,[what]
News_Headhome_Park_Sex_38347cf2,man,What are you waiting for?,game/tl/portuguese/scene/News/news_headhome_park_sex.rpy,41,"man ""[what]"""
News_Headhome_Park_Sex_789a2c2c,,He looks at you.,game/tl/portuguese/scene/News/news_headhome_park_sex.rpy,42,[what]
News_Headhome_Park_Sex_89f02cf5,man,Don't be shy. Give me a hand here!,game/tl/portuguese/scene/News/news_headhome_park_sex.rpy,43,"man ""[what]"""
News_Headhome_Park_Sex_942b3bdc,c,This was a bad idea.,game/tl/portuguese/scene/News/news_headhome_park_sex.rpy,47,"c sad ""[what]"""
News_Headhome_Park_Sex_49469cff,c,"Come on, Ron. We are leaving!",game/tl/portuguese/scene/News/news_headhome_park_sex.rpy,48,"c tough ""[what]"""
News_Headhome_Park_Sex_1eeb0de2,man,You can't leave now!,game/tl/portuguese/scene/News/news_headhome_park_sex.rpy,49,"man ""[what]"""
News_Headhome_Park_Sex_eb159231,c,Watch me!,game/tl/portuguese/scene/News/news_headhome_park_sex.rpy,50,"c angry ""[what]"""
News_Headhome_Park_Sex_491848f2,,"You walk on, and Ron is quick to follow you.",game/tl/portuguese/scene/News/news_headhome_park_sex.rpy,52,[what]
News_Headhome_Park_Sex_8be45038,,"For a moment you feared the stranger would reside to violence, but instead he just shouts insults after you.",game/tl/portuguese/scene/News/news_headhome_park_sex.rpy,53,[what]
News_Headhome_Park_Sex_336703ae,man,Whores!,game/tl/portuguese/scene/News/news_headhome_park_sex.rpy,54,"man ""[what]"""
News_Headhome_Park_Sex_ce4a4b17,r,[RelVal],game/tl/portuguese/scene/News/news_headhome_park_sex.rpy,57,"r happy ""[what]"""
News_Headhome_Park_Sex_3b6fda81,,"The stranger grins, beckoning you both closer.",game/tl/portuguese/scene/News/news_headhome_park_sex.rpy,63,[what]
News_Headhome_Park_Sex_810d0692,,"As you hesitantly approach him, he reaches out and runs a rough hand through Ron's wavy hair, tugging lightly on the ends.",game/tl/portuguese/scene/News/news_headhome_park_sex.rpy,65,[what]
News_Headhome_Park_Sex_f2e9655b,,"He then draws his hand down, letting his fingers trace the curve of his collarbone, causing goosebumps to erupt on his skin.",game/tl/portuguese/scene/News/news_headhome_park_sex.rpy,66,[what]
News_Headhome_Park_Sex_bb5b5c19,man,"Mmm, such soft, delicate creatures.",game/tl/portuguese/scene/News/news_headhome_park_sex.rpy,68,"man ""[what]"""
News_Headhome_Park_Sex_8df8eec0,,"As your nimble fingers work to undo the stranger's belt, a surge of adrenaline courses through your veins.",game/tl/portuguese/scene/News/news_headhome_park_sex.rpy,70,[what]
News_Headhome_Park_Sex_f0f502dc,,"Ron's desperation is palpable, his trembling form a stark contrast against the dimly lit street.",game/tl/portuguese/scene/News/news_headhome_park_sex.rpy,72,[what]
News_Headhome_Park_Sex_c87f2f26,,"With a sudden flick of your wrist, the belt buckle comes undone, releasing a satisfying click that goes unnoticed beneath the stranger's fixated gaze.",game/tl/portuguese/scene/News/news_headhome_park_sex.rpy,73,[what]
News_Headhome_Park_Sex_91f509d1,,"Ron gasped as he felt the stranger's hard cock pressed against his stomach, could smell the sweat and cologne on his skin.",game/tl/portuguese/scene/News/news_headhome_park_sex.rpy,77,[what]
News_Headhome_Park_Sex_bd1f1c5c,,"You drop your own pants and press your hard member against the stranger's butt, slowly rubbing it.",game/tl/portuguese/scene/News/news_headhome_park_sex.rpy,78,[what]
News_Headhome_Park_Sex_1895b785,r,No kissing!,game/tl/portuguese/scene/News/news_headhome_park_sex.rpy,80,"r disgust ""[what]"""
News_Headhome_Park_Sex_73cca1f8,,Ron shouted as the stranger tries to force his mouth upon Ron.,game/tl/portuguese/scene/News/news_headhome_park_sex.rpy,81,[what]
News_Headhome_Park_Sex_4421b8ad,man,You little whore!,game/tl/portuguese/scene/News/news_headhome_park_sex.rpy,83,"man ""[what]"""
News_Headhome_Park_Sex_9b07ef5c,,"He pulls down Ron's skirt, exposing his already hard dick which cannot be concealed by the small panty.",game/tl/portuguese/scene/News/news_headhome_park_sex.rpy,84,[what]
News_Headhome_Park_Sex_6805a26b,man,Nice!,game/tl/portuguese/scene/News/news_headhome_park_sex.rpy,86,"man ""[what]"""
News_Headhome_Park_Sex_731b1aba,,"He starts to rub his own member against Ron's, while moaning excited.",game/tl/portuguese/scene/News/news_headhome_park_sex.rpy,87,[what]
News_Headhome_Park_Sex_e59b96b3,man,"Oh yes, you little slut. You like that, don't you.",game/tl/portuguese/scene/News/news_headhome_park_sex.rpy,89,"man ""[what]"""
News_Headhome_Park_Sex_0808fa65,,"He tries to kiss Ron again, but he moves his head away.",game/tl/portuguese/scene/News/news_headhome_park_sex.rpy,90,[what]
News_Headhome_Park_Sex_12d7a543,man,You - little - whore!,game/tl/portuguese/scene/News/news_headhome_park_sex.rpy,92,"man ""[what]"""
News_Headhome_Park_Sex_f5a988b2,,He grunted with each push.,game/tl/portuguese/scene/News/news_headhome_park_sex.rpy,93,[what]
News_Headhome_Park_Sex_715c99ae,,"The man finished with a loud groan. He withdrew from Ron, who sagged against the post, panting.",game/tl/portuguese/scene/News/news_headhome_park_sex.rpy,95,[what]
News_Headhome_Park_Sex_b4dba9c5,man,That was worth every penny.,game/tl/portuguese/scene/News/news_headhome_park_sex.rpy,99,"man ""[what]"""
News_Headhome_Park_Sex_0236541c,,"He tosses the wad of cash at your feet, a cruel smirk playing on his lips.",game/tl/portuguese/scene/News/news_headhome_park_sex.rpy,101,[what]
News_Headhome_Park_Sex_88b6134a,,"As you bend down to retrieve it, you feel the weight of shame settling in your chest, heavier even than the money now clenched in your hand.",game/tl/portuguese/scene/News/news_headhome_park_sex.rpy,102,[what]
News_Headhome_Park_Sex_a3119360,,"With the transaction complete, the stranger leaves you and Connor standing in the darkness, breathless and shaken.",game/tl/portuguese/scene/News/news_headhome_park_sex.rpy,104,[what]
News_Headhome_Park_Sex_07bd625e,,The night air is cold against your flushed skin as you wrap your arms around yourself for comfort.,game/tl/portuguese/scene/News/news_headhome_park_sex.rpy,105,[what]
News_Headhome_Park_Sex_b4f44cbb,,"As you look into Ron's eyes, you both share an unspoken understanding – you've crossed a line together, one that cannot be uncrossed.",game/tl/portuguese/scene/News/news_headhome_park_sex.rpy,109,[what]
News_Headhome_Park_Sex_5f3a8ec8,,"The future looms ahead, full of uncertainty and challenges.",game/tl/portuguese/scene/News/news_headhome_park_sex.rpy,110,[what]
News_Headhome_Park_Sex_cabcf109,,What will become of your friendship?,game/tl/portuguese/scene/News/news_headhome_park_sex.rpy,111,[what]
News_Headhome_Park_Sex_d9fbb511,,How will this secret affect your lives?,game/tl/portuguese/scene/News/news_headhome_park_sex.rpy,112,[what]
News_Headhome_Park_Sex_6c392088,,And will the events of this night ever truly fade from memory?,game/tl/portuguese/scene/News/news_headhome_park_sex.rpy,113,[what]
News_Headhome_Park_Sex_a9d9953f,,"After a moment, you collect yourselves and begin the long walk back through the park.",game/tl/portuguese/scene/News/news_headhome_park_sex.rpy,114,[what]
News_Headhome_Park_9ba91796,,"You try to conceal your unease, eager to leave this humiliating experience behind.",game/tl/portuguese/scene/News/news_headhome_park.rpy,5,[what]
News_Headhome_Park_86d748c1,,"But as you step into the dark expanse of the park, a new sense of dread washes over you.",game/tl/portuguese/scene/News/news_headhome_park.rpy,6,[what]
News_Headhome_Park_c1cbbc5f,,"The once-familiar paths are now obscured by a thick blanket of fog, and the shadows of trees tower above you like menacing apparitions.",game/tl/portuguese/scene/News/news_headhome_park.rpy,8,[what]
News_Headhome_Park_ee6109c8,,"Your heart pounds in your chest, and every rustle of leaves sends a jolt of fear down your spine.",game/tl/portuguese/scene/News/news_headhome_park.rpy,10,[what]
News_Headhome_Park_307c7391,,"Ron's unease is palpable, his fingers gripping the frilly fabric of his maiden costume tightly.",game/tl/portuguese/scene/News/news_headhome_park.rpy,12,[what]
News_Headhome_Park_a45c48cf,,"He reaches out and takes your hand, seeking comfort in your touch.",game/tl/portuguese/scene/News/news_headhome_park.rpy,14,[what]
News_Headhome_Park_ca7f2ada,r,I don't like this.,game/tl/portuguese/scene/News/news_headhome_park.rpy,16,"r nervous ""[what]"""
News_Headhome_Park_3e81a0e2,,"You can't help but agree with him, but there's no turning back now.",game/tl/portuguese/scene/News/news_headhome_park.rpy,18,[what]
News_Headhome_Park_901a6cfe,,"You press on, hoping against hope that the fog will lift and reveal the path to your dormitory.",game/tl/portuguese/scene/News/news_headhome_park.rpy,19,[what]
News_Headhome_Park_7fea5e15,,"Ron moved closer, eyes darting around nervously.",game/tl/portuguese/scene/News/news_headhome_park.rpy,21,[what]
News_Headhome_Park_702f90ab,r,Do you feel like we're being followed?,game/tl/portuguese/scene/News/news_headhome_park.rpy,22,"r nervous ""[what]"""
News_Headhome_Park_0d2a358c,,"You shivered, peering into the gloom.",game/tl/portuguese/scene/News/news_headhome_park.rpy,24,[what]
News_Headhome_Park_d22656f1,c,Let's walk faster.,game/tl/portuguese/scene/News/news_headhome_park.rpy,25,"c suspicious ""[what]"""
News_Headhome_Park_a6cb4d8d,,"The fog grows denser as you make your way through the park, your naked feet getting cold, and numb.",game/tl/portuguese/scene/News/news_headhome_park.rpy,27,[what]
News_Headhome_Park_a26078af,,"With each step, you can't help but think about how absurd you look, dressed as a butler with Ron in his maiden attire.",game/tl/portuguese/scene/News/news_headhome_park.rpy,28,[what]
News_Headhome_Park_b60fbd59,,"You feel utterly exposed, as if the entire world is watching you.",game/tl/portuguese/scene/News/news_headhome_park.rpy,29,[what]
News_Headhome_Park_4e964659,,"As you approach the serene fountain, a figure emerges from behind it, blocking your path.",game/tl/portuguese/scene/News/news_headhome_park.rpy,31,[what]
News_Headhome_Park_85aa3d67,,"The stranger's piercing gaze takes in both of you, a sly smile forming on his lips as he eyes your clothes.",game/tl/portuguese/scene/News/news_headhome_park.rpy,35,[what]
News_Headhome_Park_f103d4d1,man,"Well, well, what have we got here? A couple of whores out for a midnight stroll?",game/tl/portuguese/scene/News/news_headhome_park.rpy,37,"man ""[what]"""
News_Headhome_Park_88d5c888,c,"No, you've got it all wrong. We're not—",game/tl/portuguese/scene/News/news_headhome_park.rpy,39,"c suspicious ""[what]"""
News_Headhome_Park_ef22679a,man,Yeah. Whatever.,game/tl/portuguese/scene/News/news_headhome_park.rpy,41,"man ""[what]"""
News_Headhome_Park_9ce1698d,,He made a dismissive gesture with his hand.,game/tl/portuguese/scene/News/news_headhome_park.rpy,42,[what]
News_Headhome_Park_477a1c71,man,How much will it cost me - for both of you?,game/tl/portuguese/scene/News/news_headhome_park.rpy,44,"man ""[what]"""
News_Headhome_Park_c1edf462,,"He looks down at you, desire sparkling in his eyes.",game/tl/portuguese/scene/News/news_headhome_park.rpy,46,[what]
News_Headhome_Park_0454d2f1,,"You exchange a hesitant glance with Connor, unsure of how to handle this situation. Your heart races at the thought of what this stranger might do if you refuse.",game/tl/portuguese/scene/News/news_headhome_park.rpy,48,[what]
News_Headhome_Park_344b7d17,r,"Look, we're just trying to get back to our dorm.",game/tl/portuguese/scene/News/news_headhome_park.rpy,50,"r nervous ""[what]"""
News_Headhome_Park_7c0c10d1,r,We've had a rough night.,game/tl/portuguese/scene/News/news_headhome_park.rpy,51,"r sad ""[what]"""
News_Headhome_Park_eb58927d,,"The stranger grins wickedly, reaching into his pocket and pulling out a wad of cash, waving it provocatively in front of you.",game/tl/portuguese/scene/News/news_headhome_park.rpy,53,[what]
News_Headhome_Park_b67179b1,man,I'll make it worth your while.,game/tl/portuguese/scene/News/news_headhome_park.rpy,55,"man ""[what]"""
News_Headhome_Park_0c95314d,,"You can see the fear in Ron's eyes, but also a hint of temptation as he glances at the cash.",game/tl/portuguese/scene/News/news_headhome_park.rpy,57,[what]
News_Headhome_Park_7ec4f32c,,"Despite the danger, you know that money could help you both settle in at school and alleviate some of your immediate problems.",game/tl/portuguese/scene/News/news_headhome_park.rpy,58,[what]
News_Headhome_Park_ed8f06c4,,Not even mentioning the share of the rent.,game/tl/portuguese/scene/News/news_headhome_park.rpy,61,[what]
News_Headhome_Park_8d806b74,,"That Julian was willing to give, of course.",game/tl/portuguese/scene/News/news_headhome_park.rpy,62,[what]
News_Headhome_Park_4a14bc9d,,You can tell from Ron that he would do almost anything to avoid being a burden to Julian.,game/tl/portuguese/scene/News/news_headhome_park.rpy,63,[what]
News_Headhome_Park_8b3832cb,,"Still, to have sex with a random stranger in the middle of the night for money terrifies him.",game/tl/portuguese/scene/News/news_headhome_park.rpy,64,[what]
News_Headhome_Park_5535d590,c,Leave us alone!,game/tl/portuguese/scene/News/news_headhome_park.rpy,71,"c angry ""[what]"""
News_Headhome_Park_9cbedc31,man,"Ah, come on! It won't take long!",game/tl/portuguese/scene/News/news_headhome_park.rpy,72,"man ""[what]"""
News_Headhome_Park_11e02628,man,And I'll pay you really good!,game/tl/portuguese/scene/News/news_headhome_park.rpy,73,"man ""[what]"""
News_Headhome_Park_14183fc1,c,Are you deaf? I said: Leave - us - alone!,game/tl/portuguese/scene/News/news_headhome_park.rpy,74,"c ""[what]"""
News_Headhome_Park_d6026cb7,,For a moment you were not sure if the man is going to attack you.,game/tl/portuguese/scene/News/news_headhome_park.rpy,75,[what]
News_Headhome_Park_65cc8efe,,But then he just shrugs.,game/tl/portuguese/scene/News/news_headhome_park.rpy,76,[what]
News_Headhome_Park_87215106,man,Maybe next time then.,game/tl/portuguese/scene/News/news_headhome_park.rpy,77,"man ""[what]"""
News_Headhome_Park_2059e9ad,,"You do not answer, instead you take Ron's hand again, and walk away quickly.",game/tl/portuguese/scene/News/news_headhome_park.rpy,78,[what]
News_Headhome_Park_20d5dafd,r,[RelVal],game/tl/portuguese/scene/News/news_headhome_park.rpy,80,"r friendly ""[what]"""
News_HeadHome_f190f1fd,,You look forward to the next encounter with the headmaster.,game/tl/portuguese/scene/News/news_headhome.rpy,11,[what]
News_HeadHome_39eedc3c,,With Ron joining them it promised to be interesting.,game/tl/portuguese/scene/News/news_headhome.rpy,12,[what]
News_HeadHome_e5a0b906,,You wonder if Ron knows what he was in for?,game/tl/portuguese/scene/News/news_headhome.rpy,13,[what]
News_HeadHome_2aa02866,,Returning to the Headmaster's house was not something that you were looking forward to.,game/tl/portuguese/scene/News/news_headhome.rpy,17,[what]
News_HeadHome_d66089f1,,The previous events at the school had proven that he was far more interested in taking advantage of the students for his own personal gain.,game/tl/portuguese/scene/News/news_headhome.rpy,18,[what]
News_HeadHome_59178aad,,Whatever his method would be this time...the Headmaster was absolutely about to try to fuck with your brain.,game/tl/portuguese/scene/News/news_headhome.rpy,19,[what]
News_HeadHome_2e4c8b71,,Maybe even your body.,game/tl/portuguese/scene/News/news_headhome.rpy,20,[what]
News_HeadHome_352352cd,,"Luckily, Ron was here so you weren't alone...but that could make things even worse.",game/tl/portuguese/scene/News/news_headhome.rpy,21,[what]
News_HeadHome_bf8eed0f,,What if the Headmaster tried to pull Ron into his little games?,game/tl/portuguese/scene/News/news_headhome.rpy,22,[what]
News_HeadHome_51288756,,"As you both stood outside the house, Ron displayed a combination of nervousness and optimism.",game/tl/portuguese/scene/News/news_headhome.rpy,25,[what]
News_HeadHome_5bec84f6,c,"Don't worry, the Headmaster has seen how people reacted to those photos!",game/tl/portuguese/scene/News/news_headhome.rpy,26,"c friendly ""[what]"""
News_HeadHome_7cdaae8f,r,"Oh, I'm sure he saw it...",game/tl/portuguese/scene/News/news_headhome.rpy,27,"r suspicious ""[what]"""
News_HeadHome_35d5bd80,c,Hopefully he's feeling humbled and not...angry.,game/tl/portuguese/scene/News/news_headhome.rpy,28,"c suspicious ""[what]"""
News_HeadHome_d0ca0581,r,"He probably wants to apologize to you, and try to make it up to you!",game/tl/portuguese/scene/News/news_headhome.rpy,29,"r neutral ""[what]"""
News_HeadHome_34b967a7,r,Aren't you excited for this all to be over?,game/tl/portuguese/scene/News/news_headhome.rpy,30,"r suspicious ""[what]"""
News_HeadHome_32adcd41,c,The headmaster's private lessons are the best!,game/tl/portuguese/scene/News/news_headhome.rpy,39,"c happy ""[what]"""
News_HeadHome_47773ab8,r,You have been at his home before?,game/tl/portuguese/scene/News/news_headhome.rpy,40,"r suspicious ""[what]"""
News_HeadHome_c13199c1,c,Yes! He is into roleplay.,game/tl/portuguese/scene/News/news_headhome.rpy,42,"c happy ""[what]"""
News_HeadHome_e0d3dd1d,c,Last time he made me his servant!,game/tl/portuguese/scene/News/news_headhome.rpy,43,"c desire ""[what]"""
News_HeadHome_244679c0,r,Sounds ... interesting.,game/tl/portuguese/scene/News/news_headhome.rpy,44,"r suspicious ""[what]"""
News_HeadHome_d318cac7,r,I guess.,game/tl/portuguese/scene/News/news_headhome.rpy,45,"r ""[what]"""
News_HeadHome_38255ed5,c,You will see. This promise to be interesting at least.,game/tl/portuguese/scene/News/news_headhome.rpy,46,"c friendly ""[what]"""
News_HeadHome_1ecb954e,r,If you say so...,game/tl/portuguese/scene/News/news_headhome.rpy,47,"r ""[what]"""
News_HeadHome_65de7069,c,"Yes, but I left much too early.",game/tl/portuguese/scene/News/news_headhome.rpy,49,"c sad ""[what]"""
News_HeadHome_aa7108a9,c,This time we will do this!,game/tl/portuguese/scene/News/news_headhome.rpy,50,"c tough ""[what]"""
News_HeadHome_faf83833,r,Okay...,game/tl/portuguese/scene/News/news_headhome.rpy,51,"r suspicious ""[what]"""
News_HeadHome_7885229e,c,"Ron, there's no way this guy wants to do anything to help me...or you.",game/tl/portuguese/scene/News/news_headhome.rpy,62,"c angry ""[what]"""
News_HeadHome_6870a4d8,c,He probably asked me here to gloat...or recreate what happened in the gym for his private viewing pleasure.,game/tl/portuguese/scene/News/news_headhome.rpy,63,"c ""[what]"""
News_HeadHome_824b28cd,c,"God, I wish you hadn't come...",game/tl/portuguese/scene/News/news_headhome.rpy,64,"c sad ""[what]"""
News_HeadHome_3f4afa12,,"Ron hears this and seems saddened by it, his smile disappearing and his gaze turning towards the ground.",game/tl/portuguese/scene/News/news_headhome.rpy,65,[what]
News_HeadHome_63cad14b,c,"Ron, I just...don't want you to get even more sucked into all the fucked up garbage happening at this college.",game/tl/portuguese/scene/News/news_headhome.rpy,66,"c sad ""[what]"""
News_HeadHome_3e89c96d,c,I didn't mean-,game/tl/portuguese/scene/News/news_headhome.rpy,67,"c ""[what]"""
News_HeadHome_2f25de0f,r,"Let's just get inside, okay?",game/tl/portuguese/scene/News/news_headhome.rpy,68,"r sad ""[what]"""
News_HeadHome_1013513a,r,I'm gonna stay hopeful that this will end in something good...,game/tl/portuguese/scene/News/news_headhome.rpy,69,"r friendly ""[what]"""
News_HeadHome_a2897009,r,Stay negative if you want to.,game/tl/portuguese/scene/News/news_headhome.rpy,70,"r angry ""[what]"""
News_HeadHome_b9082d89,,"You sigh as Ron storms in ahead of you, gulping as you do your best to summon some positive energy.",game/tl/portuguese/scene/News/news_headhome.rpy,71,[what]
News_HeadHome_cd0a3433,c,Of course I am!,game/tl/portuguese/scene/News/news_headhome.rpy,79,"c tough ""[what]"""
News_HeadHome_db916da4,c,All my experiences at this school have been marred by the Headmaster's behind the scenes machinations.,game/tl/portuguese/scene/News/news_headhome.rpy,80,"c ""[what]"""
News_HeadHome_9f065cdf,c,I want it to be DONE.,game/tl/portuguese/scene/News/news_headhome.rpy,81,"c angry ""[what]"""
News_HeadHome_02da2a3a,c,"For me, for you, for Julian...for everybody.",game/tl/portuguese/scene/News/news_headhome.rpy,82,"c sad ""[what]"""
News_HeadHome_e82fb5bd,c,Maybe this stuff getting on the news will finally be the massive wake up call we all need...,game/tl/portuguese/scene/News/news_headhome.rpy,83,"c neutral ""[what]"""
News_HeadHome_71ed1f9e,,Ron places a hand on your shoulder.,game/tl/portuguese/scene/News/news_headhome.rpy,84,[what]
News_HeadHome_b33a9697,r,"Don't worry, [name]...",game/tl/portuguese/scene/News/news_headhome.rpy,85,"r ""[what]"""
News_HeadHome_1fc9d2f0,r,"I'll do whatever I have to, just to make sure this goes well!",game/tl/portuguese/scene/News/news_headhome.rpy,86,"r friendly ""[what]"""
News_HeadHome_c3bd68ca,,"As Ron opens the door into the Headmaster's house, you just find yourself hoping that Ron won't have to make good on those words.",game/tl/portuguese/scene/News/news_headhome.rpy,87,[what]
News_HeadHome_f47ec209,,"When you both walk inside, you are immediately greeted by the booming voice of the Headmaster, strong and confident.",game/tl/portuguese/scene/News/news_headhome.rpy,89,[what]
News_HeadHome_f333ab99,h,"Ah, boys, come in! Make yourselves comfortable...",game/tl/portuguese/scene/News/news_headhome.rpy,94,"h happy ""[what]"""
News_HeadHome_1cb00ef7,,"When you finally lay eyes on him, the reality of the sitiuation sinks in.",game/tl/portuguese/scene/News/news_headhome.rpy,95,[what]
News_HeadHome_9a78e975,,"The Headmaster sits at the center of his couch, wearing nothing but a white bathrobe.",game/tl/portuguese/scene/News/news_headhome.rpy,96,[what]
News_HeadHome_dfcb4454,h,"Please, take a seat!",game/tl/portuguese/scene/News/news_headhome.rpy,97,"h friendly ""[what]"""
News_HeadHome_4007e1ff,,You look around.,game/tl/portuguese/scene/News/news_headhome.rpy,101,[what]
News_HeadHome_8422a626,,"Last time you have been here, you are pretty sure there have also been armchairs around the couch table.",game/tl/portuguese/scene/News/news_headhome.rpy,102,[what]
News_HeadHome_b628299f,,"Now the only places left were on the couch, unconfortable near the headmaster, who had placed himself in the middle.",game/tl/portuguese/scene/News/news_headhome.rpy,103,[what]
News_HeadHome_6e1c6711,,"It left some of his chest exposed, most definitely on purpose.",game/tl/portuguese/scene/News/news_headhome.rpy,107,[what]
News_HeadHome_09b6b94c,,"But more egregious than that, he sat with his legs spread.",game/tl/portuguese/scene/News/news_headhome.rpy,108,[what]
News_HeadHome_acadabe0,,"Not wide enough to expose himself completely, but wide enough to make it clear that a sighting of his dick was certainly possible.",game/tl/portuguese/scene/News/news_headhome.rpy,109,[what]
News_HeadHome_2a665015,,"His stance and trademark smirk encouraged the onlooking boys to try to get a sighting like that, in fact.",game/tl/portuguese/scene/News/news_headhome.rpy,110,[what]
News_HeadHome_ba3ce443,,"While you immediately looked away for a moment in surprise, Ron's eyes remained locked on the Headmaster.",game/tl/portuguese/scene/News/news_headhome.rpy,111,[what]
News_HeadHome_2abc6544,,"His eyes were alight with a deep curiosity, something you knew the Headmaster could easily exploit.",game/tl/portuguese/scene/News/news_headhome.rpy,115,[what]
News_HeadHome_c850b62a,,"The very thought made you shudder, goosebumps appearing all across your skin.",game/tl/portuguese/scene/News/news_headhome.rpy,116,[what]
News_HeadHome_f603ded4,h,"I know these past days have been...eventful, for you both.",game/tl/portuguese/scene/News/news_headhome.rpy,117,"h neutral ""[what]"""
News_HeadHome_79670263,h,"Perhaps even too much to handle, at times.",game/tl/portuguese/scene/News/news_headhome.rpy,118,"h suspicious ""[what]"""
News_HeadHome_58b5b44d,h,With a particularly packed college party and the wrestling tournament happening in such quick succession...,game/tl/portuguese/scene/News/news_headhome.rpy,119,"h sad ""[what]"""
News_HeadHome_12ca26d4,h,I can imagine that you might be stressed.,game/tl/portuguese/scene/News/news_headhome.rpy,120,"h ""[what]"""
News_HeadHome_3724c913,h,Even I can admit that recent media coverage of our fine institution has left me...unnerved.,game/tl/portuguese/scene/News/news_headhome.rpy,121,"h tough ""[what]"""
News_HeadHome_b10d5d52,,"You wince at the mention of the news report, the thought of those pictures circling the internet once again entering your mind.",game/tl/portuguese/scene/News/news_headhome.rpy,122,[what]
News_HeadHome_8eb95082,h,"First, I'd like to assure you both that your well-being is my top priority!",game/tl/portuguese/scene/News/news_headhome.rpy,123,"h friendly ""[what]"""
News_HeadHome_a89eb434,,"The headmaster began, leaning back on the couch so his bathrobe spreads a little more, exposing his impressive dick.",game/tl/portuguese/scene/News/news_headhome.rpy,124,[what]
News_HeadHome_c43519d0,h,"Even you, Ronald...I know you're not officially a part of our student body, but...",game/tl/portuguese/scene/News/news_headhome.rpy,125,"h ""[what]"""
News_HeadHome_5e5fcaa9,h,You are an...impressionable young man.,game/tl/portuguese/scene/News/news_headhome.rpy,126,"h desire ""[what]"""
News_HeadHome_d7303c3c,,He places his hand on Ron's thigh.,game/tl/portuguese/scene/News/news_headhome.rpy,127,[what]
News_HeadHome_49e7e0bd,h,"If any people or events at my school have upset either of you, please know that I am deeply invested in trying to rectify that.",game/tl/portuguese/scene/News/news_headhome.rpy,132,"h friendly ""[what]"""
News_HeadHome_e6dc566c,h,However I can.,game/tl/portuguese/scene/News/news_headhome.rpy,133,"h ""[what]"""
News_HeadHome_5859e01d,r,"Th-Thank you, Sir.",game/tl/portuguese/scene/News/news_headhome.rpy,134,"r ""[what]"""
News_HeadHome_01c0fa99,,"You nod your head with Ron's words, still waiting for the catch to be revealed.",game/tl/portuguese/scene/News/news_headhome.rpy,135,[what]
News_HeadHome_61794497,h,"However, the school's reputation is at stake here...and that is my main focus today.",game/tl/portuguese/scene/News/news_headhome.rpy,136,"h neutral ""[what]"""
News_HeadHome_10df00f4,r,Uhm. What?,game/tl/portuguese/scene/News/news_headhome.rpy,137,"r suspicious ""[what]"""
News_HeadHome_146f4093,,Ron's attention had shifted to the haedmaster's twitching glans hatching out of bathrobe.,game/tl/portuguese/scene/News/news_headhome.rpy,138,[what]
News_HeadHome_c3fbd730,h,If this school were to suffer anymore bad PR...that could affect your lives negatively.,game/tl/portuguese/scene/News/news_headhome.rpy,139,"h sad ""[what]"""
News_HeadHome_d07e3f25,h,"Your future careers, your studies...even your relationships.",game/tl/portuguese/scene/News/news_headhome.rpy,140,"h ""[what]"""
News_HeadHome_a4348c94,h,All of that would be put at risk.,game/tl/portuguese/scene/News/news_headhome.rpy,141,"h ""[what]"""
News_HeadHome_79298aca,,"You take in a shaky breath, and you see Ron fiddling with his hands nervously.",game/tl/portuguese/scene/News/news_headhome.rpy,142,[what]
News_HeadHome_49939e9f,h,"I need the support of both of you to put this incident behind us, and thereby save this college from a catastrophe.",game/tl/portuguese/scene/News/news_headhome.rpy,143,"h ""[what]"""
News_HeadHome_0f11fbff,h,"[name], I wanted to discuss your... situation yesterday.",game/tl/portuguese/scene/News/news_headhome.rpy,144,"h neutral ""[what]"""
News_HeadHome_f43f806a,h,"It has caused quite a stir, as you can imagine.",game/tl/portuguese/scene/News/news_headhome.rpy,145,"h sad ""[what]"""
News_HeadHome_e8b6ec9c,,"You swallowed hard, bracing yourself for whatever came next.",game/tl/portuguese/scene/News/news_headhome.rpy,146,[what]
News_HeadHome_572447ce,c,I don't understand. I left before any of this happened.,game/tl/portuguese/scene/News/news_headhome.rpy,149,"c suspicious ""[what]"""
News_HeadHome_b27af973,h,Indeed. I have talked to Vincent about the images of him floating social media.,game/tl/portuguese/scene/News/news_headhome.rpy,150,"h neutral ""[what]"""
News_HeadHome_30dd4a38,h,"He understands my approach here, and how...those outside our walls may not understand that approach.",game/tl/portuguese/scene/News/news_headhome.rpy,151,"h friendly ""[what]"""
News_HeadHome_193b1142,h,"But since we apparently have the attention of the media currently, I do not want anything ""else"" to surface, that could harm our reputation.",game/tl/portuguese/scene/News/news_headhome.rpy,152,"h tough ""[what]"""
News_HeadHome_4fc77518,h,Do you understand?,game/tl/portuguese/scene/News/news_headhome.rpy,153,"h suspicious ""[what]"""
News_HeadHome_d7f74fdb,c,I guess so...,game/tl/portuguese/scene/News/news_headhome.rpy,154,"c suspicious ""[what]"""
News_HeadHome_7aea992a,h,Good!,game/tl/portuguese/scene/News/news_headhome.rpy,155,"h happy ""[what]"""
News_HeadHome_832fb0d6,h,"Of course,",game/tl/portuguese/scene/News/news_headhome.rpy,159,"h friendly ""[what]"""
News_HeadHome_661cf10f,,"The headmaster continued, warmth still in his voice.",game/tl/portuguese/scene/News/news_headhome.rpy,160,[what]
News_HeadHome_24ab18f9,h,It's not your fault. Accidents happen.,game/tl/portuguese/scene/News/news_headhome.rpy,161,"h ""[what]"""
News_HeadHome_ae84d3ce,h,"But the university's reputation is at stake, and so is your future here.",game/tl/portuguese/scene/News/news_headhome.rpy,162,"h tough ""[what]"""
News_HeadHome_a526eee5,c,Are you talking about what happened yesterday after the wrestling match - or something else?,game/tl/portuguese/scene/News/news_headhome.rpy,163,"c suspicious ""[what]"""
News_HeadHome_5853fd7f,,The headmaster looked at you with an unreadable expression.,game/tl/portuguese/scene/News/news_headhome.rpy,165,[what]
News_HeadHome_cc55d928,h,Is there anything else you could - or would - share with the media?,game/tl/portuguese/scene/News/news_headhome.rpy,166,"h suspicious ""[what]"""
News_HeadHome_2c23ce7e,c,"Sir,",game/tl/portuguese/scene/News/news_headhome.rpy,167,"c sad ""[what]"""
News_HeadHome_e72d9b2a,,"You began, your throat dry,",game/tl/portuguese/scene/News/news_headhome.rpy,168,[what]
News_HeadHome_4e848f12,c,"I understand, but ",game/tl/portuguese/scene/News/news_headhome.rpy,169,"c ""[what]"""
News_HeadHome_da808199,h,"Listen,",game/tl/portuguese/scene/News/news_headhome.rpy,170,"h friendly ""[what]"""
News_HeadHome_fc3b4c8f,,"The headmaster cut you off, leaning forward with a charismatic smile.",game/tl/portuguese/scene/News/news_headhome.rpy,171,[what]
News_HeadHome_15be7af4,h,All I ask is for your support.,game/tl/portuguese/scene/News/news_headhome.rpy,172,"h ""[what]"""
News_HeadHome_32158101,h,"Your review of the ""accident"" - any ""accident"" - could be vital in mitigating any damage to this institution.",game/tl/portuguese/scene/News/news_headhome.rpy,173,"h ""[what]"""
News_HeadHome_8f73bd59,h,"We're in this together, aren't we?",game/tl/portuguese/scene/News/news_headhome.rpy,174,"h flirt ""[what]"""
News_HeadHome_b6f4694f,,You felt a shiver run down your spine as the headmaster's tone shifted ever so slightly.,game/tl/portuguese/scene/News/news_headhome.rpy,175,[what]
News_HeadHome_3ba13291,,"The man's charisma was undeniable, but there was an underlying threat in his words that you couldn't ignore.",game/tl/portuguese/scene/News/news_headhome.rpy,176,[what]
News_HeadHome_c69aa6bd,h,Good.,game/tl/portuguese/scene/News/news_headhome.rpy,182,"h friendly ""[what]"""
News_HeadHome_6eb9262b,,"The headmaster replied, nodding.",game/tl/portuguese/scene/News/news_headhome.rpy,183,[what]
News_HeadHome_a898f5fe,h,I trust that you both will be discreet about this matter and do your best to ensure it doesn't escalate further.,game/tl/portuguese/scene/News/news_headhome.rpy,184,"h ""[what]"""
News_HeadHome_f138c962,c,"Absolutely, sir!",game/tl/portuguese/scene/News/news_headhome.rpy,185,"c tough ""[what]"""
News_HeadHome_bf76c44b,,"You agreed, although your mind raced with questions and doubts.",game/tl/portuguese/scene/News/news_headhome.rpy,186,[what]
News_HeadHome_408512b5,,What did the headmaster truly want from you both?,game/tl/portuguese/scene/News/news_headhome.rpy,187,[what]
News_HeadHome_013c9b70,,And what would the consequences be if you didn't comply?,game/tl/portuguese/scene/News/news_headhome.rpy,188,[what]
News_HeadHome_0bc53e9c,,The headmaster looked at you stone-faced.,game/tl/portuguese/scene/News/news_headhome.rpy,194,[what]
News_HeadHome_0276e51e,,"He said nothing, and the tension in the room became unbearable.",game/tl/portuguese/scene/News/news_headhome.rpy,195,[what]
News_HeadHome_5aea2ec0,,"Just when you were about to stand up and simply leave the room, he held up a hand to stop you.",game/tl/portuguese/scene/News/news_headhome.rpy,196,[what]
News_HeadHome_32a32140,h,"If you go now, you will leave forever.",game/tl/portuguese/scene/News/news_headhome.rpy,197,"h angry ""[what]"""
News_HeadHome_fd8ad0be,,"You look at him with hatred in your eyes, ready to face the consequences.",game/tl/portuguese/scene/News/news_headhome.rpy,198,[what]
News_HeadHome_20d78051,c,You are going to expel me?,game/tl/portuguese/scene/News/news_headhome.rpy,199,"c surprised ""[what]"""
News_HeadHome_821caa35,,"The moment you said it, those consequences just became painfully real.",game/tl/portuguese/scene/News/news_headhome.rpy,200,[what]
News_HeadHome_de8eaa6f,,Where would you go? What would you do?,game/tl/portuguese/scene/News/news_headhome.rpy,201,[what]
News_HeadHome_2b8208a0,,Would another college accept you?,game/tl/portuguese/scene/News/news_headhome.rpy,202,[what]
News_HeadHome_4135a200,,Are you just about to throw your future away?,game/tl/portuguese/scene/News/news_headhome.rpy,203,[what]
News_HeadHome_0ecbbef0,,Maybe your inner conflict became visible on your face.,game/tl/portuguese/scene/News/news_headhome.rpy,204,[what]
News_HeadHome_4c5ee03a,,You have never been a good poker player.,game/tl/portuguese/scene/News/news_headhome.rpy,205,[what]
News_HeadHome_e31f2478,,"The headmaster's expression changed, becoming charismatic and friendly again.",game/tl/portuguese/scene/News/news_headhome.rpy,207,[what]
News_HeadHome_75e07da2,h,Let's not make any rash decisions we might regret later.,game/tl/portuguese/scene/News/news_headhome.rpy,208,"h friendly ""[what]"""
News_HeadHome_644410f8,,He took a deep breath.,game/tl/portuguese/scene/News/news_headhome.rpy,209,[what]
News_HeadHome_177693f9,h,"You are upset, I understand that.",game/tl/portuguese/scene/News/news_headhome.rpy,210,"h ""[what]"""
News_HeadHome_6dfaf51a,h,But I need you to understand something:,game/tl/portuguese/scene/News/news_headhome.rpy,211,"h ""[what]"""
News_HeadHome_a71cbc44,h,"It is not just your future at stake here, but the college's reputation.",game/tl/portuguese/scene/News/news_headhome.rpy,212,"h neutral ""[what]"""
News_HeadHome_ee9d2964,,"Before you can answer, he held up his hand again.",game/tl/portuguese/scene/News/news_headhome.rpy,213,[what]
News_HeadHome_9b18b4b1,h,Anyway.,game/tl/portuguese/scene/News/news_headhome.rpy,214,"h ""[what]"""
News_HeadHome_3b8941f2,,"The headmaster changed to a conversational tone again, as if nothing happened.",game/tl/portuguese/scene/News/news_headhome.rpy,215,[what]
News_HeadHome_c9a7a069,h,Now to discuss another matter that requires my immediate attention...,game/tl/portuguese/scene/News/news_headhome.rpy,217,"h ""[what]"""
News_HeadHome_18aa221f,h,"Your living situation, Ronald.",game/tl/portuguese/scene/News/news_headhome.rpy,218,"h ""[what]"""
News_HeadHome_a3fd2789,,"Both you and Ron seem taken aback by this, neither of you expecting it to be a topic of conversation today.",game/tl/portuguese/scene/News/news_headhome.rpy,219,[what]
News_HeadHome_8a1e024a,r,"Um...y-yes, Sir?",game/tl/portuguese/scene/News/news_headhome.rpy,220,"r ""[what]"""
News_HeadHome_4f11c692,h,"Originally, I had determined that your continued residency on my campus would be contingent on Julian.",game/tl/portuguese/scene/News/news_headhome.rpy,221,"h ""[what]"""
News_HeadHome_3a63ab84,h,"Unfortunately, Julian was unable to provide the footage that I asked for.",game/tl/portuguese/scene/News/news_headhome.rpy,224,"h ""[what]"""
News_HeadHome_0e9fad00,r,What footage?,game/tl/portuguese/scene/News/news_headhome.rpy,225,"r suspicious ""[what]"""
News_HeadHome_a5488ad3,c,"Headmaster, I don't-",game/tl/portuguese/scene/News/news_headhome.rpy,226,"c sad ""[what]"""
News_HeadHome_653c6c3b,h,Meaning Ronald's time in our dorms might be coming to an end.,game/tl/portuguese/scene/News/news_headhome.rpy,227,"h tough ""[what]"""
News_HeadHome_fe1db884,,"Ron's head droops again, and you look over to him with a concerned expression.",game/tl/portuguese/scene/News/news_headhome.rpy,228,[what]
News_HeadHome_1e406859,h,"As promised, he delivered to me some excellently captured video footage.",game/tl/portuguese/scene/News/news_headhome.rpy,231,"h ""[what]"""
News_HeadHome_0e9fad00_1,r,What footage?,game/tl/portuguese/scene/News/news_headhome.rpy,232,"r suspicious ""[what]"""
News_HeadHome_eacc1850,,The headmaster simply ignored Ron's remark.,game/tl/portuguese/scene/News/news_headhome.rpy,233,[what]
News_HeadHome_c0bae254,h,"He's already been made well aware of my gratitude, believe me.",game/tl/portuguese/scene/News/news_headhome.rpy,234,"h evil ""[what]"""
News_HeadHome_3dab7fda,h,"But I wanted to communicate that same gratitude to you both, for whatever role you might have played in making that recording possible.",game/tl/portuguese/scene/News/news_headhome.rpy,235,"h friendly ""[what]"""
News_HeadHome_44828429,,"The Headmaster's thanks feel dirty on the skin of both boys, like bugs crawling all across their bodies.",game/tl/portuguese/scene/News/news_headhome.rpy,236,[what]
News_HeadHome_ca5ee01a,,His words were equally laced with a wicked appreciation and a thinly-veiled invitation for them to do more.,game/tl/portuguese/scene/News/news_headhome.rpy,237,[what]
News_HeadHome_8bc81e1b,h,"But despite this, recent events have made me reconsider how we conduct things at this school...",game/tl/portuguese/scene/News/news_headhome.rpy,238,"h sad ""[what]"""
News_HeadHome_2dda1b74,h,Perhaps it would safer for the school's reputation to...remove a rogue element like Ronald from the equation altogether.,game/tl/portuguese/scene/News/news_headhome.rpy,239,"h suspicious ""[what]"""
News_HeadHome_53f81b68,r,What?!,game/tl/portuguese/scene/News/news_headhome.rpy,240,"r afraid ""[what]"""
News_HeadHome_a4326b17,c,"You can't, after you got what you wanted! I-",game/tl/portuguese/scene/News/news_headhome.rpy,241,"c angry ""[what]"""
News_HeadHome_9797a12f,h,Quiet!!,game/tl/portuguese/scene/News/news_headhome.rpy,242,"h angry ""[what]"""
News_HeadHome_63ef54b4,h,The dorm you currently occupy is only meant to house two students.,game/tl/portuguese/scene/News/news_headhome.rpy,244,"h tough ""[what]"""
News_HeadHome_659ec028,h,"With a refugee like Ronald making his home there, as well...we are in violation of several fire and safety regulations.",game/tl/portuguese/scene/News/news_headhome.rpy,245,"h ""[what]"""
News_HeadHome_ba976000,h,So...we'll have to come to some understanding as to how to rectify this situation...privately.,game/tl/portuguese/scene/News/news_headhome.rpy,246,"h ""[what]"""
News_HeadHome_a92a7229,,"While Ron remains reserved and quiet, not wanting to make the situation worse, you're angry.",game/tl/portuguese/scene/News/news_headhome.rpy,247,[what]
News_HeadHome_1f49423f,c,What? What do you want?,game/tl/portuguese/scene/News/news_headhome.rpy,248,"c angry ""[what]"""
News_HeadHome_24e2533e,h,"First of all, please keep Nathan out of any of this.",game/tl/portuguese/scene/News/news_headhome.rpy,251,"h neutral ""[what]"""
News_HeadHome_8fca28bf,h,"If anyone else were to know he is my son, it would just make everything more complicated for him.",game/tl/portuguese/scene/News/news_headhome.rpy,252,"h ""[what]"""
News_HeadHome_3dabcb23,h,He has enough to deal with as it is.,game/tl/portuguese/scene/News/news_headhome.rpy,253,"h sad ""[what]"""
News_HeadHome_47a39065,,"Ron looks up with wide eyes at this revelation, but a sharp glare from the Headmaster makes him sink back into himself.",game/tl/portuguese/scene/News/news_headhome.rpy,254,[what]
News_HeadHome_a66c0b99,h,"I'm sure any non-students in the room would be more than inclined to keep that fact to themselves, given their situation.",game/tl/portuguese/scene/News/news_headhome.rpy,255,"h ""[what]"""
News_HeadHome_dbba9d75,,"Ron gulps, weakly nodding.",game/tl/portuguese/scene/News/news_headhome.rpy,256,[what]
News_HeadHome_f1798ab6,h,"Now, with all that out of the way...",game/tl/portuguese/scene/News/news_headhome.rpy,258,"h friendly ""[what]"""
News_HeadHome_e8a708a9,h,"I think the best way to come to some sort of resolution of these issues would be to...help me relax, don't you think?",game/tl/portuguese/scene/News/news_headhome.rpy,259,"h ""[what]"""
News_HeadHome_228238c4,,"You close your eyes as the shoe finally drops, and you nod slowly.",game/tl/portuguese/scene/News/news_headhome.rpy,260,[what]
News_HeadHome_e603819a,r,I - I guess so...,game/tl/portuguese/scene/News/news_headhome.rpy,261,"r ""[what]"""
News_HeadHome_ce3ff046,c,What do you want us to do to...get you more relaxed?,game/tl/portuguese/scene/News/news_headhome.rpy,262,"c suspicious ""[what]"""
News_HeadHome_b66bde4b,,"The Headmaster peers around the living room, then back to the boys, an evil grin spreading across his face.",game/tl/portuguese/scene/News/news_headhome.rpy,263,[what]
News_HeadHome_6b275b39,h,I think this place could use a good cleaning...and I could certainly use a drink after the last twenty four hours.,game/tl/portuguese/scene/News/news_headhome.rpy,264,"h neutral ""[what]"""
News_HeadHome_285f5030,,"As you and Ron sigh and start to move, the Headmaster holds a hand up.",game/tl/portuguese/scene/News/news_headhome.rpy,265,[what]
News_HeadHome_bf4600a6,h,But you couldn't possibly serve me in those outfits...it wouldn't be proper.,game/tl/portuguese/scene/News/news_headhome.rpy,266,"h evil ""[what]"""
News_HeadHome_3d3e47b6,h,"Ronald, there's a uniform for you in the side room.",game/tl/portuguese/scene/News/news_headhome.rpy,267,"h desire ""[what]"""
News_HeadHome_9cb5315e,h,I'll help [name] with his own myself.,game/tl/portuguese/scene/News/news_headhome.rpy,268,"h ""[what]"""
News_HeadHome_ef3e24af,,"Ron glances toward you, clearly worried by the prospect of leaving you alone with the Headmaster. But you nod.",game/tl/portuguese/scene/News/news_headhome.rpy,282,[what]
News_HeadHome_026f579a,c,"Go Ron...it'll all be over soon, right?",game/tl/portuguese/scene/News/news_headhome.rpy,283,"c ""[what]"""
News_HeadHome_0d45a5d2,r,O... okay.,game/tl/portuguese/scene/News/news_headhome.rpy,284,"r ""[what]"""
News_HeadHome_c531e42d,,"As Ron walks into the side room and shuts the door, the Headmaster stares up at you expectantly.",game/tl/portuguese/scene/News/news_headhome.rpy,285,[what]
News_HeadHome_f0423ef8,,"His threatening eyes on you are all you need to comply, starting to strip off your clothes.",game/tl/portuguese/scene/News/news_headhome.rpy,286,[what]
News_HeadHome_73d5f7f7,h,"I also think now would be the best time to remove your chastity cage, [name].",game/tl/portuguese/scene/News/news_headhome.rpy,296,"h friendly ""[what]"""
News_HeadHome_d77e4079,h,Wouldn't want it to...distract from your responsibilities today.,game/tl/portuguese/scene/News/news_headhome.rpy,297,"h ""[what]"""
News_HeadHome_c19b4c91,,You had almost forgotten that you were wearing the cage...,game/tl/portuguese/scene/News/news_headhome.rpy,298,[what]
News_HeadHome_0a4992e1,,"Your slumber the night before was so deep, it had nearly washed that memory from your mind.",game/tl/portuguese/scene/News/news_headhome.rpy,299,[what]
News_HeadHome_0b21e7b7,,"But the metal weight had always been there, and you did find yourself eager to get it off.",game/tl/portuguese/scene/News/news_headhome.rpy,300,[what]
News_HeadHome_bdc80410,c,"Yes, Sir.",game/tl/portuguese/scene/News/news_headhome.rpy,301,"c ""[what]"""
News_HeadHome_be1bbb65,,"You approach the seated Headmaster, key already in his hand as he reaches toward your cock.",game/tl/portuguese/scene/News/news_headhome.rpy,302,[what]
News_HeadHome_94a63bd5,,"He cradles your balls for a moment, almost admiring the sight of your caged manhood.",game/tl/portuguese/scene/News/news_headhome.rpy,303,[what]
News_HeadHome_6cd569a8,,"You shiver as he finally inserts the key, slowly pulling the loose metal contraption from your body.",game/tl/portuguese/scene/News/news_headhome.rpy,304,[what]
News_HeadHome_b46ae296,,"Before you can even take a moment to savor the new feeling of freedom, the Headmaster takes your shaft into his grip.",game/tl/portuguese/scene/News/news_headhome.rpy,305,[what]
News_HeadHome_838558be,,"He pumps it a few times, drawing a few moans out of your lips as you quickly grow hard within his grasp.",game/tl/portuguese/scene/News/news_headhome.rpy,309,[what]
News_HeadHome_8be6611d,h,"Ah, the virility of youth...such a beautiful thing.",game/tl/portuguese/scene/News/news_headhome.rpy,310,"h ""[what]"""
News_HeadHome_8b2abe0a,h,"Hopefully, this won't be the last time I get to be so close to it...",game/tl/portuguese/scene/News/news_headhome.rpy,311,"h ""[what]"""
News_HeadHome_dd202bd4,,"You whine softly, but stand perfectly still as the Headmaster's hand strokes you hungrily.",game/tl/portuguese/scene/News/news_headhome.rpy,312,[what]
News_HeadHome_4d729137,,"After the longest minute of your life, he stops and pulls his hand away, smirking up at you.",game/tl/portuguese/scene/News/news_headhome.rpy,313,[what]
News_HeadHome_bad53217,h,Get dressed. Ronald should be out soon.,game/tl/portuguese/scene/News/news_headhome.rpy,314,"h ""[what]"""
News_HeadHome_2e37cc0e,r,Lord help me!,game/tl/portuguese/scene/News/news_headhome.rpy,319,"r fear ""[what]"""
News_HeadHome_3a1e6afa,,You hear Ron from the other room.,game/tl/portuguese/scene/News/news_headhome.rpy,320,[what]
News_HeadHome_99d8a14a,r,What the hell is this?,game/tl/portuguese/scene/News/news_headhome.rpy,321,"r suspicious ""[what]"""
News_HeadHome_675ba991,,He sounds distressed.,game/tl/portuguese/scene/News/news_headhome.rpy,322,[what]
News_HeadHome_e0063857,r,This is no uniform!,game/tl/portuguese/scene/News/news_headhome.rpy,323,"r sad ""[what]"""
News_HeadHome_b14b1c3f,r,I cannot wear this!,game/tl/portuguese/scene/News/news_headhome.rpy,324,"r angry ""[what]"""
News_HeadHome_e2d64918,,The headmaster sighed and pointed to a small box on the coffee table.,game/tl/portuguese/scene/News/news_headhome.rpy,326,[what]
News_HeadHome_210a6626,h,Take it on. I'll be right back.,game/tl/portuguese/scene/News/news_headhome.rpy,327,"h tough ""[what]"""
News_HeadHome_3535a9ef,,"Inside were the cufflinks and collared bowtie from the last time you were here, this time accompanied by lacy briefs.",game/tl/portuguese/scene/News/news_headhome.rpy,333,[what]
News_HeadHome_cd74ecfd,,Inside were cufflinks and a collared bowtie accompanied by lacy briefs.,game/tl/portuguese/scene/News/news_headhome.rpy,335,[what]
News_HeadHome_1b902bd9,,The whole dress is more revealing than anything else.,game/tl/portuguese/scene/News/news_headhome.rpy,336,[what]
News_HeadHome_0635cb8c,,The headmaster went to the room where Ron disappeared.,game/tl/portuguese/scene/News/news_headhome.rpy,338,[what]
News_HeadHome_1bff17cc,,"You heard them argue, but due to the closed door, you did not understand what they were saying.",game/tl/portuguese/scene/News/news_headhome.rpy,339,[what]
News_HeadHome_98824a86,,"The headmaster comes back into the room after a moment, a satisfied expression on his face.",game/tl/portuguese/scene/News/news_headhome.rpy,340,[what]
News_HeadHome_c78989cb,,"You put on the few sparse pieces of clothing the Headmaster has gifted you, and hear the side door open.",game/tl/portuguese/scene/News/news_headhome.rpy,342,[what]
News_HeadHome_c42e336d,,"Ron emerges dressed like a maid, his outfit basically nothing more than a g-string covered by the smallest of laced flaps and pristine white stockings.",game/tl/portuguese/scene/News/news_headhome.rpy,343,[what]
News_HeadHome_f8693018,,"He still wears his cross around his neck, now adorned with a frilly lace collar and black bow.",game/tl/portuguese/scene/News/news_headhome.rpy,347,[what]
News_HeadHome_8c61c028,,"Ron is clearly deeply embarrassed, his hands in front of his crotch in an attempt to maintaon the slightest bit of modesty.",game/tl/portuguese/scene/News/news_headhome.rpy,348,[what]
News_HeadHome_32ce77fe,,"Despite your disgust at the circumstances, your erection was painfully obvious through the thin material of your undergarments.",game/tl/portuguese/scene/News/news_headhome.rpy,349,[what]
News_HeadHome_18e30654,,"When Ron notices, a new color of red flushes across his cheeks.",game/tl/portuguese/scene/News/news_headhome.rpy,350,[what]
News_HeadHome_7039556a,,"The Headmaster grins, staring at you both.",game/tl/portuguese/scene/News/news_headhome.rpy,351,[what]
News_HeadHome_b3b1cf2d,h,Excellent...you both look wonderful.,game/tl/portuguese/scene/News/news_headhome.rpy,352,"h happy ""[what]"""
News_HeadHome_586e31fc,h,"If the narrative in the media were different, I might consider having you wear these uniforms on campus...but alas.",game/tl/portuguese/scene/News/news_headhome.rpy,353,"h sad ""[what]"""
News_HeadHome_92a8155f,h,Perhaps another time.,game/tl/portuguese/scene/News/news_headhome.rpy,354,"h evil ""[what]"""
News_HeadHome_dd99d6df,h,"Now, Ronald, start cleaning the house.",game/tl/portuguese/scene/News/news_headhome.rpy,355,"h friendly ""[what]"""
News_HeadHome_236363b1,h,"[name], refill my wine glass.",game/tl/portuguese/scene/News/news_headhome.rpy,356,"h ""[what]"""
News_HeadHome_d6431c07,,"As Ron sighs and grabs a nearby feather duster to start cleaning, the Headmaster holds up his empty wine glass, not even looking your way.",game/tl/portuguese/scene/News/news_headhome.rpy,357,[what]
News_HeadHome_3feec7a9,,"You roll your eyes and grab a bottle of wine from the kitchen, pouring the deep red liquid into his glass.",game/tl/portuguese/scene/News/news_headhome.rpy,358,[what]
News_HeadHome_6a58d672,h,"Come down here, [name].",game/tl/portuguese/scene/News/news_headhome.rpy,360,"h ""[what]"""
News_HeadHome_fcbc7304,,He points on the floor just in front of him.,game/tl/portuguese/scene/News/news_headhome.rpy,361,[what]
News_HeadHome_e44caa6d,,Maybe you could learn how to better utilize Ronald in your current living situation.,game/tl/portuguese/scene/News/news_headhome.rpy,362,[what]
News_HeadHome_9da0e26a,,"You growl and kneel before the Headmaster, watching Ron clean the home and put things in the right place for a few moments.",game/tl/portuguese/scene/News/news_headhome.rpy,363,[what]
News_HeadHome_a28a12f5,,"The Headmaster sips his wine and moans deeply against the glass, spreading his legs even further as his eyes are locked onto Ron.",game/tl/portuguese/scene/News/news_headhome.rpy,364,[what]
News_HeadHome_9e612d6a,h,Make your mouth useful while you're here.,game/tl/portuguese/scene/News/news_headhome.rpy,365,"h desire ""[what]"""
News_HeadHome_e2fdc2dc,c,What do you mean?,game/tl/portuguese/scene/News/news_headhome.rpy,366,"c suspicious ""[what]"""
News_HeadHome_ff33d539,h,"I may be watching young Ronald work, but I want to really enjoy watching him work.",game/tl/portuguese/scene/News/news_headhome.rpy,367,"h ""[what]"""
News_HeadHome_8cf6b3f5,h,Now...make use of your mouth.,game/tl/portuguese/scene/News/news_headhome.rpy,368,"h ""[what]"""
News_HeadHome_b1d10291,,"You gulp, taking a deep breath as you reach under the Headmaster's bathrobe to pull out his cock, massive and already rock hard.",game/tl/portuguese/scene/News/news_headhome.rpy,369,[what]
News_HeadHome_c380f0c4,,"As you begin to slowly lick his glans, the Headmaster relaxes back into the couch and moans again, scanning Ron's nearly nude body with his hungry gaze.",game/tl/portuguese/scene/News/news_headhome.rpy,373,[what]
News_HeadHome_65130fb4,,"After awhile, the sounds of the Headmaster's pleasure make Ron turn around, his eyes going wide when he spots the movement of your head.",game/tl/portuguese/scene/News/news_headhome.rpy,374,[what]
News_HeadHome_e2e3332b,,"His own eyes are fixed onto the Headmaster's throbbing cock for a moment, pushing deep in and out of your mouth.",game/tl/portuguese/scene/News/news_headhome.rpy,376,[what]
News_HeadHome_e6f09010,,"But when Ron's stare finally meet the headmaster's hungry eyes, staring back at him, he almost immediately goes back to his cleaning.",game/tl/portuguese/scene/News/news_headhome.rpy,377,[what]
News_HeadHome_d677ed42,,"But as your head speeds up, the Headmaster spots Ron bending over a countertop to clean the farthest edge of it.",game/tl/portuguese/scene/News/news_headhome.rpy,380,[what]
News_HeadHome_c7c6f016,,"In that instant, the small flap covering his ass pulls upward, revealing the thin black material covering his tiny asscheeks.",game/tl/portuguese/scene/News/news_headhome.rpy,381,[what]
News_HeadHome_71ec8ccd,,"The boy whines softly as he extends the celaning cloth to reach, extending one of his feet outward to try to maintain his balance.",game/tl/portuguese/scene/News/news_headhome.rpy,384,[what]
News_HeadHome_01727479,,"When the Headmaster's eyes land on this extended, stocking-cladden foot, you feel his dick twitch in your mouth as an idea enters his demented mind.",game/tl/portuguese/scene/News/news_headhome.rpy,389,[what]
News_HeadHome_b04756e3,h,As much as I adore you boys working so hard...,game/tl/portuguese/scene/News/news_headhome.rpy,390,"h desire ""[what]"""
News_HeadHome_39a789c8,h,I've suddenly remembered that there are a few parts of Ronald's uniform missing.,game/tl/portuguese/scene/News/news_headhome.rpy,391,"h evil ""[what]"""
News_HeadHome_2aa5a6d6,,"Ron moves back to standing upright and turns toward the pair on the couch, gulping as his gaze once again returns to your head and the Headmaster's manhood.",game/tl/portuguese/scene/News/news_headhome.rpy,392,[what]
News_HeadHome_2906446f,r,What is it?,game/tl/portuguese/scene/News/news_headhome.rpy,396,"r ""[what]"""
News_HeadHome_3899ccec,,"The Headmaster reaches into the pocket of his bathrobe, the foreboding smirk returning to his face.",game/tl/portuguese/scene/News/news_headhome.rpy,397,[what]
News_HeadHome_a3ffcae0,,He pulls out two items: a leather panel gag and a pair of matching leather cuffs for the wrists.,game/tl/portuguese/scene/News/news_headhome.rpy,398,[what]
News_HeadHome_3afa3296,,"He hands both of them to you, chuckling.",game/tl/portuguese/scene/News/news_headhome.rpy,399,[what]
News_HeadHome_76dc5353,h,"Please outfit your roommate with these additions, [name].",game/tl/portuguese/scene/News/news_headhome.rpy,400,"h friendly ""[what]"""
News_HeadHome_abd5b07e,c,"Well, that promise to be interesting!",game/tl/portuguese/scene/News/news_headhome.rpy,403,"c flirt ""[what]"""
News_HeadHome_08589708,,"Ron blushes again, but seems to be intrigued.",game/tl/portuguese/scene/News/news_headhome.rpy,404,[what]
News_HeadHome_e8761e33,r,Uhh. You gonna tie me up with this?,game/tl/portuguese/scene/News/news_headhome.rpy,405,"r friendly ""[what]"""
News_HeadHome_7e9ec1b0,c,Only if you want me to...,game/tl/portuguese/scene/News/news_headhome.rpy,406,"c suspicious ""[what]"""
News_HeadHome_1a972cab,,He hesitates for a moment.,game/tl/portuguese/scene/News/news_headhome.rpy,407,[what]
News_HeadHome_c08c8bf3,r,I trust you.,game/tl/portuguese/scene/News/news_headhome.rpy,408,"r tough ""[what]"""
News_HeadHome_746d4918,r,Let's do this!,game/tl/portuguese/scene/News/news_headhome.rpy,409,"r happy ""[what]"""
News_HeadHome_c0685280,,"You blink and tighten your grip on the items, trying to find a way out of this for Ron.",game/tl/portuguese/scene/News/news_headhome.rpy,413,[what]
News_HeadHome_ffedcbb0,c,"Sir, please, you don't have to-",game/tl/portuguese/scene/News/news_headhome.rpy,414,"c sad ""[what]"""
News_HeadHome_02221b5f,h,Let us not forget that this is my home...and my campus.,game/tl/portuguese/scene/News/news_headhome.rpy,415,"h angry ""[what]"""
News_HeadHome_837bb364,h,"Please, assist Ronald by getting them on. Tightly.",game/tl/portuguese/scene/News/news_headhome.rpy,416,"h friendly ""[what]"""
News_HeadHome_793e48cf,,"The words forcibly alleviate your concerns, so you rise to your feet and approach Ron.",game/tl/portuguese/scene/News/news_headhome.rpy,417,[what]
News_HeadHome_2aaec600,c,"I'm so sorry, Ron...",game/tl/portuguese/scene/News/news_headhome.rpy,418,"c sad ""[what]"""
News_HeadHome_7247eeec,,"You whisper, wrapping the cuffs around his wrists and tightening them behind his back.",game/tl/portuguese/scene/News/news_headhome.rpy,419,[what]
News_HeadHome_b5e01cc9,r,"It's okay. I'm okay, really.",game/tl/portuguese/scene/News/news_headhome.rpy,420,"r friendly ""[what]"""
News_HeadHome_f3b039a2,,"You give Ron a small smile, placing the leather panel over his mouth and buckling the gag closed behind his bed.",game/tl/portuguese/scene/News/news_headhome.rpy,425,[what]
News_HeadHome_5cc38c6d,h,I am sure you are going to enjoy it!,game/tl/portuguese/scene/News/news_headhome.rpy,426,"h evil ""[what]"""
News_HeadHome_ae3f39f1,,"Once that's done, you submissively return to the Headmaster's side.",game/tl/portuguese/scene/News/news_headhome.rpy,427,[what]
News_HeadHome_4f741a9c,h,"Feel free to return to cleaning, Ron.",game/tl/portuguese/scene/News/news_headhome.rpy,428,"h friendly ""[what]"""
News_HeadHome_886d53eb,,"Ron glances at the cleaning rug on the counter and whines, confused as to how he could go on.",game/tl/portuguese/scene/News/news_headhome.rpy,430,[what]
News_HeadHome_a4e534d6,,"For the first time since you arrived, the Headmaster rises from the couch, walking around Ron like a predator trapping its prey.",game/tl/portuguese/scene/News/news_headhome.rpy,431,[what]
News_HeadHome_5f8df144,h,I suppose it would be difficult to clean this place being immobilized like that...,game/tl/portuguese/scene/News/news_headhome.rpy,432,"h evil ""[what]"""
News_HeadHome_1fd7a4fe,h,What a shame.,game/tl/portuguese/scene/News/news_headhome.rpy,433,"h sad ""[what]"""
News_HeadHome_1e0a936a,h,"It seems we'll have to find you another way to...be of service, dear Ronald.",game/tl/portuguese/scene/News/news_headhome.rpy,434,"h neutral ""[what]"""
News_HeadHome_439783c8,,The Headmaster's eyes suddenly rotate to stare at you.,game/tl/portuguese/scene/News/news_headhome.rpy,435,[what]
News_HeadHome_8ebad5e0,h,"Show Ronald how...excited you are by his attire, [name].",game/tl/portuguese/scene/News/news_headhome.rpy,436,"h evil ""[what]"""
News_HeadHome_34e65dab,,"You blush at the very thought, closing your legs together around your erection.",game/tl/portuguese/scene/News/news_headhome.rpy,438,[what]
News_HeadHome_9a2413e5,c,"Headmaster, please, I-",game/tl/portuguese/scene/News/news_headhome.rpy,439,"c sad ""[what]"""
News_HeadHome_ee776a54,h,"Ronald is an attractive young man, I'm sure you've noticed...",game/tl/portuguese/scene/News/news_headhome.rpy,440,"h friendly ""[what]"""
News_HeadHome_1634d1ae,h,I'm sure he would appreciate seeing you aroused by his appearance.,game/tl/portuguese/scene/News/news_headhome.rpy,441,"h ""[what]"""
News_HeadHome_e5151dfd,h,So...show us. Now.,game/tl/portuguese/scene/News/news_headhome.rpy,442,"h tough ""[what]"""
News_HeadHome_7e82ba1e,,"Swallowing a lump in your throat, you pull down the lingerie, your erection springing free immediately.",game/tl/portuguese/scene/News/news_headhome.rpy,443,[what]
News_HeadHome_5cbae893,,"Ron's breathing quickens at the sight of your cock, the airflow in and out of his nostrils now audible.",game/tl/portuguese/scene/News/news_headhome.rpy,447,[what]
News_HeadHome_67a4e5d2,h,"He seems to be looking forward to your service, Ronald...join him on the couch.",game/tl/portuguese/scene/News/news_headhome.rpy,448,"h ""[what]"""
News_HeadHome_90167926,,"Ron nervously makes his way over to the couch and sits beside you, his gaze affixed to your cock and his wrists squirm in the restraints.",game/tl/portuguese/scene/News/news_headhome.rpy,449,[what]
News_HeadHome_eaca7e41,h,Since your hands and mouth aren't accessible in your uniform...you'll have to use your feet to pleasure [name].,game/tl/portuguese/scene/News/news_headhome.rpy,450,"h ""[what]"""
News_HeadHome_c6601863,c,Whmph?!,game/tl/portuguese/scene/News/news_headhome.rpy,451,"c ""[what]"""
News_HeadHome_6142f2bc,,"Ron whimpers into his gag, looking down at his feet as he wonders how exactly he might accomplish such a task.",game/tl/portuguese/scene/News/news_headhome.rpy,452,[what]
News_HeadHome_c17fbd8f,h,"Come now, [name]...I would imagine you'd adore being given such an opportunity.",game/tl/portuguese/scene/News/news_headhome.rpy,453,"h ""[what]"""
News_HeadHome_097b190f,h,I can tell Ronald is eager to please...would you really deny him the chance to make his friend happy?,game/tl/portuguese/scene/News/news_headhome.rpy,454,"h ""[what]"""
News_HeadHome_6b36f611,,"You bite your lip, immediately recognizing the truth of the Headmaster's words in Ron's bright and innocent eyes.",game/tl/portuguese/scene/News/news_headhome.rpy,455,[what]
News_HeadHome_0b060c7b,,You wonder if the headmaster will join in at some point.,game/tl/portuguese/scene/News/news_headhome.rpy,458,[what]
News_HeadHome_944e18e7,,"At the thought of it, your dick twitches in anticipation.",game/tl/portuguese/scene/News/news_headhome.rpy,459,[what]
News_HeadHome_a8c754bc,,"At least it was just you and Ron...at this point, that was a blessing.",game/tl/portuguese/scene/News/news_headhome.rpy,462,[what]
News_HeadHome_2c0e5983,,"With a defeated sigh, you nod and spread your legs.",game/tl/portuguese/scene/News/news_headhome.rpy,463,[what]
News_HeadHome_3480510b,c,Of course not... - Sir!,game/tl/portuguese/scene/News/news_headhome.rpy,465,"c ""[what]"""
News_HeadHome_db03a05a,,"The Headmaster grins, clapping his hands together once.",game/tl/portuguese/scene/News/news_headhome.rpy,466,[what]
News_HeadHome_415a0b72,h,"Excellent. Ronald, make my guest cum with your feet.",game/tl/portuguese/scene/News/news_headhome.rpy,467,"h ""[what]"""
News_HeadHome_90fb1f0a,,"You place yourelf on the now empty couch, facing the opposite end of the couch.",game/tl/portuguese/scene/News/news_headhome.rpy,469,[what]
News_HeadHome_f5dab56b,,Ron has some problems to get himself seated without the support of his arms.,game/tl/portuguese/scene/News/news_headhome.rpy,470,[what]
News_HeadHome_0c1d02a6,,He is clearly not used to be tied like this.,game/tl/portuguese/scene/News/news_headhome.rpy,471,[what]
News_HeadHome_f71fa35e,,"You see Ron take a breath to prepare himself, as he slowly stretches his legs across the couch so his small feet rest in your lap.",game/tl/portuguese/scene/News/news_headhome.rpy,472,[what]
News_HeadHome_a5f7d615,,"As soon as his feet begin to rub either side of your member, you moan loudly, not expecting the sensation to feel so good.",game/tl/portuguese/scene/News/news_headhome.rpy,477,[what]
News_HeadHome_c3567e71,,"Ron is slow and exploratory with his motions at first, transitioning from circular motions to a steady up and down pace.",game/tl/portuguese/scene/News/news_headhome.rpy,478,[what]
News_HeadHome_0bae07db,,"His toes flexing and wiggling against your shaft honestly sent you into a frenzy, causing you to start thrusting up toward his feet.",game/tl/portuguese/scene/News/news_headhome.rpy,483,[what]
News_HeadHome_13d9ecef,c,R-Ron...that feels so good...,game/tl/portuguese/scene/News/news_headhome.rpy,484,"c ""[what]"""
News_HeadHome_e2a67469,,"Ron seems to moan happily into his gag at your response, moving his feet faster.",game/tl/portuguese/scene/News/news_headhome.rpy,486,[what]
News_HeadHome_059dbc6b,,"As your cock twitchs and the head leaks precum onto his stockings, you hear the Headmaster's voice again.",game/tl/portuguese/scene/News/news_headhome.rpy,488,[what]
News_HeadHome_36489d26,h,"I can't have you ruining those with your cum, [name]...please take them off before you can't control yourself anymore.",game/tl/portuguese/scene/News/news_headhome.rpy,489,"h ""[what]"""
News_HeadHome_3b5a9f5f,,"You gulp and nod, reaching up the bound Ron's slim legs to the top of each stocking and pulling them down and off.",game/tl/portuguese/scene/News/news_headhome.rpy,492,[what]
News_HeadHome_e03f93ae,,"Once you feel Ron's bare feet, you can't help but sway your hips even faster as you feel intoxicated by the sensation of flesh upon flesh.",game/tl/portuguese/scene/News/news_headhome.rpy,494,[what]
News_HeadHome_31455241,,"His soles are softer than you thought possible, sliding up and down your leaking erection with ease.",game/tl/portuguese/scene/News/news_headhome.rpy,499,[what]
News_HeadHome_8284af09,,"Ron seems to pick up on your accentuted reactions, using all his core strength to pump you even faster with his feet.",game/tl/portuguese/scene/News/news_headhome.rpy,500,[what]
News_HeadHome_36c2ce9e,,"Your eyes are closed and your mouth is wide open, mindlessly thrusting yourself in between his feet as your moans and whimpers echo through the room.",game/tl/portuguese/scene/News/news_headhome.rpy,501,[what]
News_HeadHome_7dc7d21d,,"Knowing the headmaster is watching you, and hearing him grunt occationally, only adds to the intensity and horniness of the scene.",game/tl/portuguese/scene/News/news_headhome.rpy,504,[what]
News_HeadHome_31dfc6e0,,Even though both you and Ron were deeply uncomfortable as you felt the eyes of the Headmaster scanning the scene...,game/tl/portuguese/scene/News/news_headhome.rpy,507,[what]
News_HeadHome_d0920ef6,,You could also innately feel the compassion and care Ron was taking with his movements.,game/tl/portuguese/scene/News/news_headhome.rpy,509,[what]
News_HeadHome_db3b017e,,"When your hips would slow down or speed up, Ron's feet would respond, changing the pace of his soles and toes in kind.",game/tl/portuguese/scene/News/news_headhome.rpy,510,[what]
News_HeadHome_2bd2f9fc,,"But even Ron could tell that your body was approaching climax, with your dick throbbing desperately every few seconds.",game/tl/portuguese/scene/News/news_headhome.rpy,511,[what]
News_HeadHome_893271fa,,"Without looking, you could sense the sadistic smirk once again painting the face of the Headmaster.",game/tl/portuguese/scene/News/news_headhome.rpy,512,[what]
News_HeadHome_5b03a1b0,,"Just like Ron, he knew what was coming.",game/tl/portuguese/scene/News/news_headhome.rpy,513,[what]
News_HeadHome_514107eb,,"Giving in to your rapidly arriving destiny, you begin to pound your hips against Ron's heels, your moans become more guttural and drawn out.",game/tl/portuguese/scene/News/news_headhome.rpy,514,[what]
News_HeadHome_9866d3c8,,"Within seconds, you're blowing your load all over Ron's feet, coating his soles and ankles in the sticky white seed.",game/tl/portuguese/scene/News/news_headhome.rpy,515,[what]
News_HeadHome_2bf7da02,,"And while Ron might have known it was coming, he still whimpers loudly from behind the tape gag as your cum spurts out between his toes.",game/tl/portuguese/scene/News/news_headhome.rpy,520,[what]
News_HeadHome_d635417f,,"As your moans are replaced by the heavy breathing of your come down, you turn your gaze over to Ron.",game/tl/portuguese/scene/News/news_headhome.rpy,521,[what]
News_HeadHome_d3ac6606,,"For a long you are unable to anything but to close your eyes, and the echo of the orgasmn still pulse through your body,...",game/tl/portuguese/scene/News/news_headhome.rpy,525,[what]
News_HeadHome_00cabba3,,"...while your love-bone still spits out a drop of cum now and then, while you feel Ron's cum-covered feet still pressed against it.",game/tl/portuguese/scene/News/news_headhome.rpy,526,[what]
News_HeadHome_60d89bb3,,"You can feel Ron's eyes on you, attempting to read your face and body, trying to ascertain if you are okay and, even more so...",game/tl/portuguese/scene/News/news_headhome.rpy,531,[what]
News_HeadHome_e8f034d9,,...if you liked what he did to you.,game/tl/portuguese/scene/News/news_headhome.rpy,532,[what]
News_HeadHome_677d4b94,,"Before your lips and voice can join to form a single word, the booming voice of the Headmaster fills the room.",game/tl/portuguese/scene/News/news_headhome.rpy,533,[what]
News_HeadHome_cd1068a3,h,What an excellent showing from young Ronald!,game/tl/portuguese/scene/News/news_headhome.rpy,535,"h ""[what]"""
News_HeadHome_b6430471,,"At this moment, you have almost forgotten he is even still here.",game/tl/portuguese/scene/News/news_headhome.rpy,537,[what]
News_HeadHome_cc5a73a7,h,It seems you've certainly...,game/tl/portuguese/scene/News/news_headhome.rpy,538,"h ""[what]"""
News_HeadHome_479b23ae,h,...serviced [name] successfully.,game/tl/portuguese/scene/News/news_headhome.rpy,539,"h ""[what]"""
News_HeadHome_1d6fefdc,,"With your now limp cock still sitting beside Ron's heels, the Headmaster peers over to survey the aftermath of your orgasm.",game/tl/portuguese/scene/News/news_headhome.rpy,540,[what]
News_HeadHome_32a30ae4,h,"Look at how you covered your friend's feet in your cum, [name]...",game/tl/portuguese/scene/News/news_headhome.rpy,541,"h ""[what]"""
News_HeadHome_1c27b4c3,h,You made such a mess.,game/tl/portuguese/scene/News/news_headhome.rpy,542,"h ""[what]"""
News_HeadHome_9ac966d3,c,"Ron, I'm sorry, I-",game/tl/portuguese/scene/News/news_headhome.rpy,543,"c ""[what]"""
News_HeadHome_3cadb314,h,As a good guest...,game/tl/portuguese/scene/News/news_headhome.rpy,544,"h ""[what]"""
News_HeadHome_07ad09a2,h,"...and more importantly, a good home servant...",game/tl/portuguese/scene/News/news_headhome.rpy,545,"h ""[what]"""
News_HeadHome_e12d4ace,h,You should clean up your mess.,game/tl/portuguese/scene/News/news_headhome.rpy,546,"h ""[what]"""
News_HeadHome_1e9d1574,,"You immediately swallow a lump in your throat, understanding exactly what the Headmaster wanted to see.",game/tl/portuguese/scene/News/news_headhome.rpy,547,[what]
News_HeadHome_f37dd673,,"Gritting your teeth, you bend down and extend your tongue onto Ron's foot, beginning to lap up your seed.",game/tl/portuguese/scene/News/news_headhome.rpy,548,[what]
News_HeadHome_19f0d7ea,,"With your tongue sliding along his soles, you can hear Ron lightly moaning into the duct tape that covers his mouth.",game/tl/portuguese/scene/News/news_headhome.rpy,552,[what]
News_HeadHome_c68aabad,,"You wrap your lips around his toes and suck off the remaining cum, swallowing every last drop as you wince at the taste.",game/tl/portuguese/scene/News/news_headhome.rpy,553,[what]
News_HeadHome_2ccd868f,,"Ron's stare follows your motions closely, genuinely unsure if he is more turned on or disturbed by the situation.",game/tl/portuguese/scene/News/news_headhome.rpy,554,[what]
News_HeadHome_7304c65a,,"He begins to moan, and occationally twitch his food, when you tickle him with your tongue.",game/tl/portuguese/scene/News/news_headhome.rpy,555,[what]
News_HeadHome_5696292f,,"His other feet, still covered in cum, begins to gently touch and squeeze your crotch.",game/tl/portuguese/scene/News/news_headhome.rpy,556,[what]
News_HeadHome_e04846f1,,"The more you lick his feet clean, the more Ron begins to struggle against his restrains.",game/tl/portuguese/scene/News/news_headhome.rpy,557,[what]
News_HeadHome_e00247ae,,You can tell Ron wants nothing more right now other than to jerk himsell off.,game/tl/portuguese/scene/News/news_headhome.rpy,558,[what]
News_HeadHome_298889e1,,"His toes try to grab your dick, and you have a hard time preventing his other feet to accidentally kick you in the face, while Ron fights his restrains.",game/tl/portuguese/scene/News/news_headhome.rpy,559,[what]
News_HeadHome_0d9b6566,,"Just when you are about to swallow the last drop of your own cum, you can tell Ron is about to cum.",game/tl/portuguese/scene/News/news_headhome.rpy,560,[what]
News_HeadHome_0aec0103,,"His movement is even more spastic now, and his nostrils makes noticable sounds while he struggles to breath enough air in.",game/tl/portuguese/scene/News/news_headhome.rpy,561,[what]
News_HeadHome_28d94f27,,"You watch with fascination as his little panties become visibly wet, as Ron is cumming.",game/tl/portuguese/scene/News/news_headhome.rpy,562,[what]
News_HeadHome_1a676d62,,"Once you're done, the Headmaster lets out a dry chuckle.",game/tl/portuguese/scene/News/news_headhome.rpy,565,[what]
News_HeadHome_07ad90cb,h,"Both of you, please...join me over here.",game/tl/portuguese/scene/News/news_headhome.rpy,566,"h ""[what]"""
News_HeadHome_31517a8b,,"As you help the still restrained Ron up from the couch, you see the Headmaster gesturing to the floor in front of him.",game/tl/portuguese/scene/News/news_headhome.rpy,567,[what]
News_HeadHome_39a98815,,He leaves no question about what he wants from you both now.,game/tl/portuguese/scene/News/news_headhome.rpy,568,[what]
News_HeadHome_d551c373,,"He lets his robe fall to the ground, presenting the headmaster completely naked - and with his big cock full erected.",game/tl/portuguese/scene/News/news_headhome.rpy,569,[what]
News_HeadHome_ae379743,,"You see his cock, protruding outward and twitching occasionally as he eagerly beckons the two of you over.",game/tl/portuguese/scene/News/news_headhome.rpy,570,[what]
News_HeadHome_42238b70,,"Ron's eyes are wide, but he follows you submissively as you get on your knees right in front of your Headmaster.",game/tl/portuguese/scene/News/news_headhome.rpy,571,[what]
News_HeadHome_1397328c,,"Now, the rock-hard shaft sits right between your face and Ron's, nearly touching both of your cheeks.",game/tl/portuguese/scene/News/news_headhome.rpy,575,[what]
News_HeadHome_16058a35,,What a sight for the Headmaster to behold...,game/tl/portuguese/scene/News/news_headhome.rpy,576,[what]
News_HeadHome_2be348ba,,"Two boys at his feet, with one restrained, and both of them are willing to serve him however he wants.",game/tl/portuguese/scene/News/news_headhome.rpy,577,[what]
News_HeadHome_0c15a316,,"That smirk reappears across his face, and he shakes his head slowly in disbelief.",game/tl/portuguese/scene/News/news_headhome.rpy,578,[what]
News_HeadHome_db2a094b,h,"Quite the perks I have, with my position...",game/tl/portuguese/scene/News/news_headhome.rpy,579,"h ""[what]"""
News_HeadHome_c962c361,,"His gaze then turns to Ron, running his thumb over the tape stretched across his cheek.",game/tl/portuguese/scene/News/news_headhome.rpy,580,[what]
News_HeadHome_e61a089e,h,"It's a shame we don't have access to that mouth of yours, Ronald...",game/tl/portuguese/scene/News/news_headhome.rpy,581,"h ""[what]"""
News_HeadHome_d012a3a1,h,"It would be very useful in...this kind of housework, don't you think?",game/tl/portuguese/scene/News/news_headhome.rpy,582,"h ""[what]"""
News_HeadHome_a5b4d376,,"As he speaks, the Headmaster starts running his dick along the covered mouth of Ron.",game/tl/portuguese/scene/News/news_headhome.rpy,583,[what]
News_HeadHome_e601feaa,,"He slides his shaft along the length of the duct tape, rubbing it all across the gagged face of the boy.",game/tl/portuguese/scene/News/news_headhome.rpy,584,[what]
News_HeadHome_5d91c5c8,,"And since Ron can only breathe through his nose, the Headmaster ensures he's made to take a few deep sniffs of his erection.",game/tl/portuguese/scene/News/news_headhome.rpy,588,[what]
News_HeadHome_5685ff85,,"You clench your fists as you watch this, forcing yourself to remain quiet as he drags his cock across Ron's innocent expression.",game/tl/portuguese/scene/News/news_headhome.rpy,589,[what]
News_HeadHome_f9120773,,"Once he's done embarrassing him, the Headmaster pulls his manhood back to the center of you both.",game/tl/portuguese/scene/News/news_headhome.rpy,590,[what]
News_HeadHome_cf5b98f8,h,"Do you want your mouth free for my cock, Ronald?",game/tl/portuguese/scene/News/news_headhome.rpy,591,"h friendly ""[what]"""
News_HeadHome_c970c147,h,"I mean, how else could you service me like this?",game/tl/portuguese/scene/News/news_headhome.rpy,592,"h ""[what]"""
News_HeadHome_8dea6be3,,"Ron glances at you nervously, before looking up at the Headmaster and nodding quickly, his voice muffled by the tape.",game/tl/portuguese/scene/News/news_headhome.rpy,593,[what]
News_HeadHome_23b4a859,,The Headmaster laughs.,game/tl/portuguese/scene/News/news_headhome.rpy,594,[what]
News_HeadHome_379d6d6d,h,Then...beg for it.,game/tl/portuguese/scene/News/news_headhome.rpy,595,"h evil ""[what]"""
News_HeadHome_c3ca0e6f,c,"Headmaster, just let me-!",game/tl/portuguese/scene/News/news_headhome.rpy,596,"c sad ""[what]"""
News_HeadHome_5c9fa921,,"Ron whimpers loudly behind his gag, looking up at the man before you and him with pleading eyes.",game/tl/portuguese/scene/News/news_headhome.rpy,597,[what]
News_HeadHome_d3f0c3b9,,"He even rubs his head affectionately against the stiffened cock before him, similarly to how a cat would nuzzle its owner.",game/tl/portuguese/scene/News/news_headhome.rpy,598,[what]
News_HeadHome_f1cced33,,"A shiver runs through your body as you watch this, and the Headmaster seems very pleased.",game/tl/portuguese/scene/News/news_headhome.rpy,599,[what]
News_HeadHome_85f374c8,h,"Good boy, Ronald...",game/tl/portuguese/scene/News/news_headhome.rpy,600,"h happy ""[what]"""
News_HeadHome_a990d395,h,"[name], carefully remove the tape so we can grant young Ronald's wish to assist you.",game/tl/portuguese/scene/News/news_headhome.rpy,601,"h neutral ""[what]"""
News_HeadHome_dd04cb37,,"You try to be as careful as possible slowly unwraping the tape around Ron's face, though you had to pull out some of his backhair, which got caught by the tape's glue.",game/tl/portuguese/scene/News/news_headhome.rpy,606,[what]
News_HeadHome_fffb02a4,r,Outch!,game/tl/portuguese/scene/News/news_headhome.rpy,607,"r angry ""[what]"""
News_HeadHome_d421fcd5,c,Sorry Ron.,game/tl/portuguese/scene/News/news_headhome.rpy,608,"c sad ""[what]"""
News_HeadHome_1a6cf04c,,"Once the tape is gone, Ron immediately looks to the Headmaster's manhood jutting out in front of him.",game/tl/portuguese/scene/News/news_headhome.rpy,610,[what]
News_HeadHome_43864638,h,"Come on now, Ronald. And be gentle.",game/tl/portuguese/scene/News/news_headhome.rpy,612,"h desire ""[what]"""
News_HeadHome_38d97e71,,"His eyes are full of some energetic fascination, some cross between the lust of the moment and the fear of the Headmaster.",game/tl/portuguese/scene/News/news_headhome.rpy,613,[what]
News_HeadHome_4153380b,,The headmaster places his dick right before Ron's mouth.,game/tl/portuguese/scene/News/news_headhome.rpy,615,[what]
News_HeadHome_f1f4b0fc,,"Before you know, Ron leans himself forward to press his mouth against the man's cock.",game/tl/portuguese/scene/News/news_headhome.rpy,616,[what]
News_HeadHome_0b194ecc,,"He hesitates for a moment, then slowly opens his mouth, and the headmaster pushes forward.",game/tl/portuguese/scene/News/news_headhome.rpy,617,[what]
News_HeadHome_cd39119e,,"Soon enough, Ron's small mouth opens at the tip and starts moving downward, finally drawing a moan out of the Headmaster.",game/tl/portuguese/scene/News/news_headhome.rpy,623,[what]
News_HeadHome_642a3524,,"It elicits a similar sound from Ron, going as far as he can toward the base before gagging and pulling himself back.",game/tl/portuguese/scene/News/news_headhome.rpy,624,[what]
News_HeadHome_43bfc814,h,"Gentle! Oh yes, that's it!",game/tl/portuguese/scene/News/news_headhome.rpy,625,"h desire ""[what]"""
News_HeadHome_1e3abaac,,"Tracking the movements of his lips and jaw, you can tell he's eagerly sucking and swirling his tongue around the man.",game/tl/portuguese/scene/News/news_headhome.rpy,626,[what]
News_HeadHome_f0602f56,,"His hips moved forward and back, and each time he pushed a little bit deeper into Ron's mouth.",game/tl/portuguese/scene/News/news_headhome.rpy,628,[what]
News_HeadHome_3c55f488,,"As Ron realizes his skills may not be sufficient, he tries to work up a steady pace of what he can accomplish.",game/tl/portuguese/scene/News/news_headhome.rpy,629,[what]
News_HeadHome_04edd8ce,,"Alternating between the deepthroating attempts and the shaft work taken up by his lips and tongue,",game/tl/portuguese/scene/News/news_headhome.rpy,630,[what]
News_HeadHome_03e123f1,,"Ron amorously pleasures the cock of your Headmaster, letting out vibrating moans as he works.",game/tl/portuguese/scene/News/news_headhome.rpy,631,[what]
News_HeadHome_808520d3,,"Your eyes once again move to the bulge in the panties of your friend's 'uniform,' spotting the twitching erection captive beneath the material.",game/tl/portuguese/scene/News/news_headhome.rpy,633,[what]
News_HeadHome_62f21b77,,"Without thinking, you find yourself pushing yourself forward, pushing your own lips and tongue against the Headmaster.",game/tl/portuguese/scene/News/news_headhome.rpy,634,[what]
News_HeadHome_323be602,,He grunts as you start to stimulate him further by licking his shaft and balls.,game/tl/portuguese/scene/News/news_headhome.rpy,635,[what]
News_HeadHome_0a50065b,,"As Ron wraps his lips around the side of the shaft and licks the underside, your mouth meets his.",game/tl/portuguese/scene/News/news_headhome.rpy,637,[what]
News_HeadHome_99bab1a0,,"You lap your tongue against Ron's, pressing your lips to his (and the Headmaster's outstretched member that lays between them).",game/tl/portuguese/scene/News/news_headhome.rpy,639,[what]
News_HeadHome_6cb5604c,,"There's passion behind your movements, the lust of your kiss making the Headmaster throw his head back in ecstasy.",game/tl/portuguese/scene/News/news_headhome.rpy,640,[what]
News_HeadHome_42a8f30b,,"His hands quickly move to the back of your head's, keeping you in place and entrapping you within your own pleasure with Ron.",game/tl/portuguese/scene/News/news_headhome.rpy,641,[what]
News_HeadHome_2985360d,,"As Ron moans and you both suckle and lick along the Headmaster's member,",game/tl/portuguese/scene/News/news_headhome.rpy,642,[what]
News_HeadHome_7ae10817,,"You reach your hand over and get a grip on the fabric over Ron's crotch, getting a grip on the dick underneath.",game/tl/portuguese/scene/News/news_headhome.rpy,643,[what]
News_HeadHome_1ddef896,,"Ron whines loudly in approval, clearly desperate for this sort of attention.",game/tl/portuguese/scene/News/news_headhome.rpy,644,[what]
News_HeadHome_5bd1984c,,"You start fondling Ron through his undergarments, making his mouth move with an added intensity.",game/tl/portuguese/scene/News/news_headhome.rpy,645,[what]
News_HeadHome_c0e992a9,h,"Ahh, yes...let him join in the fun...",game/tl/portuguese/scene/News/news_headhome.rpy,646,"h desire ""[what]"""
News_HeadHome_b92d842d,,"As your mind and body are both twisted into the whirlwind of the moment, you feel yourself pulling Ron's panties to the side.",game/tl/portuguese/scene/News/news_headhome.rpy,647,[what]
News_HeadHome_b0634fe9,,"You get a firm grip on his naked shaft, pumping it with all the energy you can muster.",game/tl/portuguese/scene/News/news_headhome.rpy,648,[what]
News_HeadHome_8580f488,,"The sensation of skin upon skin like this only intensifies Ron's arousal, boosting the volume of his noises considerably.",game/tl/portuguese/scene/News/news_headhome.rpy,649,[what]
News_HeadHome_f32dfd2f,,"When the Headmaster begins thrusting his rock-hard manhood between the lips on either side,",game/tl/portuguese/scene/News/news_headhome.rpy,650,[what]
News_HeadHome_ab780c39,,"Ron follows his lead in kind, swaying his hips so his cock thrusts in and out of your grip.",game/tl/portuguese/scene/News/news_headhome.rpy,651,[what]
News_HeadHome_57ca36d4,,"Now you even hear yourself moaning, your mouth and hand working carnally to pleasure the dicks of both men.",game/tl/portuguese/scene/News/news_headhome.rpy,652,[what]
News_HeadHome_ddb6dcc0,,"This lust-filled mind haze is interrupted once the Headmaster's warm seed spurts out, coating the faces of you and Ron in sticky white cum.",game/tl/portuguese/scene/News/news_headhome.rpy,653,[what]
News_HeadHome_1c796356,,"Globs paint your lips and cheeks, leaving you both covered.",game/tl/portuguese/scene/News/news_headhome.rpy,654,[what]
News_HeadHome_d4622d72,,"It isn't long before Ron is shooting into your hand, pushed over the edge by your constant pumping and the Headmaster's sweaty scent filling his nostrils.",game/tl/portuguese/scene/News/news_headhome.rpy,655,[what]
News_HeadHome_57ebc7df,,Ropes of your friend's cum have your hand similarly splattered all over.,game/tl/portuguese/scene/News/news_headhome.rpy,656,[what]
News_HeadHome_7d85bc0a,,"When you finally look up, you are greeted with the heavy breathing and sly smile of the Headmaster.",game/tl/portuguese/scene/News/news_headhome.rpy,657,[what]
News_HeadHome_03c51ad1,,"His eyes stare down at the scene before him, almost like they're attempting to memorize the immage you and Ron have created at his feet.",game/tl/portuguese/scene/News/news_headhome.rpy,658,[what]
News_HeadHome_1cf8f9c6,,"You feel his hand petting your head, as it does Ron's, as he says,",game/tl/portuguese/scene/News/news_headhome.rpy,659,[what]
News_HeadHome_eac16422,h,"That...was superb service, from both of you.",game/tl/portuguese/scene/News/news_headhome.rpy,660,"h friendly ""[what]"""
News_HeadHome_2a370daa,h,I couldn't be more impressed.,game/tl/portuguese/scene/News/news_headhome.rpy,661,"h happy ""[what]"""
News_HeadHome_e80fa23c,,This is just the moment when the door burst open - and his wife is standing in the doorframe.,game/tl/portuguese/scene/News/news_headhome.rpy,665,[what]
News_HeadHome_3dba3568,m,What on earth is going on here?,game/tl/portuguese/scene/News/news_headhome.rpy,668,"m angry ""[what]"""
News_HeadHome_a769d2ef,,"The woman's voice was sharp and cold, her eyes narrowing as she took in the bizarre scene before her.",game/tl/portuguese/scene/News/news_headhome.rpy,669,[what]
News_HeadHome_a7ad573d,h,Darling! I didn't expect you home so soon.,game/tl/portuguese/scene/News/news_headhome.rpy,672,"h neutral ""[what]"""
News_HeadHome_13a03724,,"A deafening silence followed, broken only by the ticking of the clock.",game/tl/portuguese/scene/News/news_headhome.rpy,674,[what]
News_HeadHome_8c8b7a2e,,"You could feel the weight of her gaze as she scrutinized you and Ron, your faces burning with embarrassment.",game/tl/portuguese/scene/News/news_headhome.rpy,675,[what]
News_HeadHome_525e4711,,Somehow this felt more embarrassing than the whole wrestling-situation.,game/tl/portuguese/scene/News/news_headhome.rpy,678,[what]
News_HeadHome_698d710a,,"The headmaster's wife stood frozen, her mouth agape as she took in the sight of Ron and Connor in their humiliating attire.",game/tl/portuguese/scene/News/news_headhome.rpy,681,[what]
News_HeadHome_9d78decc,,"Her eyes were wide with disbelief, a storm brewing behind them.",game/tl/portuguese/scene/News/news_headhome.rpy,682,[what]
News_HeadHome_a8c326eb,m,I told you: No more pets!,game/tl/portuguese/scene/News/news_headhome.rpy,685,"m ""[what]"""
News_HeadHome_562814d8,h,She is no pet!,game/tl/portuguese/scene/News/news_headhome.rpy,688,"h sad ""[what]"""
News_HeadHome_e8e38603,h,Look! She is maiden!,game/tl/portuguese/scene/News/news_headhome.rpy,689,"h friendly ""[what]"""
News_HeadHome_85249e63,m,And above all:,game/tl/portuguese/scene/News/news_headhome.rpy,692,"m ""[what]"""
News_HeadHome_e71ccb43,,She was screaming the next words.,game/tl/portuguese/scene/News/news_headhome.rpy,693,[what]
News_HeadHome_0cc5195e,m,NO OTHER WOMEN!,game/tl/portuguese/scene/News/news_headhome.rpy,694,"m ""[what]"""
News_HeadHome_220bfd77,h,"Well, she is not really a woman...",game/tl/portuguese/scene/News/news_headhome.rpy,697,"h suspicious ""[what]"""
News_HeadHome_3a98f8ac,,"His wife's nostrils flared, her cheeks flushed with anger as she looked past her husband to you and Ron.",game/tl/portuguese/scene/News/news_headhome.rpy,699,[what]
News_HeadHome_2ccebf49,,"Your faces burned, your hearts thudding painfully in your chests, praying for any kind of reprieve from this nightmare.",game/tl/portuguese/scene/News/news_headhome.rpy,700,[what]
News_HeadHome_657e912f,m,Get out!,game/tl/portuguese/scene/News/news_headhome.rpy,703,"m ""[what]"""
News_HeadHome_048cf380,,"She finally hissed, pointing a trembling finger towards the door.",game/tl/portuguese/scene/News/news_headhome.rpy,704,[what]
News_HeadHome_88746d30,m,Both of you.,game/tl/portuguese/scene/News/news_headhome.rpy,705,"m ""[what]"""
News_HeadHome_c044aaa5,h,"Please, just give me a chance to—",game/tl/portuguese/scene/News/news_headhome.rpy,707,"h sad ""[what]"""
News_HeadHome_31c96a84,,"The headmaster began, but his wife cut him off with a glare that could have frozen a flame.",game/tl/portuguese/scene/News/news_headhome.rpy,708,[what]
News_HeadHome_30061889,m,Go!,game/tl/portuguese/scene/News/news_headhome.rpy,710,"m angry ""[what]"""
News_HeadHome_37fd26d9,,She seethed.,game/tl/portuguese/scene/News/news_headhome.rpy,711,[what]
News_HeadHome_e0ed82b3,m,Now!,game/tl/portuguese/scene/News/news_headhome.rpy,712,"m ""[what]"""
News_HeadHome_60e3e2fc,,"You exchanged a panicked glance with Ron before getting on your feet, and free Ron from his restrains.",game/tl/portuguese/scene/News/news_headhome.rpy,714,[what]
News_HeadHome_0fde26f9,,"Ron hastily trying to smear the cum off his face, while you just manage to grap the underwear lying on the floor, as you both dashed towards the exit, ...",game/tl/portuguese/scene/News/news_headhome.rpy,719,[what]
News_HeadHome_a5f41151,,... desperate to escape the headmaster's home before things spiraled even further out of control.,game/tl/portuguese/scene/News/news_headhome.rpy,720,[what]
News_HeadHome_a9c366dc,,"Humiliation clawed at your insides as you stumbled through the front door, Ron following close behind.",game/tl/portuguese/scene/News/news_headhome.rpy,722,[what]
News_HeadHome_e0690175,,"The weight of their embarrassment felt unbearable, like an anchor dragging them down with each step they took.",game/tl/portuguese/scene/News/news_headhome.rpy,727,[what]
News_HeadHome_57bfbce1,,"They dared not look back, fearing the fury in the headmaster's wife's eyes.",game/tl/portuguese/scene/News/news_headhome.rpy,728,[what]
News_HeadHome_3b6c6690,c,Can't believe this is happening.,game/tl/portuguese/scene/News/news_headhome.rpy,730,"c sad ""[what]"""
News_HeadHome_761000e2,r,Tell me about it.,game/tl/portuguese/scene/News/news_headhome.rpy,732,"r sad ""[what]"""
News_HeadHome_13755de6,,"Ron whispered back, acutely aware of how the maiden-dress clung to his skin, making him feel exposed and vulnerable.",game/tl/portuguese/scene/News/news_headhome.rpy,733,[what]
News_Headmaster_ee6d1e3d,,"As they entered the spacious office, you couldn't help but notice how the decor exuded authority, from the imposing mahogany desk to the rows of leather-bound books that lined the walls.",game/tl/portuguese/scene/News/news_headmaster.rpy,14,[what]
News_Headmaster_2c6ada8e,,"The headmaster was leaning against his desk, his arms folded in front of him, and he greeted them with a warm smile that didn't quite reach his eyes.",game/tl/portuguese/scene/News/news_headmaster.rpy,15,[what]
News_Headmaster_8ddada2f,,He stood up and opened his arms as if greeting an old friend.,game/tl/portuguese/scene/News/news_headmaster.rpy,16,[what]
News_Headmaster_01db3037,h,"Ah, boys, come in!",game/tl/portuguese/scene/News/news_headmaster.rpy,20,"h friendly ""[what]"""
News_Headmaster_3cc85be0,,"The headmaster said, his voice smooth and welcoming.",game/tl/portuguese/scene/News/news_headmaster.rpy,21,[what]
News_Headmaster_b9582303,h,Take a seat.,game/tl/portuguese/scene/News/news_headmaster.rpy,22,"h ""[what]"""
News_Headmaster_fbe91eb8,,"You glanced at Julian before they both sat down in the chairs opposite the headmaster, who retunred to his seat behind the desk.",game/tl/portuguese/scene/News/news_headmaster.rpy,24,[what]
News_Headmaster_1d2fd07b,,You noticed Julian's hand subtly locking the door as the headmaster gestured for him to do so.,game/tl/portuguese/scene/News/news_headmaster.rpy,28,[what]
News_Headmaster_e0484661,,"Uneasiness prickled at your skin, but you tried to suppress it, focusing instead on the man's words.",game/tl/portuguese/scene/News/news_headmaster.rpy,29,[what]
News_Headmaster_338cae08,h,"First, I'd like to assure you both that your well-being is my top priority!",game/tl/portuguese/scene/News/news_headmaster.rpy,31,"h ""[what]"""
News_Headmaster_f75d2138,,"The headmaster began, leaning back in his chair.",game/tl/portuguese/scene/News/news_headmaster.rpy,32,[what]
News_Headmaster_6cafb249,h,I'm deeply concerned about the recent events and any impact they may have had on you.,game/tl/portuguese/scene/News/news_headmaster.rpy,33,"h ""[what]"""
News_Headmaster_fad65491,c,"Thank you, sir.",game/tl/portuguese/scene/News/news_headmaster.rpy,35,"c suspicious ""[what]"""
News_Headmaster_59a07372,,"You replied, your throat feeling dry.",game/tl/portuguese/scene/News/news_headmaster.rpy,36,[what]
News_Headmaster_3a9bde1e,h,"However,",game/tl/portuguese/scene/News/news_headmaster.rpy,38,"h tough ""[what]"""
News_Headmaster_819ad942,,"the headmaster continued,",game/tl/portuguese/scene/News/news_headmaster.rpy,39,[what]
News_Headmaster_78ba8dbd,h,"the school's reputation is at stake here, and by extension, your future careers.",game/tl/portuguese/scene/News/news_headmaster.rpy,40,"h ""[what]"""
News_Headmaster_688bf210,h,I need your support to put this incident behind us.,game/tl/portuguese/scene/News/news_headmaster.rpy,41,"h ""[what]"""
News_Headmaster_3ea68fba,h,"I wanted to discuss your... situation yesterday. It has caused quite a stir, as you can imagine.",game/tl/portuguese/scene/News/news_headmaster.rpy,43,"h neutral ""[what]"""
News_Headmaster_e8b6ec9c,,"You swallowed hard, bracing yourself for whatever came next.",game/tl/portuguese/scene/News/news_headmaster.rpy,45,[what]
News_Headmaster_572447ce,c,I don't understand. I left before any of this happened.,game/tl/portuguese/scene/News/news_headmaster.rpy,48,"c suspicious ""[what]"""
News_Headmaster_b27af973,h,Indeed. I have talked to Vincent about the images of him floating social media.,game/tl/portuguese/scene/News/news_headmaster.rpy,49,"h neutral ""[what]"""
News_Headmaster_a0a25d76,h,"He understands my approach here, and understands the approach.",game/tl/portuguese/scene/News/news_headmaster.rpy,50,"h friendly ""[what]"""
News_Headmaster_193b1142,h,"But since we apparently have the attention of the media currently, I do not want anything ""else"" to surface, that could harm our reputation.",game/tl/portuguese/scene/News/news_headmaster.rpy,51,"h tough ""[what]"""
News_Headmaster_4fc77518,h,Do you understand?,game/tl/portuguese/scene/News/news_headmaster.rpy,52,"h suspicious ""[what]"""
News_Headmaster_d7f74fdb,c,I guess so...,game/tl/portuguese/scene/News/news_headmaster.rpy,53,"c suspicious ""[what]"""
News_Headmaster_7aea992a,h,Good!,game/tl/portuguese/scene/News/news_headmaster.rpy,54,"h happy ""[what]"""
News_Headmaster_832fb0d6,h,"Of course,",game/tl/portuguese/scene/News/news_headmaster.rpy,58,"h friendly ""[what]"""
News_Headmaster_661cf10f,,"The headmaster continued, warmth still in his voice.",game/tl/portuguese/scene/News/news_headmaster.rpy,60,[what]
News_Headmaster_24ab18f9,h,It's not your fault. Accidents happen.,game/tl/portuguese/scene/News/news_headmaster.rpy,61,"h ""[what]"""
News_Headmaster_ae84d3ce,h,"But the university's reputation is at stake, and so is your future here.",game/tl/portuguese/scene/News/news_headmaster.rpy,62,"h tough ""[what]"""
News_Headmaster_a526eee5,c,Are you talking about what happened yesterday after the wrestling match - or something else?,game/tl/portuguese/scene/News/news_headmaster.rpy,64,"c suspicious ""[what]"""
News_Headmaster_5853fd7f,,The headmaster looked at you with an unreadable expression.,game/tl/portuguese/scene/News/news_headmaster.rpy,66,[what]
News_Headmaster_cc55d928,h,Is there anything else you could - or would - share with the media?,game/tl/portuguese/scene/News/news_headmaster.rpy,68,"h suspicious ""[what]"""
News_Headmaster_2c23ce7e,c,"Sir,",game/tl/portuguese/scene/News/news_headmaster.rpy,70,"c sad ""[what]"""
News_Headmaster_e72d9b2a,,"You began, your throat dry,",game/tl/portuguese/scene/News/news_headmaster.rpy,71,[what]
News_Headmaster_9564e558,c,"I understand, but—",game/tl/portuguese/scene/News/news_headmaster.rpy,72,"c ""[what]"""
News_Headmaster_da808199,h,"Listen,",game/tl/portuguese/scene/News/news_headmaster.rpy,74,"h friendly ""[what]"""
News_Headmaster_fc3b4c8f,,"The headmaster cut you off, leaning forward with a charismatic smile.",game/tl/portuguese/scene/News/news_headmaster.rpy,75,[what]
News_Headmaster_15be7af4,h,All I ask is for your support.,game/tl/portuguese/scene/News/news_headmaster.rpy,76,"h ""[what]"""
News_Headmaster_c3a090b0,h,"Your review of the ""accident"" - any ""accident"" - could be vital in mitigating any damage to our name.",game/tl/portuguese/scene/News/news_headmaster.rpy,77,"h ""[what]"""
News_Headmaster_8f73bd59,h,"We're in this together, aren't we?",game/tl/portuguese/scene/News/news_headmaster.rpy,78,"h flirt ""[what]"""
News_Headmaster_2ab0a19e,,You felt a shiver run down his spine as the headmaster's tone shifted ever so slightly.,game/tl/portuguese/scene/News/news_headmaster.rpy,80,[what]
News_Headmaster_3ba13291,,"The man's charisma was undeniable, but there was an underlying threat in his words that you couldn't ignore.",game/tl/portuguese/scene/News/news_headmaster.rpy,81,[what]
News_Headmaster_c69aa6bd,h,Good.,game/tl/portuguese/scene/News/news_headmaster.rpy,93,"h friendly ""[what]"""
News_Headmaster_6eb9262b,,"The headmaster replied, nodding.",game/tl/portuguese/scene/News/news_headmaster.rpy,94,[what]
News_Headmaster_a898f5fe,h,I trust that you both will be discreet about this matter and do your best to ensure it doesn't escalate further.,game/tl/portuguese/scene/News/news_headmaster.rpy,95,"h ""[what]"""
News_Headmaster_f138c962,c,"Absolutely, sir!",game/tl/portuguese/scene/News/news_headmaster.rpy,96,"c tough ""[what]"""
News_Headmaster_bf76c44b,,"You agreed, although your mind raced with questions and doubts.",game/tl/portuguese/scene/News/news_headmaster.rpy,97,[what]
News_Headmaster_4905fb43,,What did the headmaster truly want from them?,game/tl/portuguese/scene/News/news_headmaster.rpy,98,[what]
News_Headmaster_7dd98e04,,And what would the consequences be if they didn't comply?,game/tl/portuguese/scene/News/news_headmaster.rpy,99,[what]
News_Headmaster_0bc53e9c,,The headmaster looked at you stone-faced.,game/tl/portuguese/scene/News/news_headmaster.rpy,109,[what]
News_Headmaster_0276e51e,,"He said nothing, and the tension in the room became unbearable.",game/tl/portuguese/scene/News/news_headmaster.rpy,110,[what]
News_Headmaster_5aea2ec0,,"Just when you were about to stand up and simply leave the room, he held up a hand to stop you.",game/tl/portuguese/scene/News/news_headmaster.rpy,111,[what]
News_Headmaster_72283f8e,,You just remembered the door is still locked.,game/tl/portuguese/scene/News/news_headmaster.rpy,112,[what]
News_Headmaster_7954a086,,Would he stop you by force?,game/tl/portuguese/scene/News/news_headmaster.rpy,113,[what]
News_Headmaster_32a32140,h,"If you go now, you will leave forever.",game/tl/portuguese/scene/News/news_headmaster.rpy,114,"h angry ""[what]"""
News_Headmaster_fd8ad0be,,"You look at him with hatred in your eyes, ready to face the consequences.",game/tl/portuguese/scene/News/news_headmaster.rpy,115,[what]
News_Headmaster_20d78051,c,You are going to expel me?,game/tl/portuguese/scene/News/news_headmaster.rpy,116,"c surprised ""[what]"""
News_Headmaster_821caa35,,"The moment you said it, those consequences just became painfully real.",game/tl/portuguese/scene/News/news_headmaster.rpy,117,[what]
News_Headmaster_de8eaa6f,,Where would you go? What would you do?,game/tl/portuguese/scene/News/news_headmaster.rpy,118,[what]
News_Headmaster_2b8208a0,,Would another college accept you?,game/tl/portuguese/scene/News/news_headmaster.rpy,119,[what]
News_Headmaster_4135a200,,Are you just about to throw your future away?,game/tl/portuguese/scene/News/news_headmaster.rpy,120,[what]
News_Headmaster_0ecbbef0,,Maybe your inner conflict became visible on your face.,game/tl/portuguese/scene/News/news_headmaster.rpy,121,[what]
News_Headmaster_4c5ee03a,,You have never been a good poker player.,game/tl/portuguese/scene/News/news_headmaster.rpy,122,[what]
News_Headmaster_e31f2478,,"The headmaster's expression changed, becoming charismatic and friendly again.",game/tl/portuguese/scene/News/news_headmaster.rpy,124,[what]
News_Headmaster_75e07da2,h,Let's not make any rash decisions we might regret later.,game/tl/portuguese/scene/News/news_headmaster.rpy,125,"h friendly ""[what]"""
News_Headmaster_644410f8,,He took a deep breath.,game/tl/portuguese/scene/News/news_headmaster.rpy,126,[what]
News_Headmaster_177693f9,h,"You are upset, I understand that.",game/tl/portuguese/scene/News/news_headmaster.rpy,127,"h ""[what]"""
News_Headmaster_6dfaf51a,h,But I need you to understand something:,game/tl/portuguese/scene/News/news_headmaster.rpy,128,"h ""[what]"""
News_Headmaster_a71cbc44,h,"It is not just your future at stake here, but the college's reputation.",game/tl/portuguese/scene/News/news_headmaster.rpy,129,"h neutral ""[what]"""
News_Headmaster_ee9d2964,,"Before you can answer, he held up his hand again.",game/tl/portuguese/scene/News/news_headmaster.rpy,130,[what]
News_Headmaster_9b18b4b1,h,Anyway.,game/tl/portuguese/scene/News/news_headmaster.rpy,131,"h ""[what]"""
News_Headmaster_3b8941f2,,"The headmaster changed to a conversational tone again, as if nothing happened.",game/tl/portuguese/scene/News/news_headmaster.rpy,132,[what]
News_Headmaster_04f00a76,h,Let's talk about your refugee.,game/tl/portuguese/scene/News/news_headmaster.rpy,136,"h neutral ""[what]"""
News_Headmaster_8c387486,c,Refugee?,game/tl/portuguese/scene/News/news_headmaster.rpy,137,"c suspicious ""[what]"""
News_Headmaster_403b688d,,You are confused. Which refugee is he talking about?,game/tl/portuguese/scene/News/news_headmaster.rpy,138,[what]
News_Headmaster_13d25705,j,Ron.,game/tl/portuguese/scene/News/news_headmaster.rpy,140,"j sad ""[what]"""
News_Headmaster_b0cda103,,Julian immediately understood whom the headmaster was referring to.,game/tl/portuguese/scene/News/news_headmaster.rpy,141,[what]
News_Headmaster_3407d4ef,c,"Oh, right.",game/tl/portuguese/scene/News/news_headmaster.rpy,143,"c surprised ""[what]"""
News_Headmaster_6ab518ff,h,Unfortunately you did not deliver what I asked you for.,game/tl/portuguese/scene/News/news_headmaster.rpy,146,"h sad ""[what]"""
News_Headmaster_1aaac942,,The headmaster looked at Julian.,game/tl/portuguese/scene/News/news_headmaster.rpy,147,[what]
News_Headmaster_251900e3,j,The video footage.,game/tl/portuguese/scene/News/news_headmaster.rpy,148,"j down ""[what]"""
News_Headmaster_c3c3ab90,h,Yes. I am very disappointed in you.,game/tl/portuguese/scene/News/news_headmaster.rpy,149,"h neutral ""[what]"""
News_Headmaster_0711ed7c,h,I appreciate your video donation you sent me.,game/tl/portuguese/scene/News/news_headmaster.rpy,152,"h friendly ""[what]"""
News_Headmaster_5eae9532,c,The webcam footage?,game/tl/portuguese/scene/News/news_headmaster.rpy,153,"c angry ""[what]"""
News_Headmaster_b44eb90c,h,Exactly.,game/tl/portuguese/scene/News/news_headmaster.rpy,154,"h ""[what]"""
News_Headmaster_d97eab81,h,"However, we still have to decide what to do with him.",game/tl/portuguese/scene/News/news_headmaster.rpy,156,"h tough ""[what]"""
News_Headmaster_2f7e35d9,,The headmaster looked at you.,game/tl/portuguese/scene/News/news_headmaster.rpy,159,[what]
News_Headmaster_aebe2cc1,h,It seems like you are having some ... difficulties.,game/tl/portuguese/scene/News/news_headmaster.rpy,160,"h evil ""[what]"""
News_Headmaster_7637d640,h,"If you cooperate, I will make sure he gets his own room as soon as a dorm becomes available and therefore getting him off your heels.",game/tl/portuguese/scene/News/news_headmaster.rpy,161,"h friendly ""[what]"""
News_Headmaster_9277f65b,,You shrugged.,game/tl/portuguese/scene/News/news_headmaster.rpy,163,[what]
News_Headmaster_18d82b81,c,I don't mind keeping him as a play toy.,game/tl/portuguese/scene/News/news_headmaster.rpy,164,"c evil ""[what]"""
News_Headmaster_fe08ff57,,"Julian looked at your in shock, while the headmaster burst out laughing.",game/tl/portuguese/scene/News/news_headmaster.rpy,165,[what]
News_Headmaster_98bd0ac1,h,Maybe we can come to an understanding after all.,game/tl/portuguese/scene/News/news_headmaster.rpy,166,"h laugh ""[what]"""
News_Headmaster_e3a61bd3,,He looked at you with new interest.,game/tl/portuguese/scene/News/news_headmaster.rpy,167,[what]
News_Headmaster_1943e4ce,h,I might have underestimated you after all.,game/tl/portuguese/scene/News/news_headmaster.rpy,168,"h suspicious ""[what]"""
News_Headmaster_c6d2b84c,h,Technically the dorm room you live in now is only for two persons.,game/tl/portuguese/scene/News/news_headmaster.rpy,171,"h evil ""[what]"""
News_Headmaster_c6e55f1d,h,So unfortunately I will have to remove someone from there.,game/tl/portuguese/scene/News/news_headmaster.rpy,172,"h sad ""[what]"""
News_Headmaster_923c8e02,h,"You know, fire regulations and stuff...",game/tl/portuguese/scene/News/news_headmaster.rpy,173,"h ""[what]"""
News_Headmaster_ae0bdc12,j,No! You can't do that!,game/tl/portuguese/scene/News/news_headmaster.rpy,174,"j angry ""[what]"""
News_Headmaster_4d2c041e,,Julian is shaking visibly.,game/tl/portuguese/scene/News/news_headmaster.rpy,175,[what]
News_Headmaster_655adf93,j,You said he could stay if I ... if I ...,game/tl/portuguese/scene/News/news_headmaster.rpy,178,"j sad ""[what]"""
News_Headmaster_88caba82,,Julian wasn't able to finish the sentence.,game/tl/portuguese/scene/News/news_headmaster.rpy,179,[what]
News_Headmaster_5b6807b3,,The headmaster finished the sentece with an evil smile.,game/tl/portuguese/scene/News/news_headmaster.rpy,180,[what]
News_Headmaster_11b85c56,h,If you fucked him. And proofe it to me.,game/tl/portuguese/scene/News/news_headmaster.rpy,181,"h evil ""[what]"""
News_Headmaster_8795cea3,,"Julian looked down, blushing visibly, his hand clunched to fists.",game/tl/portuguese/scene/News/news_headmaster.rpy,182,[what]
News_Headmaster_dcca574a,h,Which you did.,game/tl/portuguese/scene/News/news_headmaster.rpy,183,"h desire ""[what]"""
News_Headmaster_dfa49305,h,I am a man of my word.,game/tl/portuguese/scene/News/news_headmaster.rpy,184,"h friendly ""[what]"""
News_Headmaster_9f4bc41c,,The headmaster paused for a moment.,game/tl/portuguese/scene/News/news_headmaster.rpy,185,[what]
News_Headmaster_6c9754fd,,Julian looked up uncertain.,game/tl/portuguese/scene/News/news_headmaster.rpy,186,[what]
News_Headmaster_a469acc6,h,So he can stay as promised.,game/tl/portuguese/scene/News/news_headmaster.rpy,187,"h ""[what]"""
News_Headmaster_f0a82b6e,h,But - the dorm is still dedicated for two people only.,game/tl/portuguese/scene/News/news_headmaster.rpy,188,"h evil ""[what]"""
News_Headmaster_1631d0b7,h,It would be irresponsible to let you live there together.,game/tl/portuguese/scene/News/news_headmaster.rpy,190,"h sad ""[what]"""
News_Headmaster_8faa8ec7,c,What do you want?,game/tl/portuguese/scene/News/news_headmaster.rpy,191,"c angry ""[what]"""
News_Headmaster_85fc2297,h,"First of all, please keep Nathan out of it.",game/tl/portuguese/scene/News/news_headmaster.rpy,195,"h neutral ""[what]"""
News_Headmaster_3dabcb23,h,He has enough to deal with as it is.,game/tl/portuguese/scene/News/news_headmaster.rpy,196,"h sad ""[what]"""
News_Headmaster_0c8fc0f8,h,"If everyone would know he is my son, it would just make everything more complicated for him.",game/tl/portuguese/scene/News/news_headmaster.rpy,197,"h ""[what]"""
News_Headmaster_7c08cd5b,j,Hold on. Nathan is your son?,game/tl/portuguese/scene/News/news_headmaster.rpy,198,"j surprised ""[what]"""
News_Headmaster_d70f9f6a,,"The headmaster looks sharply at Julian, who immediately seemed to sink into his chair.",game/tl/portuguese/scene/News/news_headmaster.rpy,199,[what]
News_Headmaster_c3ff5e35,j,Never mind. Sorry for the interruption!,game/tl/portuguese/scene/News/news_headmaster.rpy,200,"j sad ""[what]"""
News_Headmaster_ea35b20a,h,Second:,game/tl/portuguese/scene/News/news_headmaster.rpy,203,"h tough ""[what]"""
News_Headmaster_c87c7827,,The headmaster's cold eyes are fixed on you again.,game/tl/portuguese/scene/News/news_headmaster.rpy,204,[what]
News_Headmaster_3a3e6ff3,h,"[name],",game/tl/portuguese/scene/News/news_headmaster.rpy,206,"h evil ""[what]"""
News_Headmaster_e5a16e5d,,"the headmaster said suddenly, his voice cutting through your lingering unease.",game/tl/portuguese/scene/News/news_headmaster.rpy,207,[what]
News_Headmaster_183ae358,h,I have a proposition for you.,game/tl/portuguese/scene/News/news_headmaster.rpy,208,"h ""[what]"""
News_Headmaster_4204bc15,,The mischievious grin on the headmaster's face gives you a goose skin.,game/tl/portuguese/scene/News/news_headmaster.rpy,209,[what]
News_Headmaster_71c4ef1e,,"You glanced at Julian, who looked just as confused as you felt.",game/tl/portuguese/scene/News/news_headmaster.rpy,211,[what]
News_Headmaster_4a20a537,,"The headmaster stood up and walked around his desk, stopping in front of them with an air of authority.",game/tl/portuguese/scene/News/news_headmaster.rpy,212,[what]
News_Headmaster_8a9a9972,h,"Julian, strip!",game/tl/portuguese/scene/News/news_headmaster.rpy,214,"h ""[what]"""
News_Headmaster_15bb0932,,"He ordered, his voice firm and commanding.",game/tl/portuguese/scene/News/news_headmaster.rpy,215,[what]
News_Headmaster_b2fc06b1,,"Julian's eyes widened, but he complied without question, dropping his shirt and removing his pants methodically.",game/tl/portuguese/scene/News/news_headmaster.rpy,217,[what]
News_Headmaster_94b1d119,,"You watched, irritated by the sudden turn of events, anger simmering beneath the surface.",game/tl/portuguese/scene/News/news_headmaster.rpy,222,[what]
News_Headmaster_cc7d7423,h,"[name],",game/tl/portuguese/scene/News/news_headmaster.rpy,224,"h friendly ""[what]"""
News_Headmaster_6f03b7fa,,"the headmaster said, turning his attention back to you.",game/tl/portuguese/scene/News/news_headmaster.rpy,225,[what]
News_Headmaster_9e65539d,h,"Would you like to fuck Julian as compensation for the recent ""incident?""",game/tl/portuguese/scene/News/news_headmaster.rpy,226,"h ""[what]"""
News_Headmaster_407c992c,,"Your jaw dropped, and your eyes darted between Julian's flushed face and the headmaster's unreadable expression.",game/tl/portuguese/scene/News/news_headmaster.rpy,228,[what]
News_Headmaster_95071865,,You couldn't believe what you was hearing.,game/tl/portuguese/scene/News/news_headmaster.rpy,229,[what]
News_Headmaster_07ca7d9c,,This had to be some twisted joke.,game/tl/portuguese/scene/News/news_headmaster.rpy,230,[what]
News_Headmaster_7453b96b,c,"Sir, I... Is this a test?",game/tl/portuguese/scene/News/news_headmaster.rpy,232,"c suspicious ""[what]"""
News_Headmaster_d5693790,,"You stammered, searching for any hint of humor on the headmaster's face.",game/tl/portuguese/scene/News/news_headmaster.rpy,233,[what]
News_Headmaster_4f8f7963,,There was none.,game/tl/portuguese/scene/News/news_headmaster.rpy,234,[what]
News_Headmaster_b99ca3b5,,"Julian slowly dropped his pants, and you could not stop yourself from watching it.",game/tl/portuguese/scene/News/news_headmaster.rpy,236,[what]
News_Headmaster_9c9deea0,,Ever since you first met Julian you imagined how it would feel to push into him...,game/tl/portuguese/scene/News/news_headmaster.rpy,238,[what]
News_Headmaster_6fb9f143,,You feel the excitement rise in your pants while you cannot stop looking at Julian's exposed body; his uneasiness only adding to temptation.,game/tl/portuguese/scene/News/news_headmaster.rpy,243,[what]
News_Headmaster_902a3635,,"Once again you get painfully aware of the chastity cage, hindering your dick from becoming erected, while your body tries to pump blood into it nevertheless.",game/tl/portuguese/scene/News/news_headmaster.rpy,245,[what]
News_Headmaster_745958b7,h,"Speaking of support,",game/tl/portuguese/scene/News/news_headmaster.rpy,251,"h friendly ""[what]"""
News_Headmaster_68fe885b,,"The headmaster said smoothly, changing the topic.",game/tl/portuguese/scene/News/news_headmaster.rpy,252,[what]
News_Headmaster_9303a542,,"His fingers danced over his desk, finally landing on a small key that he held up between them.",game/tl/portuguese/scene/News/news_headmaster.rpy,253,[what]
News_Headmaster_6b57121a,h,"Now, [name], would you like to unlock the cage?",game/tl/portuguese/scene/News/news_headmaster.rpy,254,"h friendly ""[what]"""
News_Headmaster_0fc82295,h,I understand that you're still wearing the chastity cage from the incident.,game/tl/portuguese/scene/News/news_headmaster.rpy,255,"h ""[what]"""
News_Headmaster_e6d009d5,h,Would you like to unlock it now?,game/tl/portuguese/scene/News/news_headmaster.rpy,256,"h ""[what]"""
News_Headmaster_d6b0eb89,,"Your eyes widened, taken aback by the question.",game/tl/portuguese/scene/News/news_headmaster.rpy,258,[what]
News_Headmaster_1b4422bc,,"The idea of undressing in front of Julian and the headmaster made him feel exposed and vulnerable, despite Julian already being naked.",game/tl/portuguese/scene/News/news_headmaster.rpy,259,[what]
News_Headmaster_b5a1fbd7,,"He hesitated, trying to find the right words.",game/tl/portuguese/scene/News/news_headmaster.rpy,260,[what]
News_Headmaster_d787c52f,c,"Uh, I don't know if... I mean...",game/tl/portuguese/scene/News/news_headmaster.rpy,262,"c shy ""[what]"""
News_Headmaster_f567d762,,"You stammered, his cheeks flushing with embarrassment.",game/tl/portuguese/scene/News/news_headmaster.rpy,263,[what]
News_Headmaster_f5c178d2,,"With the click of the chastity cage unlocking, you hesitated for a moment before pulling the device off.",game/tl/portuguese/scene/News/news_headmaster.rpy,269,[what]
News_Headmaster_b26765d9,,"A wave of relief washed over him, quickly followed by embarrassment as he realized his exposed state.",game/tl/portuguese/scene/News/news_headmaster.rpy,270,[what]
News_Headmaster_f96b50e0,h,"Your cooperation is crucial, [name].",game/tl/portuguese/scene/News/news_headmaster.rpy,280,"h neutral ""[what]"""
News_Headmaster_43d06d95,,"The headmaster repeated, imitating your earlier hesitation.",game/tl/portuguese/scene/News/news_headmaster.rpy,281,[what]
News_Headmaster_72b51163,h,"Think about your future, and the school's reputation.",game/tl/portuguese/scene/News/news_headmaster.rpy,282,"h friendly ""[what]"""
News_Headmaster_a390c683,,You could feel the pressure mounting.,game/tl/portuguese/scene/News/news_headmaster.rpy,284,[what]
News_Headmaster_6c632167,,The headmaster wasn't giving him much of a choice.,game/tl/portuguese/scene/News/news_headmaster.rpy,285,[what]
News_Headmaster_d44306ab,,"You clenched your fists and swallowed hard, trying to quell the storm of emotions within you.",game/tl/portuguese/scene/News/news_headmaster.rpy,286,[what]
News_Headmaster_eb40e17c,,"Gulping, you weighed your options.",game/tl/portuguese/scene/News/news_headmaster.rpy,291,[what]
News_Headmaster_ff74d2d1,,"The headmaster held all the cards, and it seemed like there was no way out.",game/tl/portuguese/scene/News/news_headmaster.rpy,292,[what]
News_Headmaster_8eb7e46b,,"With a defeated sigh, you nodded, feeling sick to your stomach.",game/tl/portuguese/scene/News/news_headmaster.rpy,293,[what]
News_Headmaster_cd415f77,c,Fine.,game/tl/portuguese/scene/News/news_headmaster.rpy,294,"c suspicious ""[what]"""
News_Headmaster_a88ae1d5,,"You relented, unable to meet either of their gazes.",game/tl/portuguese/scene/News/news_headmaster.rpy,295,[what]
News_Headmaster_dfc4db0f,c,I'll do it.,game/tl/portuguese/scene/News/news_headmaster.rpy,296,"c sad ""[what]"""
News_Headmaster_3e639b91,h,Excellent.,game/tl/portuguese/scene/News/news_headmaster.rpy,297,"h desire ""[what]"""
News_Headmaster_a3b0b6e0,,The headmaster's grin widened.,game/tl/portuguese/scene/News/news_headmaster.rpy,298,[what]
News_Headmaster_bdbba25a,c,I ... I cannot do this?,game/tl/portuguese/scene/News/news_headmaster.rpy,304,"c sad ""[what]"""
News_Headmaster_394a693e,h,Do what?,game/tl/portuguese/scene/News/news_headmaster.rpy,305,"h suspicious ""[what]"""
News_Headmaster_1dc18353,c,I have never...,game/tl/portuguese/scene/News/news_headmaster.rpy,306,"c down ""[what]"""
News_Headmaster_5d3a0357,h,You never fucked someone?,game/tl/portuguese/scene/News/news_headmaster.rpy,307,"h surprised ""[what]"""
News_Headmaster_91c42dd3,h,"Well, I watched Nathan fuck you just yesterday.",game/tl/portuguese/scene/News/news_headmaster.rpy,309,"h evil ""[what]"""
News_Headmaster_fada996d,h,"So you are not a virgin anymore, are you?",game/tl/portuguese/scene/News/news_headmaster.rpy,310,"h ""[what]"""
News_Headmaster_3b417843,,"You look down to the ground, embarassed.",game/tl/portuguese/scene/News/news_headmaster.rpy,311,[what]
News_Headmaster_2cfc6e13,,You successfully suppressed the fact that the headmaster was watching you the whole time.,game/tl/portuguese/scene/News/news_headmaster.rpy,312,[what]
News_Headmaster_ef820c09,,"The headmaster looks at you with a mixture of curiosity, interest, and amusement.",game/tl/portuguese/scene/News/news_headmaster.rpy,314,[what]
News_Headmaster_691b6497,,You were sure he was not going to let you off the hook now.,game/tl/portuguese/scene/News/news_headmaster.rpy,315,[what]
News_Headmaster_1b0c7548,,To your surprise he unlocks the door.,game/tl/portuguese/scene/News/news_headmaster.rpy,316,[what]
News_Headmaster_5216439e,h,Of course I do not want you to do anything you do not want to do!,game/tl/portuguese/scene/News/news_headmaster.rpy,317,"h ""[what]"""
News_Headmaster_bc15c0c4,h,Remember that when you talk to the media!,game/tl/portuguese/scene/News/news_headmaster.rpy,318,"h angry ""[what]"""
News_Headmaster_e7cf44f7,c,"Yes, sir. Thank you, sir!",game/tl/portuguese/scene/News/news_headmaster.rpy,319,"c sad ""[what]"""
News_Headmaster_33a06f54,,"You rush out of the office, looking back for a swift moment.",game/tl/portuguese/scene/News/news_headmaster.rpy,321,[what]
News_Headmaster_e53795ab,,"You catch Julian's gaze, his eyes widened in shock, as the headmaster gets and unbutton his pants.",game/tl/portuguese/scene/News/news_headmaster.rpy,322,[what]
News_Headmaster_5e41a7f0,h,Everything has to be done by myself!,game/tl/portuguese/scene/News/news_headmaster.rpy,324,"h evil ""[what]"""
News_Headmaster_901c05da,,"The headmaster leaned back in his chair, studying you closely.",game/tl/portuguese/scene/News/news_headmaster.rpy,331,[what]
News_Headmaster_ad7d225c,h,I think it's essential to ensure that there are no hard feelings between you two.,game/tl/portuguese/scene/News/news_headmaster.rpy,332,"h friendly ""[what]"""
News_Headmaster_33384d3e,,"He paused for a moment, allowing the silence to hang in the air.",game/tl/portuguese/scene/News/news_headmaster.rpy,333,[what]
News_Headmaster_c9c65f38,h,"After all, we can't have unresolved tension interfering with your cooperation now, can we?",game/tl/portuguese/scene/News/news_headmaster.rpy,334,"h ""[what]"""
News_Headmaster_5db7a807,,"With a deep breath, you nodded hesitantly before slowly removing your remainingh clothes, acutely aware of Julian's gaze on his bare skin.",game/tl/portuguese/scene/News/news_headmaster.rpy,337,[what]
News_Headmaster_80d22d1b,,"With a deep breath, you nodded hesitantly before slowly removing your own clothes, acutely aware of Julian's gaze on his bare skin.",game/tl/portuguese/scene/News/news_headmaster.rpy,341,[what]
News_Headmaster_e526f4a2,,"Your heart raced as your stood there naked, feeling exposed and vulnerable.",game/tl/portuguese/scene/News/news_headmaster.rpy,343,[what]
News_Headmaster_3a5056b4,h,Thank you.,game/tl/portuguese/scene/News/news_headmaster.rpy,347,"h evil ""[what]"""
News_Headmaster_4454883a,,"The headmaster said, running a hand through his hair proudly.",game/tl/portuguese/scene/News/news_headmaster.rpy,348,[what]
News_Headmaster_7fb91ba3,h,"Go ahead, [name]!",game/tl/portuguese/scene/News/news_headmaster.rpy,350,"h evil ""[what]"""
News_Headmaster_7f75b1f2,,"The headmaster prompted, his eyes gleaming with anticipation, while unbottoning his own shirt.",game/tl/portuguese/scene/News/news_headmaster.rpy,351,[what]
News_Headmaster_4f46963f,c,"Julian, I'm sorry.",game/tl/portuguese/scene/News/news_headmaster.rpy,353,"c sad ""[what]"""
News_Headmaster_79c0fa39,,"You whispered, your heart pounding in your chest.",game/tl/portuguese/scene/News/news_headmaster.rpy,354,[what]
News_Headmaster_1720cedd,,"You took a step forward, reaching out to touch Julian's shoulder, your movements hesitant and uneasy.",game/tl/portuguese/scene/News/news_headmaster.rpy,355,[what]
News_Headmaster_34777f6c,j,Me too.,game/tl/portuguese/scene/News/news_headmaster.rpy,357,"j sad ""[what]"""
News_Headmaster_263ec897,,"Julian murmured back, his own expression conflicted.",game/tl/portuguese/scene/News/news_headmaster.rpy,358,[what]
News_Headmaster_d8d80b18,,"You hesitated, your hand on Julian's shoulder.",game/tl/portuguese/scene/News/news_headmaster.rpy,360,[what]
News_Headmaster_f10ccb84,,Julians eyes widen as you slowly approach his mouth.,game/tl/portuguese/scene/News/news_headmaster.rpy,367,[what]
News_Headmaster_9d8ba57c,,"The tip of you tongue gently and slowly glide over Julian's tightly pressed lips, begging for entrance.",game/tl/portuguese/scene/News/news_headmaster.rpy,368,[what]
News_Headmaster_6bba8ec0,,"Your arms embrace Julian's stiff body, feeling his tense muscles.",game/tl/portuguese/scene/News/news_headmaster.rpy,369,[what]
News_Headmaster_ae24f2f1,h,Open it!,game/tl/portuguese/scene/News/news_headmaster.rpy,370,"h tough ""[what]"""
News_Headmaster_b743efc8,,"The headmaster commands, while breathing heavily.",game/tl/portuguese/scene/News/news_headmaster.rpy,371,[what]
News_Headmaster_e984061c,,Julian's body stiffens even more as he slowly opens his mouth for you.,game/tl/portuguese/scene/News/news_headmaster.rpy,372,[what]
News_Headmaster_51537c35,,"Your tongue enters and you moan slightly, as you finally can taste him, while your tonge slowly enters deeper into this uncharted territory.",game/tl/portuguese/scene/News/news_headmaster.rpy,373,[what]
News_Headmaster_d0554609,j,[RelVal],game/tl/portuguese/scene/News/news_headmaster.rpy,375,"j sad ""[what]"""
News_Headmaster_143db832,,Julian jumps as you smack him firmly on his naked butt.,game/tl/portuguese/scene/News/news_headmaster.rpy,381,[what]
News_Headmaster_fa518eae,j,Hey!,game/tl/portuguese/scene/News/news_headmaster.rpy,382,"j laugh ""[what]"""
News_Headmaster_3fda2803,,"You both laugh, lowering the tension.",game/tl/portuguese/scene/News/news_headmaster.rpy,383,[what]
News_Headmaster_47ca9c8a,j,Stop it!,game/tl/portuguese/scene/News/news_headmaster.rpy,384,"j laugh ""[what]"""
News_Headmaster_1a6e269e,,Julian shouts as you smack him again.,game/tl/portuguese/scene/News/news_headmaster.rpy,385,[what]
News_Headmaster_98ab9c26,j,[RelVal],game/tl/portuguese/scene/News/news_headmaster.rpy,387,"j friendly ""[what]"""
News_Headmaster_6290c368,,Julian inhales sharply as you gently touch his dick.,game/tl/portuguese/scene/News/news_headmaster.rpy,393,[what]
News_Headmaster_6253826e,,"You can feel it grow as you start to move it forth and back, you own penis twitching in anticipation.",game/tl/portuguese/scene/News/news_headmaster.rpy,394,[what]
News_Headmaster_5c42cf5f,h,"Now, turn around and bend over the desk.",game/tl/portuguese/scene/News/news_headmaster.rpy,399,"h desire ""[what]"""
News_Headmaster_433b1dc3,,"He said, his eyes never leaving the two boys while he drops his pants.",game/tl/portuguese/scene/News/news_headmaster.rpy,403,[what]
News_Headmaster_e8fe2d88,,"Julian did as he was told, feeling anger and humiliation burning inside him as he presented his ass to both men.",game/tl/portuguese/scene/News/news_headmaster.rpy,405,[what]
News_Headmaster_2f70683a,,"The cool wood of the desk against his skin sent shivers down his spine, making him tremble with unease.",game/tl/portuguese/scene/News/news_headmaster.rpy,406,[what]
News_Headmaster_758c8ced,,You watched as Julian's ass flexed and trembled enticingly before you.,game/tl/portuguese/scene/News/news_headmaster.rpy,408,[what]
News_Headmaster_bb6b7296,,Your arousal was evident but mixed with confusion and discomfort.,game/tl/portuguese/scene/News/news_headmaster.rpy,409,[what]
News_Headmaster_123eabf0,,"The headmaster stand up and slowly walked around the desk, running a hand down your back as he positioned himself behind you.",game/tl/portuguese/scene/News/news_headmaster.rpy,411,[what]
News_Headmaster_955de669,h,"You know what to do,",game/tl/portuguese/scene/News/news_headmaster.rpy,417,"h desire ""[what]"""
News_Headmaster_1e3e8cc3,,he whispered in your ear while placing a tube of lube in your hand.,game/tl/portuguese/scene/News/news_headmaster.rpy,418,[what]
News_Headmaster_36127346,,You feel the headmaster's cock pressing against you from the back.,game/tl/portuguese/scene/News/news_headmaster.rpy,420,[what]
News_Headmaster_f1ec06ba,,It was big!,game/tl/portuguese/scene/News/news_headmaster.rpy,422,[what]
News_Headmaster_4dd362bc,,"Not unpropotional thick, but long!",game/tl/portuguese/scene/News/news_headmaster.rpy,424,[what]
News_Headmaster_9333755f,,You can't avoid to wonder what it might feel like to be fucked by such a huge cock.,game/tl/portuguese/scene/News/news_headmaster.rpy,426,[what]
News_Headmaster_11b7fd64,,"You have just been fucked for the first time, and while it was not as you imagined it, you are already longing for more.",game/tl/portuguese/scene/News/news_headmaster.rpy,429,[what]
News_Headmaster_f552ba56,,You wonder if it hurts.,game/tl/portuguese/scene/News/news_headmaster.rpy,431,[what]
News_Headmaster_7dab7986,,So this is it.,game/tl/portuguese/scene/News/news_headmaster.rpy,433,[what]
News_Headmaster_d084d677,,The first time you fuck someone.,game/tl/portuguese/scene/News/news_headmaster.rpy,434,[what]
News_Headmaster_447e0187,,Surely not how you'd have imagined it to happen.,game/tl/portuguese/scene/News/news_headmaster.rpy,435,[what]
News_Headmaster_5b852395,,"With shaking hands, you reached out to cup Julian's ass cheeks, squeezing them gently before pushing his thumb into the center of his entrance, moistening it with the lube.",game/tl/portuguese/scene/News/news_headmaster.rpy,441,[what]
News_Headmaster_5a08cfa2,,"A groan escaped from Julian's throat at the unexpected intrusion but he didn't move away, instead bracing himself for what was coming next.",game/tl/portuguese/scene/News/news_headmaster.rpy,446,[what]
News_Headmaster_1525dad6,,"Sliding his cock against the tight ring of muscle, you let out a breath and pushed in slowly, both of you gasping as you filled him up.",game/tl/portuguese/scene/News/news_headmaster.rpy,448,[what]
News_Headmaster_93450273,,The pain was sharp but mingled with a strange sort of pleasure that Julian couldn't quite place.,game/tl/portuguese/scene/News/news_headmaster.rpy,449,[what]
News_Headmaster_d3a3b74c,,"As they began to move together, their bodies grinding against each other in rhythm, Julian closed his eyes tightly, trying to block out everything but the sensation of being filled and the sounds of their moans and gasps.",game/tl/portuguese/scene/News/news_headmaster.rpy,451,[what]
News_Headmaster_88c2d2ca,,"The room seemed to shrink around them, the air thick with tension and unease.",game/tl/portuguese/scene/News/news_headmaster.rpy,453,[what]
News_Headmaster_dc07513e,,"As you pushed into Julian, he fought back tears, hating the situation they were in and how powerless he felt.",game/tl/portuguese/scene/News/news_headmaster.rpy,454,[what]
News_Headmaster_bc6b7463,,"Julian's eyes remained locked with his, and you could see the same mix of fear and determination that you felt mirrored in his gaze.",game/tl/portuguese/scene/News/news_headmaster.rpy,455,[what]
News_Headmaster_74a61a1b,,"The headmaster watched on intently, his cock hardening in his pants at the sight of them together.",game/tl/portuguese/scene/News/news_headmaster.rpy,457,[what]
News_Headmaster_332bff2d,,"He approached slowly, running a hand down Julian's back before stroking himself.",game/tl/portuguese/scene/News/news_headmaster.rpy,458,[what]
News_Headmaster_bfa72d5a,,"Soon enough, he too joined in, pushing his hard cock hard into Julian's mouth, dampening Julian's groans.",game/tl/portuguese/scene/News/news_headmaster.rpy,459,[what]
News_Headmaster_7aea992a_1,h,Good!,game/tl/portuguese/scene/News/news_headmaster.rpy,462,"h happy ""[what]"""
News_Headmaster_036eba5e,,"The headmaster murmured, his pleasure evident as Julian serviced him.",game/tl/portuguese/scene/News/news_headmaster.rpy,463,[what]
News_Headmaster_6a43824c,h,Keep going.,game/tl/portuguese/scene/News/news_headmaster.rpy,464,"h desire ""[what]"""
News_Headmaster_f46b3282,,"The room was filled with the sound of skin slapping against skin, punctuated by heavy breathing and occasional grunts.",game/tl/portuguese/scene/News/news_headmaster.rpy,466,[what]
News_Headmaster_205e766d,,"Sweat trickled down their bodies, mingling together as they moved in unison.",game/tl/portuguese/scene/News/news_headmaster.rpy,467,[what]
News_Headmaster_1fc4a5d4,,"Shame and disgust swirled through your mind as you continued, each thrust bringing you closer to an end you both feared and longed for.",game/tl/portuguese/scene/News/news_headmaster.rpy,469,[what]
News_Headmaster_b6bc710c,,"Your heart ached for Julian, for the pain and humiliation they both had to endure.",game/tl/portuguese/scene/News/news_headmaster.rpy,470,[what]
News_Headmaster_aee6aa6a,h,"Almost done, boys!",game/tl/portuguese/scene/News/news_headmaster.rpy,472,"h ""[what]"""
News_Headmaster_2c832dd5,,"The headmaster said, his breath hitching.",game/tl/portuguese/scene/News/news_headmaster.rpy,473,[what]
News_Headmaster_e670eb79,,"He gripped Julian's hair roughly, forcing him to take more of him into his mouth.",game/tl/portuguese/scene/News/news_headmaster.rpy,474,[what]
News_Headmaster_72727a9d,,"With a final thrust from both yourself and the headmaster, you came together, filling Julian with their seed as you cried out in ecstasy.",game/tl/portuguese/scene/News/news_headmaster.rpy,476,[what]
News_Headmaster_58e331f8,,"And suddenly, it was over.",game/tl/portuguese/scene/News/news_headmaster.rpy,478,[what]
News_Headmaster_e41503fa,,"They pulled out of him, leaving him panting and shivering on the desk, spent.",game/tl/portuguese/scene/News/news_headmaster.rpy,479,[what]
News_Headmaster_48e59fa1,,"The headmaster cleaned up with a satisfied grin while you held Julian close, his heart racing wildly in his chest.",game/tl/portuguese/scene/News/news_headmaster.rpy,480,[what]
News_Headmaster_d0285126,,Your body trembled with the effort it took to control your emotions as your withdrew from Julian.,game/tl/portuguese/scene/News/news_headmaster.rpy,482,[what]
News_Headmaster_5650f747,,The room felt cold and hostile around them.,game/tl/portuguese/scene/News/news_headmaster.rpy,483,[what]
News_Headmaster_af0180b1,h,Remember:,game/tl/portuguese/scene/News/news_headmaster.rpy,485,"h tough ""[what]"""
News_Headmaster_0b971748,,"The headmaster warned, his eyes narrowing.",game/tl/portuguese/scene/News/news_headmaster.rpy,486,[what]
News_Headmaster_1f2977ae,h,"If either of you do anything that could damage the university's reputation, there will be consequences.",game/tl/portuguese/scene/News/news_headmaster.rpy,487,"h ""[what]"""
News_Headmaster_ef19a5cc,h,We clear?,game/tl/portuguese/scene/News/news_headmaster.rpy,488,"h ""[what]"""
News_Headmaster_49ecfe95,h,Clear.,game/tl/portuguese/scene/News/news_headmaster.rpy,490,"h sad ""[what]"""
News_Headmaster_16b4099b,,"You choked out, struggling to stand on shaky legs.",game/tl/portuguese/scene/News/news_headmaster.rpy,491,[what]
News_Headmaster_77253606,h,Good.,game/tl/portuguese/scene/News/news_headmaster.rpy,493,"h neutral ""[what]"""
News_Headmaster_f8bae74d,,You all begin to dress when the headmaster addresses you directly.,game/tl/portuguese/scene/News/news_headmaster.rpy,498,[what]
News_Headmaster_92d8456b,h,You have done very well so far.,game/tl/portuguese/scene/News/news_headmaster.rpy,501,"h friendly ""[what]"""
News_Headmaster_9e1d8372,h,Your marks have increased significantly.,game/tl/portuguese/scene/News/news_headmaster.rpy,502,"h ""[what]"""
News_Headmaster_030d7f41,h,And I appreciate your willingness to support the school.,game/tl/portuguese/scene/News/news_headmaster.rpy,503,"h ""[what]"""
News_Headmaster_09ebf856,h,Therefore I feel I can trust you with an important topic.,game/tl/portuguese/scene/News/news_headmaster.rpy,504,"h happy ""[what]"""
News_Headmaster_79425e15,h,"Follow me, there is something I want to show you.",game/tl/portuguese/scene/News/news_headmaster.rpy,505,"h neutral ""[what]"""
News_Headmaster_d00fbc94,c,I am not interested!,game/tl/portuguese/scene/News/news_headmaster.rpy,512,"c suspicious ""[what]"""
News_Headmaster_49858edf,h,Initially I intended to show you something.,game/tl/portuguese/scene/News/news_headmaster.rpy,516,"h tough ""[what]"""
News_Headmaster_00673ac3,h,"Unfortunately, I do not feel I can trust you with that.",game/tl/portuguese/scene/News/news_headmaster.rpy,517,"h sad ""[what]"""
News_Headmaster_9f4bc41c_1,,The headmaster paused for a moment.,game/tl/portuguese/scene/News/news_headmaster.rpy,518,[what]
News_Headmaster_2207fb8d,h,You can go.,game/tl/portuguese/scene/News/news_headmaster.rpy,519,"h neutral ""[what]"""
News_Headmaster_239fe59a,,He waved dismissive with his hand.,game/tl/portuguese/scene/News/news_headmaster.rpy,520,[what]
News_Headmaster_b5bd15ce,h,"Not you, Julian.",game/tl/portuguese/scene/News/news_headmaster.rpy,521,"h evil ""[what]"""
News_Headmaster_20880847,,Julian stops dead in his track.,game/tl/portuguese/scene/News/news_headmaster.rpy,522,[what]
News_Headmaster_dadbef67,h,You still have a donation to do.,game/tl/portuguese/scene/News/news_headmaster.rpy,523,"h ""[what]"""
News_Headmaster_15194b50,j,"No, please!",game/tl/portuguese/scene/News/news_headmaster.rpy,524,"j sad ""[what]"""
News_Headmaster_01cdc956,,The headmaster's eyes locked onto you again.,game/tl/portuguese/scene/News/news_headmaster.rpy,525,[what]
News_Headmaster_84c1ae84,h,I said you can go!,game/tl/portuguese/scene/News/news_headmaster.rpy,526,"h angry ""[what]"""
News_Intro_Julian_11b76be1,,"When you came back into the dorm room, Julian was sitting on his bed.",game/tl/portuguese/scene/News/news_intro_julian.rpy,7,[what]
News_Intro_Julian_edaf818c,,He must have entered the room while you have been in the bathroom.,game/tl/portuguese/scene/News/news_intro_julian.rpy,8,[what]
News_Intro_Julian_5f61504c,j,"Hey, you're finally up,",game/tl/portuguese/scene/News/news_intro_julian.rpy,10,"j neutral ""[what]"""
News_Intro_Julian_81b4fea1,,"Julian said, sitting cross-legged on his bed with an unreadable expression.",game/tl/portuguese/scene/News/news_intro_julian.rpy,11,[what]
News_Intro_Julian_d52d0ebd,c,"Ugh, what happened today?",game/tl/portuguese/scene/News/news_intro_julian.rpy,13,"c neutral ""[what]"""
News_Intro_Julian_dffda62d,,Your voice is still tinged with sleep.,game/tl/portuguese/scene/News/news_intro_julian.rpy,14,[what]
News_Intro_Julian_caf6bcad,j,"Quite a bit, actually.",game/tl/portuguese/scene/News/news_intro_julian.rpy,16,"j happy ""[what]"""
News_Intro_Julian_323a06a2,,Julian's eyes reflected a strange mix of amusement and concern.,game/tl/portuguese/scene/News/news_intro_julian.rpy,18,[what]
News_Intro_Julian_f02722c0,j,Pictures of yesterday's...incident went viral. The headmaster's been struggling to explain his new curriculum.,game/tl/portuguese/scene/News/news_intro_julian.rpy,20,"j neutral ""[what]"""
News_Intro_Julian_4e8c292a,,"You sat up, his curiosity piqued.",game/tl/portuguese/scene/News/news_intro_julian.rpy,22,[what]
News_Intro_Julian_d6da721b,c,And?,game/tl/portuguese/scene/News/news_intro_julian.rpy,24,"c suspicious ""[what]"""
News_Intro_Julian_05195dba,j,"Get this,",game/tl/portuguese/scene/News/news_intro_julian.rpy,26,"j evil ""[what]"""
News_Intro_Julian_2f8bf589,,"Julian continued, excitement bubbling beneath his words.",game/tl/portuguese/scene/News/news_intro_julian.rpy,27,[what]
News_Intro_Julian_fe7fa64d,j,He released a statement saying the cages are voluntary. Says anyone can have them removed at any time in his office.,game/tl/portuguese/scene/News/news_intro_julian.rpy,29,"j ""[what]"""
News_Intro_Julian_4258a8d3,c,Really?,game/tl/portuguese/scene/News/news_intro_julian.rpy,31,"c surprised ""[what]"""
News_Intro_Julian_12c20df6,,"You blinked, disbelief etched onto your face.",game/tl/portuguese/scene/News/news_intro_julian.rpy,33,[what]
News_Intro_Julian_8a7aac15,j,"Yep, and there's more. The university's invited the entire wrestling team to a day at a beach resort as an apology.",game/tl/portuguese/scene/News/news_intro_julian.rpy,35,"j happy ""[what]"""
News_Intro_Julian_d53e8fa0,c,"Wait, seriously? A beach resort?",game/tl/portuguese/scene/News/news_intro_julian.rpy,37,"c ""[what]"""
News_Intro_Julian_45b26937,,"You couldn't help but smile at the thought, your anticipation for the spa day already beginning to overshadow your lingering unease.",game/tl/portuguese/scene/News/news_intro_julian.rpy,38,[what]
News_Intro_Julian_845ea0a7,j,"Seriously. This whole thing's been a PR nightmare for them, I guess.",game/tl/portuguese/scene/News/news_intro_julian.rpy,40,"j ""[what]"""
News_Intro_Julian_fb2ace2e,j,"So, we get a free spa day out of it.",game/tl/portuguese/scene/News/news_intro_julian.rpy,42,"j ""[what]"""
News_Intro_Julian_61ec0039,,"You let out a laugh, the weight of yesterday's events momentarily lifted from your shoulders.",game/tl/portuguese/scene/News/news_intro_julian.rpy,44,[what]
News_Intro_Julian_9cede7ce,c,"Well, I suppose that's one good thing to come out of this mess.",game/tl/portuguese/scene/News/news_intro_julian.rpy,45,"c happy ""[what]"""
News_Intro_Julian_8e4dea0f,j,Right?,game/tl/portuguese/scene/News/news_intro_julian.rpy,47,"j ""[what]"""
News_Intro_Julian_9377c721,,Julian's eyes sparkled in agreement.,game/tl/portuguese/scene/News/news_intro_julian.rpy,48,[what]
News_Intro_Julian_d9dbdf11,j,"A day filled with sun, sand, and relaxation sounds perfect right about now.",game/tl/portuguese/scene/News/news_intro_julian.rpy,49,"j ""[what]"""
News_Intro_Julian_f6c25bc1,j,Definitely!,game/tl/portuguese/scene/News/news_intro_julian.rpy,51,"j happy ""[what]"""
News_Intro_Julian_1602beb1,,"You agreed, warmth blossoming in your chest at the prospect of spending a carefree day with your friends.",game/tl/portuguese/scene/News/news_intro_julian.rpy,52,[what]
News_Intro_Julian_435cb233,,"The beach, the sun, and the soothing waves—how could you not look forward to it?",game/tl/portuguese/scene/News/news_intro_julian.rpy,53,[what]
News_Intro_Julian_53b978e1,j,Let's just hope it helps us forget about everything else for a little while.,game/tl/portuguese/scene/News/news_intro_julian.rpy,55,"j neutral ""[what]"""
News_Intro_Julian_bf8de3ca,,"Julian added, a shadow of worry crossing his face.",game/tl/portuguese/scene/News/news_intro_julian.rpy,56,[what]
News_Intro_Julian_a586cfaf,,The events of the party - and what happens afterwards - came back into your mind.,game/tl/portuguese/scene/News/news_intro_julian.rpy,58,[what]
News_Intro_Julian_13112002,c,Are... are we good?,game/tl/portuguese/scene/News/news_intro_julian.rpy,60,"c suspicious ""[what]"""
News_Intro_Julian_59d966a7,,"Julian looked at you, his eyes narrowed and his mouth pressed.",game/tl/portuguese/scene/News/news_intro_julian.rpy,63,[what]
News_Intro_Julian_a2cb9fdd,j,Sure! Why shouldn't we be good?,game/tl/portuguese/scene/News/news_intro_julian.rpy,65,"j angry ""[what]"""
News_Intro_Julian_21e1cfc6,,"Surely there are several reasons, but you decide not to press the matter any further.",game/tl/portuguese/scene/News/news_intro_julian.rpy,67,[what]
News_Intro_Julian_fd13d9a0,,Julian looked at you with a sad expression in his face.,game/tl/portuguese/scene/News/news_intro_julian.rpy,70,[what]
News_Intro_Julian_1af6326b,j,It wasn't your fault.,game/tl/portuguese/scene/News/news_intro_julian.rpy,71,"j sad ""[what]"""
News_Intro_Julian_f087d691,j,I messed everything up at the party. I know that.,game/tl/portuguese/scene/News/news_intro_julian.rpy,72,"j ""[what]"""
News_Intro_Julian_7bfaf93a,j,When told Ron about my plan to drug him...,game/tl/portuguese/scene/News/news_intro_julian.rpy,76,"j tough ""[what]"""
News_Intro_Julian_efc5d830,j,It was a stupid idea. I should never have done that.,game/tl/portuguese/scene/News/news_intro_julian.rpy,77,"j ""[what]"""
News_Intro_Julian_3c6fba41,j,You did the right thing to tell him.,game/tl/portuguese/scene/News/news_intro_julian.rpy,78,"j sad ""[what]"""
News_Intro_Julian_da65f859,j,What happened after the party...,game/tl/portuguese/scene/News/news_intro_julian.rpy,80,"j sad ""[what]"""
News_Intro_Julian_12bad756,j,I did what I thought was the right thing to do.,game/tl/portuguese/scene/News/news_intro_julian.rpy,81,"j ""[what]"""
News_Intro_Julian_7af6bf17,j,Even though I was awfully mistaken.,game/tl/portuguese/scene/News/news_intro_julian.rpy,82,"j ""[what]"""
News_Intro_Julian_187f71e3,j,I know that now.,game/tl/portuguese/scene/News/news_intro_julian.rpy,83,"j down ""[what]"""
News_Intro_Julian_e43d2a04,j,What we did to Ron that evening...,game/tl/portuguese/scene/News/news_intro_julian.rpy,87,"j sad ""[what]"""
News_Intro_Julian_b4027fc0,j,I don't know if I can ever forgive me.,game/tl/portuguese/scene/News/news_intro_julian.rpy,88,"j ""[what]"""
News_Intro_Julian_bb98b3f4,j,"Whatever the headmaster has up on his sleeves for me as a punishment, I deserve worse!",game/tl/portuguese/scene/News/news_intro_julian.rpy,89,"j down ""[what]"""
News_Intro_Julian_02c23936,c,Don't say that.,game/tl/portuguese/scene/News/news_intro_julian.rpy,90,"c sad nude ""[what]"""
News_Intro_Julian_c72eed96,j,But it is true!,game/tl/portuguese/scene/News/news_intro_julian.rpy,91,"j ""[what]"""
News_Intro_Julian_9ca4399f,c,As you sad: Let's hope we can forget about it at the beach resort.,game/tl/portuguese/scene/News/news_intro_julian.rpy,94,"c sad ""[what]"""
News_Intro_Julian_488a3635,,"Your excitement now tinged with an undercurrent of uncertainty. But for now, he'd hold onto the promise of that sun-drenched day, letting it guide him through the lingering shadows.",game/tl/portuguese/scene/News/news_intro_julian.rpy,96,[what]
News_Intro_Julian_0dfb7d7c,j,"By the way,",game/tl/portuguese/scene/News/news_intro_julian.rpy,99,"j neutral ""[what]"""
News_Intro_Julian_9d2864b6,,"Julian said, pausing for a moment before continuing.",game/tl/portuguese/scene/News/news_intro_julian.rpy,100,[what]
News_Intro_Julian_d1e8295d,j,The headmaster wants to speak with both of us.,game/tl/portuguese/scene/News/news_intro_julian.rpy,101,"j ""[what]"""
News_Intro_Julian_775c01b8,,"Your excitement vanished as quickly as it had appeared, replaced by a knot of anxiety in your stomach.",game/tl/portuguese/scene/News/news_intro_julian.rpy,103,[what]
News_Intro_Julian_7ed37913,,"The meeting with the headmaster loomed over you like an ominous cloud, casting a shadow on the beach resort plans.",game/tl/portuguese/scene/News/news_intro_julian.rpy,104,[what]
News_Intro_Julian_cfe70721,c,What?!,game/tl/portuguese/scene/News/news_intro_julian.rpy,106,"c surprised nude ""[what]"""
News_Intro_Julian_913b2785,j,I don't know. But it sounded important.,game/tl/portuguese/scene/News/news_intro_julian.rpy,108,"j neutral ""[what]"""
News_Intro_Julian_a1eb4118,c,Great.,game/tl/portuguese/scene/News/news_intro_julian.rpy,110,"c tough ""[what]"""
News_Intro_Julian_5f78cb1a,,Sarcasm dripped from your words as you imagined what could possibly be so important that the headmaster needed to see them personally.,game/tl/portuguese/scene/News/news_intro_julian.rpy,111,[what]
News_Intro_Julian_f1cad335,,"Their meeting loomed over you like a dark cloud, casting shadows on your sunny thoughts.",game/tl/portuguese/scene/News/news_intro_julian.rpy,112,[what]
News_Intro_Julian_85f6a889,j,Come on.,game/tl/portuguese/scene/News/news_intro_julian.rpy,114,"j tough ""[what]"""
News_Intro_Julian_57485249,,He stands up from his bed.,game/tl/portuguese/scene/News/news_intro_julian.rpy,116,[what]
News_Intro_Julian_23901fc1,j,Let's get this over with.,game/tl/portuguese/scene/News/news_intro_julian.rpy,118,"j ""[what]"""
News_Intro_Julian_147cd935,,"You got dressed quickly and both of you walked down the hall toward the headmaster's office, each step heavier than the last.",game/tl/portuguese/scene/News/news_intro_julian.rpy,122,[what]
News_Intro_Julian_b88c1ab0,,"Your heart pounded in your chest; uncertainty gnawed at him, chewing away any remnants of excitement.",game/tl/portuguese/scene/News/news_intro_julian.rpy,126,[what]
News_Intro_Ron_9ce337e1,,"You were still nursing your bruised ego when Ron burst through the door, excitement evident in his eyes.",game/tl/portuguese/scene/News/news_intro_ron.rpy,8,[what]
News_Intro_Ron_f397680e,r,"Man, you won't believe what happened today!",game/tl/portuguese/scene/News/news_intro_ron.rpy,12,"r happy ""[what]"""
News_Intro_Ron_519390ac,r,"Pictures of your...uh, accident went viral.",game/tl/portuguese/scene/News/news_intro_ron.rpy,14,"r ""[what]"""
News_Intro_Ron_72b50a45,r,"After you have been gone, Vincent volunteered to be tied up instead.",game/tl/portuguese/scene/News/news_intro_ron.rpy,16,"r ""[what]"""
News_Intro_Ron_318f0a8b,r,"People made pictures of him, tied up and caged and all.",game/tl/portuguese/scene/News/news_intro_ron.rpy,17,"r happy ""[what]"""
News_Intro_Ron_c1aee87e,r,Those images went viral in no time!,game/tl/portuguese/scene/News/news_intro_ron.rpy,18,"r evil ""[what]"""
News_Intro_Ron_21edd8eb,r,The headmaster's been having a rough time explaining his new curriculum.,game/tl/portuguese/scene/News/news_intro_ron.rpy,20,"r ""[what]"""
News_Intro_Ron_37766649,c,Seriously?,game/tl/portuguese/scene/News/news_intro_ron.rpy,22,"c suspicious ""[what]"""
News_Intro_Ron_766344a5,,"You asked, trying to suppress your own amusement at the thought of the headmaster squirming.",game/tl/portuguese/scene/News/news_intro_ron.rpy,23,[what]
News_Intro_Ron_8143d687,r,"Yep. And it gets better,",game/tl/portuguese/scene/News/news_intro_ron.rpy,25,"r ""[what]"""
News_Intro_Ron_bbd7f32c,,"Ron continued, unable to contain his enthusiasm.",game/tl/portuguese/scene/News/news_intro_ron.rpy,26,[what]
News_Intro_Ron_df6129fc,r,He published a statement saying the cages are voluntary and anyone can have them removed at any time in his office.,game/tl/portuguese/scene/News/news_intro_ron.rpy,28,"r ""[what]"""
News_Intro_Ron_c962c430,r,"Plus, the whole wrestling team is invited to a day at the beach resort by the university!",game/tl/portuguese/scene/News/news_intro_ron.rpy,29,"r ""[what]"""
News_Intro_Ron_3937c401,c,"Wait, really? A spa day?",game/tl/portuguese/scene/News/news_intro_ron.rpy,31,"c ""[what]"""
News_Intro_Ron_30e8c777,,You couldn't help but feel a jolt of surprise and excitement at this development.,game/tl/portuguese/scene/News/news_intro_ron.rpy,33,[what]
News_Intro_Ron_7b44d900,,You have never been to a fancy resort before and the idea of indulging in a day of relaxation sounded too good to be true.,game/tl/portuguese/scene/News/news_intro_ron.rpy,34,[what]
News_Intro_Ron_43ad6be6,r,Absolutely! It's like they're trying to make up for everything that happened.,game/tl/portuguese/scene/News/news_intro_ron.rpy,36,"r ""[what]"""
News_Intro_Ron_2dde63c4,r,"Imagine all those massages, beach volleyball, and cocktails...",game/tl/portuguese/scene/News/news_intro_ron.rpy,37,"r flirt ""[what]"""
News_Intro_Ron_af08ac16,r,We deserve it after this hellish week.,game/tl/portuguese/scene/News/news_intro_ron.rpy,38,"r evil ""[what]"""
News_Intro_Ron_64d82647,,Ron hesitates for a moment.,game/tl/portuguese/scene/News/news_intro_ron.rpy,40,[what]
News_Intro_Ron_0ca61517,r,I guess you have earned it more than everyone else.,game/tl/portuguese/scene/News/news_intro_ron.rpy,41,"r suspicious ""[what]"""
News_Intro_Ron_7bc9e45c,r,After what happened...,game/tl/portuguese/scene/News/news_intro_ron.rpy,42,"r sad ""[what]"""
News_Intro_Ron_27a8f96d,c,"Well, it was my own choice.",game/tl/portuguese/scene/News/news_intro_ron.rpy,45,"c neutral ""[what]"""
News_Intro_Ron_43cf1fd3,c,"I could have said ""no"" after all.",game/tl/portuguese/scene/News/news_intro_ron.rpy,46,"c ""[what]"""
News_Intro_Ron_8a4a03da,r,You really think you could have done that?,game/tl/portuguese/scene/News/news_intro_ron.rpy,48,"r suspicious ""[what]"""
News_Intro_Ron_f1576c43,c,I still can't believe he forced this upon me!,game/tl/portuguese/scene/News/news_intro_ron.rpy,51,"c angry ""[what]"""
News_Intro_Ron_466402d7,,"As much as you wanted to revel in this newfound opportunity, another thought lingered in your mind – Nathan.",game/tl/portuguese/scene/News/news_intro_ron.rpy,54,[what]
News_Intro_Ron_98e43209,,Did he know about the spa day?,game/tl/portuguese/scene/News/news_intro_ron.rpy,55,[what]
News_Intro_Ron_b828956b,,Would he join them?,game/tl/portuguese/scene/News/news_intro_ron.rpy,56,[what]
News_Intro_Ron_78c925cb,,Or would he stay away knowing the headmaster would probably be there?,game/tl/portuguese/scene/News/news_intro_ron.rpy,57,[what]
News_Intro_Ron_601bf5e7,,What would Ned say to your interaction with Nathan?,game/tl/portuguese/scene/News/news_intro_ron.rpy,60,[what]
News_Intro_Ron_78c298ef,,"If he ever found out, that is.",game/tl/portuguese/scene/News/news_intro_ron.rpy,61,[what]
News_Intro_Ron_ede5464b,,Probably best not to tell him about.,game/tl/portuguese/scene/News/news_intro_ron.rpy,62,[what]
News_Intro_Ron_acd0084b,,What would Ron say about the nightly encounter with Nathan?,game/tl/portuguese/scene/News/news_intro_ron.rpy,65,[what]
News_Intro_Ron_b59e7664,,Maybe you should tell him?,game/tl/portuguese/scene/News/news_intro_ron.rpy,66,[what]
News_Intro_Ron_60dae23e,,You decide it is not the right moment now.,game/tl/portuguese/scene/News/news_intro_ron.rpy,67,[what]
News_Intro_Ron_cd537e49,,Maybe another time.,game/tl/portuguese/scene/News/news_intro_ron.rpy,68,[what]
News_Intro_Ron_469cd171,,Maybe.,game/tl/portuguese/scene/News/news_intro_ron.rpy,69,[what]
News_Intro_Ron_4c0788a5,,"It is not your fault he fucked you, right?",game/tl/portuguese/scene/News/news_intro_ron.rpy,71,[what]
News_Intro_Ron_927914d3,,Not much you could have done about it after all...,game/tl/portuguese/scene/News/news_intro_ron.rpy,72,[what]
News_Intro_Ron_302d54ed,r,"Hey, there's one more thing,",game/tl/portuguese/scene/News/news_intro_ron.rpy,75,"r suspicious ""[what]"""
News_Intro_Ron_1e045a10,,Ron added hesitantly.,game/tl/portuguese/scene/News/news_intro_ron.rpy,76,[what]
News_Intro_Ron_41b6cb9c,r,The headmaster wants to speak with us.,game/tl/portuguese/scene/News/news_intro_ron.rpy,77,"r ""[what]"""
News_Intro_Ron_79b4b640,r,"I don't know why or what it's about, but he wants to meet us at his home.",game/tl/portuguese/scene/News/news_intro_ron.rpy,78,"r suspicious ""[what]"""
News_Intro_Ron_34641e25,r,You think he wants to expel me?,game/tl/portuguese/scene/News/news_intro_ron.rpy,79,"r sad ""[what]"""
News_Intro_Ron_2fad006e,c,"I doubt it. If so, he would meet you at the office, not at his home.",game/tl/portuguese/scene/News/news_intro_ron.rpy,81,"c suspicious ""[what]"""
News_Intro_Ron_33d31d2f,r,You are right!,game/tl/portuguese/scene/News/news_intro_ron.rpy,82,"r happy ""[what]"""
News_Intro_Ron_c92c4121,r,I wonder how his house looks like.,game/tl/portuguese/scene/News/news_intro_ron.rpy,83,"r suspicious ""[what]"""
News_Intro_Ron_8f4587bd,,"At the mention of the headmaster, your excitement faded immediately, replaced by a knot of uncertainty in your stomach.",game/tl/portuguese/scene/News/news_intro_ron.rpy,85,[what]
News_Intro_Ron_e2e55e7d,,What could the headmaster possibly want to talk about?,game/tl/portuguese/scene/News/news_intro_ron.rpy,86,[what]
News_Intro_Ron_7e832ffc,,Was it regarding the punishment or the pictures?,game/tl/portuguese/scene/News/news_intro_ron.rpy,87,[what]
News_Intro_Ron_665b2f32,,Did he blame you for the backlash?,game/tl/portuguese/scene/News/news_intro_ron.rpy,88,[what]
News_Intro_Ron_f67ed7d7,c,"Thanks for letting me know, Ron.",game/tl/portuguese/scene/News/news_intro_ron.rpy,90,"c neutral ""[what]"""
News_Intro_Ron_3d1d0867,,"As Ron continued to chatter about the upcoming spa day, you couldn't help but feel torn between excitement and apprehension, unsure of what awaited him in the headmaster's home.",game/tl/portuguese/scene/News/news_intro_ron.rpy,91,[what]
News_Intro_4646843b,,You wake up with a painful sensation - your morning glory prevented by the chastity cage.,game/tl/portuguese/scene/News/news_intro.rpy,17,[what]
News_Intro_ef7d065e,c,Damn!,game/tl/portuguese/scene/News/news_intro.rpy,18,"c angry ""[what]"""
News_Intro_6ae74d8d,c,"Oh, that's stupid!",game/tl/portuguese/scene/News/news_intro.rpy,19,"c tough ""[what]"""
News_Intro_8505c354,,"You stumble out of bed, your muscles screaming in protest.",game/tl/portuguese/scene/News/news_intro.rpy,21,[what]
News_Intro_4ad9fe2d,,"Looking around with bleary eyes, you sees your roommates have already gone.",game/tl/portuguese/scene/News/news_intro.rpy,22,[what]
News_Intro_2344865f,,"The room is dark, shadows reaching out from the corners.",game/tl/portuguese/scene/News/news_intro.rpy,23,[what]
News_Intro_a3ad34a6,,"The bright light from the lamp filled the room, illuminating every corner and casting crisp shadows.",game/tl/portuguese/scene/News/news_intro.rpy,25,[what]
News_Intro_df58b409,,"The cool air flowed through his open window, causing the curtains to billow gently in its wake.",game/tl/portuguese/scene/News/news_intro.rpy,26,[what]
News_Intro_9621aa71,,"You sat up in bed, taking in the sight of his room as if for the first time.",game/tl/portuguese/scene/News/news_intro.rpy,27,[what]
News_Intro_bab5d7b1,c,"Ugh,",game/tl/portuguese/scene/News/news_intro.rpy,29,"c sad ""[what]"""
News_Intro_5c8c26a4,,"you grumbled, rubbing your face with your hands.",game/tl/portuguese/scene/News/news_intro.rpy,31,[what]
News_Intro_33f16584,c,Why me?,game/tl/portuguese/scene/News/news_intro.rpy,34,"c sad ""[what]"""
News_Intro_1adb362d,,"You glanced around the empty room, realizing that neither Ron or Julian hadn't returned yet.",game/tl/portuguese/scene/News/news_intro.rpy,36,[what]
News_Intro_2d7180bc,,"Curling into yourself, you tried to block out the lingering humiliation, but the images of the gym and the ropes binding you refused to fade.",game/tl/portuguese/scene/News/news_intro.rpy,39,[what]
News_Intro_ccf57810,c,"Stupid headmaster,",game/tl/portuguese/scene/News/news_intro.rpy,41,"c angry ""[what]"""
News_Intro_1c519d30,,"You muttered under your breath, anger mixing with self-pity.",game/tl/portuguese/scene/News/news_intro.rpy,43,[what]
News_Intro_ab8a5a33,c,What does he even know about wrestling?,game/tl/portuguese/scene/News/news_intro.rpy,45,"c angry ""[what]"""
News_Intro_235d2230,,"You sighed, dragging yourself out of bed and stumbling to the bathroom.",game/tl/portuguese/scene/News/news_intro.rpy,47,[what]
News_Intro_ce2b47dc,,"As you stared at your reflection in the mirror, you couldn't help but wish that you'd never joined the wrestling tournament.",game/tl/portuguese/scene/News/news_intro.rpy,52,[what]
News_Intro_67feb994,c,"[name],",game/tl/portuguese/scene/News/news_intro.rpy,54,"c tough ""[what]"""
News_Intro_714a88bb,,"You whispered to yourself, gripping the sink tightly.",game/tl/portuguese/scene/News/news_intro.rpy,56,[what]
News_Intro_36c4635a,c,Get it together.,game/tl/portuguese/scene/News/news_intro.rpy,58,"c tough ""[what]"""
News_Intro_b7b0a134,,"The freezing water was like a slap in the face, shocking him awake and filling him with conflicting emotions.",game/tl/portuguese/scene/News/news_intro.rpy,60,[what]
News_Intro_ed405b06,,A subtle pain in your butt reminds you on how you got fucked by Nathan.,game/tl/portuguese/scene/News/news_intro.rpy,63,[what]
News_Intro_f92c8292,c,Hugh!,game/tl/portuguese/scene/News/news_intro.rpy,65,"c surprised ""[what]"""
News_Intro_510bfa86,,"You look at your own surprised face, as realization hits you.",game/tl/portuguese/scene/News/news_intro.rpy,67,[what]
News_Intro_cc4e2da5,c,I just lost my virginity.,game/tl/portuguese/scene/News/news_intro.rpy,69,"c ""[what]"""
News_Intro_59d7da4c,c,Not exactly how I imagined it to happen!,game/tl/portuguese/scene/News/news_intro.rpy,70,"c suspicious ""[what]"""
News_Intro_ee0d8847,,You chuckled.,game/tl/portuguese/scene/News/news_intro.rpy,72,[what]
News_Intro_4f0419b8,c,Could have been worse though.,game/tl/portuguese/scene/News/news_intro.rpy,74,"c happy ""[what]"""
News_Intro_f11a6107,c,"Time to face the world again,",game/tl/portuguese/scene/News/news_intro.rpy,77,"c tough ""[what]"""
News_Intro_81dc75b6,,"You told your reflection, determination shining in your eyes.",game/tl/portuguese/scene/News/news_intro.rpy,79,[what]
wrestling_ceremony_loser_cc19a102,,"The headmaster watched in satisfaction as Connor was bound tightly, his muscular arms pulled taut above his head, his feet barely touching the ground.",game/tl/portuguese/scene/Wrestling/wrestling_ceremony_loser.rpy,176,[what]
wrestling_ceremony_loser_cfe2ef85,,"The rope bit into his skin, emphasizing his vulnerability and the discomfort of his position.",game/tl/portuguese/scene/Wrestling/wrestling_ceremony_loser.rpy,178,[what]
wrestling_ceremony_loser_04edf3a3,,But it was the humiliation and isolation that would be the true punishment -- a scar that would remain long after the physical pain had faded.,game/tl/portuguese/scene/Wrestling/wrestling_ceremony_loser.rpy,180,[what]
