Identifier,Character,Dialogue,Filename,Line Number,Ren'Py Script
updater_check_914f85ca,,A new version is available! [new_version],game/tl/deutsch/elements/updatescreen.rpy,21,[what]
updater_check_8f42e429,,No new Update available!,game/tl/deutsch/elements/updatescreen.rpy,27,[what]
registration_07bf2b34,,"Klopf, klopf.",game/tl/deutsch/scene/administration.rpy,7,[what]
registration_07bf2b34_1,,"Klopf, klopf.",game/tl/deutsch/scene/administration.rpy,13,[what]
registration_07bf2b34_2,,"Klopf, klopf.",game/tl/deutsch/scene/administration.rpy,19,[what]
admin_bio_72ef15e0,,Relationship = [LoveAdmin],game/tl/deutsch/scene/biography/admin_bio.rpy,7,[what]
admin_bio_3009584a,A,There you are!,game/tl/deutsch/scene/biography/admin_bio.rpy,13,"A angry ""[what]"""
admin_bio_b418c1cd,A,What was your name again?,game/tl/deutsch/scene/biography/admin_bio.rpy,19,"A suspicious ""[what]"""
admin_bio_71dc9c19,A,"[name], if am not mistaken.",game/tl/deutsch/scene/biography/admin_bio.rpy,25,"A ""[what]"""
admin_bio_66861aa3,A,"[age] years old, and still not able to keep his belongings together.",game/tl/deutsch/scene/biography/admin_bio.rpy,31,"A angry ""[what]"""
admin_bio_1f2a05e7,A,Did you loose something again?,game/tl/deutsch/scene/biography/admin_bio.rpy,37,"A angry ""[what]"""
admin_bio_2c0d9083,A,"[name] is it, am I right?",game/tl/deutsch/scene/biography/admin_bio.rpy,43,"A neutral ""[what]"""
admin_bio_22f60132,A,The [age] years old second year student.,game/tl/deutsch/scene/biography/admin_bio.rpy,49,"A suspicious ""[what]"""
admin_bio_7a9aeabb,A,How are you?,game/tl/deutsch/scene/biography/admin_bio.rpy,55,"A happy ""[what]"""
admin_bio_37fc0a65,A,"You haven't lost anything again, have you?",game/tl/deutsch/scene/biography/admin_bio.rpy,61,"A ""[what]"""
admin_bio_fe24cf85,A,That's just because the young people today are all reckless and careless and stupid!,game/tl/deutsch/scene/biography/admin_bio.rpy,67,"A angry ""[what]"""
admin_bio_95f15739,C,At least we are not old and mean.,game/tl/deutsch/scene/biography/admin_bio.rpy,73,"C angry ""[what]"""
admin_bio_934e7a95,C,You are right.,game/tl/deutsch/scene/biography/admin_bio.rpy,79,"C sad ""[what]"""
admin_bio_246882da,A,Of course I am right!,game/tl/deutsch/scene/biography/admin_bio.rpy,85,"A happy ""[what]"""
admin_bio_ca1404ce,A,But it is good you can see that.,game/tl/deutsch/scene/biography/admin_bio.rpy,91,"A flirt ""[what]"""
admin_bio_6002c6bb,A,Not everyone can.,game/tl/deutsch/scene/biography/admin_bio.rpy,97,"A angry ""[what]"""
admin_bio_31285a54,,You shrug your shoulders.,game/tl/deutsch/scene/biography/admin_bio.rpy,103,[what]
admin_bio_4726f817,A,I see you agree.,game/tl/deutsch/scene/biography/admin_bio.rpy,109,"A angry ""[what]"""
admin_bio_8559db78,A,I did not forget how disrespectful you have been last time we met.,game/tl/deutsch/scene/biography/admin_bio.rpy,115,"A angry ""[what]"""
admin_bio_af1d5351,A,I really would like to teach you some respect some day!,game/tl/deutsch/scene/biography/admin_bio.rpy,121,"A flirt ""[what]"""
admin_bio_07d23918,A,It is good to see some people are able to see their misteps.,game/tl/deutsch/scene/biography/admin_bio.rpy,127,"A flirt ""[what]"""
admin_bio_24f3e771,A,Maybe there is still hope for your soul after all.,game/tl/deutsch/scene/biography/admin_bio.rpy,133,"A ""[what]"""
admin_bio_1caf824e,A,You did not react to my statement last time.,game/tl/deutsch/scene/biography/admin_bio.rpy,139,"A suspicious ""[what]"""
admin_bio_dfcded81,A,"I assume you agree with me then that young people are all reckless, and careless, and stupid!",game/tl/deutsch/scene/biography/admin_bio.rpy,145,"A angry ""[what]"""
admin_bio_24f8a0cf,A,Did you read the flyer already I gave you?,game/tl/deutsch/scene/biography/admin_bio.rpy,151,"A happy ""[what]"""
admin_bio_69513927,A,This was the first step. Now you need to act on it.,game/tl/deutsch/scene/biography/admin_bio.rpy,157,"A ""[what]"""
admin_bio_42ade302,A,"If you need any help pursuing you path back to God, I can help you with it.",game/tl/deutsch/scene/biography/admin_bio.rpy,163,"A flirt ""[what]"""
admin_bio_1142bf02,A,You made a big mistake by not accepting the flyer I offered you.,game/tl/deutsch/scene/biography/admin_bio.rpy,169,"A angry ""[what]"""
admin_bio_15bee985,A,"Only with the help of the Lord, you can stray from your sinful ways.",game/tl/deutsch/scene/biography/admin_bio.rpy,175,"A sad ""[what]"""
admin_bio_db6287d9,A,"If you ever change your mind, I may help you find back to the rightful path.",game/tl/deutsch/scene/biography/admin_bio.rpy,181,"A flirt ""[what]"""
admin_bio_0720820e,A,I am not sure. Did you take the flyer I offered you?,game/tl/deutsch/scene/biography/admin_bio.rpy,187,"A suspicious ""[what]"""
admin_bio_a0a9055e,A,That was a good decision!,game/tl/deutsch/scene/biography/admin_bio.rpy,193,"A happy ""[what]"""
admin_bio_3f3bbde9,A,That was very stupid of you!,game/tl/deutsch/scene/biography/admin_bio.rpy,199,"A angry ""[what]"""
admin_bio_058c747c,A,"If you are open to the Love of God, and willing to revoke your sinful ways, I might be able to help you.",game/tl/deutsch/scene/biography/admin_bio.rpy,205,"A angry ""[what]"""
admin_bio_c88d3a3a,A,But you must want it for yourself.,game/tl/deutsch/scene/biography/admin_bio.rpy,211,"A sad ""[what]"""
admin_bio_bad749f6,A,I have been told you wanted to talk to me?,game/tl/deutsch/scene/biography/admin_bio.rpy,217,"A suspicious ""[what]"""
admin_bio_a6fd59e4,A,Just to be clear: I won't just alter you marks!,game/tl/deutsch/scene/biography/admin_bio.rpy,223,"A angry ""[what]"""
admin_bio_de1ea6af,A,You will have to earn it!,game/tl/deutsch/scene/biography/admin_bio.rpy,229,"A flirt ""[what]"""
admin_bio_579494c2,A,I don't have any more time for this.,game/tl/deutsch/scene/biography/admin_bio.rpy,235,"A angry ""[what]"""
admin_bio_20a7febb,A,"Meet me at my office, during the opening times, if you need anything.",game/tl/deutsch/scene/biography/admin_bio.rpy,241,"A neutral ""[what]"""
admin_bio_583c6d26,A,"And don't hammer my door again, like you did last time!",game/tl/deutsch/scene/biography/admin_bio.rpy,247,"A angry ""[what]"""
connor_bio_a45d6422,C,"Hi, my name is [name].",game/tl/deutsch/scene/biography/connor_bio.rpy,165,"C friendly ""[what]"""
connor_bio_c7204e3b,C,I study [Subject].,game/tl/deutsch/scene/biography/connor_bio.rpy,171,"C neutral ""[what]"""
connor_bio_36df6abd,C,I know this isn't a subject likely make me rich.,game/tl/deutsch/scene/biography/connor_bio.rpy,177,"C sad ""[what]"""
connor_bio_630cacca,C,"I mean, yeah, it's true that my parents are rich.",game/tl/deutsch/scene/biography/connor_bio.rpy,183,"C tough ""[what]"""
connor_bio_0abaf6ba,C,And I know what you're thinking right now!,game/tl/deutsch/scene/biography/connor_bio.rpy,189,"C angry ""[what]"""
connor_bio_058c2507,C,"\""The snowflake with rich parents thinks he's an artist now!\""",game/tl/deutsch/scene/biography/connor_bio.rpy,195,"C ""[what]"""
connor_bio_e30dbf33,C,"But it's not that simple. Trust me, I'm not just some wastrel, a rich dilettante wasting my parents money for the fun of it.",game/tl/deutsch/scene/biography/connor_bio.rpy,201,"C ""[what]"""
connor_bio_382cac42,C,"I have no contact with them, not since I told them I'm going to study art.",game/tl/deutsch/scene/biography/connor_bio.rpy,207,"C sad ""[what]"""
connor_bio_0d3aad72,C,"No support, nothing. They even went so far as to disinherit me.",game/tl/deutsch/scene/biography/connor_bio.rpy,213,"C angry ""[what]"""
connor_bio_f956c1da,C,"It's a scare tactic, they've always tried to control me with their money. They thought I'd come crawling back to them, agree to change my degree to something they approve-of.",game/tl/deutsch/scene/biography/connor_bio.rpy,219,"C angry ""[what]"""
connor_bio_2b860119,C,I know what you must be thinking!,game/tl/deutsch/scene/biography/connor_bio.rpy,225,"C laugh ""[what]"""
connor_bio_6861a10e,C,"\""How boring!\""",game/tl/deutsch/scene/biography/connor_bio.rpy,231,"C neutral ""[what]"""
connor_bio_3a65adab,C,We'll see if the tune changes once I'm running a billion-dollar hedge fund on Wall Street!,game/tl/deutsch/scene/biography/connor_bio.rpy,237,"C evil ""[what]"""
connor_bio_c9abab9e,C,"If money makes the world go round, then you've gotta have some if you want to make some positive change.",game/tl/deutsch/scene/biography/connor_bio.rpy,243,"C friendly ""[what]"""
connor_bio_7201eee8,C,"I am a passionate swimmer. When I'm in the water, I feel free as a dolphin.",game/tl/deutsch/scene/biography/connor_bio.rpy,249,"C friendly ""[what]"""
connor_bio_1a78fb6f,C,"I have some hopes and goals, for after college. My biggest goal is to make it to Olympics one day.",game/tl/deutsch/scene/biography/connor_bio.rpy,255,"C neutral ""[what]"""
connor_bio_9d48223c,C,"Plus, I've been told I look good in a speedo!",game/tl/deutsch/scene/biography/connor_bio.rpy,261,"C laugh ""[what]"""
connor_bio_0c450cab,C,"I know, I may not look like the stereotypical Literature student.",game/tl/deutsch/scene/biography/connor_bio.rpy,267,"C laugh ""[what]"""
connor_bio_e9e91781,C,"Bookworm I may be, but I also enjoy playing sports. Oh, and I don't wear glasses.",game/tl/deutsch/scene/biography/connor_bio.rpy,273,"C flirt ""[what]"""
connor_bio_02731080,C,"So, not exactly fitting the profile of the typical Literature student, I guess.",game/tl/deutsch/scene/biography/connor_bio.rpy,279,"C friendly ""[what]"""
connor_bio_df3fdce1,C,"Still, it is a fascinating topic. I love reading. From Mark Twain to Dostoevsky, there's so much truth at our fingertips when we hold a book in our hands.",game/tl/deutsch/scene/biography/connor_bio.rpy,285,"C flirt ""[what]"""
connor_bio_c78bd8bb,C,"My dream is to write a best-selling book of my own someday. When inspiration strikes, I intend to be ready to catch that lightening.",game/tl/deutsch/scene/biography/connor_bio.rpy,291,"C happy ""[what]"""
connor_bio_a117d827,C,There is a very personal reason I study engineering.,game/tl/deutsch/scene/biography/connor_bio.rpy,297,"C sad ""[what]"""
connor_bio_1e4f1e02,C,My...my parents died on a collapsing bridge.,game/tl/deutsch/scene/biography/connor_bio.rpy,303,"C ""[what]"""
connor_bio_0fdb0df2,C,"And I ... I want to understand, how it could have happened. So that it never happens again.",game/tl/deutsch/scene/biography/connor_bio.rpy,309,"C tough ""[what]"""
connor_bio_799690d3,C,"I know it sounds silly, or perhaps sentimental, but I want to become an engineer so that I can make ensure bridges and other kinds of structures are safe and stable.",game/tl/deutsch/scene/biography/connor_bio.rpy,315,"C shy ""[what]"""
headmaster_bio_64957980,H,"Your marks are truly horrendous, [name]!",game/tl/deutsch/scene/biography/headmaster_bio.rpy,189,"H evil ""[what]"""
headmaster_bio_81bf3bfb,H,"I wonder just how far you'll go, to improve them before it's too late?",game/tl/deutsch/scene/biography/headmaster_bio.rpy,195,"H suspicious ""[what]"""
headmaster_bio_8f2c3203,H,"I should consider expulsion, considering your obvious lack of effort. However, I am nothing if not merciful.",game/tl/deutsch/scene/biography/headmaster_bio.rpy,201,"H evil ""[what]"""
headmaster_bio_cb605e2d,H,Maybe we should have another confidential meeting at my office?,game/tl/deutsch/scene/biography/headmaster_bio.rpy,207,"H desire ""[what]"""
headmaster_bio_400f0832,H,"Your marks are bad, but not terrible either. Yet another mediocre young man, adrift and aimless. You have potential, but are waisting it.",game/tl/deutsch/scene/biography/headmaster_bio.rpy,213,"H tough ""[what]"""
headmaster_bio_6bcb5ce9,H,"Continue down this path and you're gonna fail. The end of this semester is fast approaching, you'd better find a way to improve your grades quickly!",game/tl/deutsch/scene/biography/headmaster_bio.rpy,219,"H evil ""[what]"""
headmaster_bio_96171cb2,H,Maybe we should have another confidential meeting at my office?,game/tl/deutsch/scene/biography/headmaster_bio.rpy,225,"H ""[what]"""
headmaster_bio_a6a63ed3,H,"Your marks have impoved. Just imagine my surprise. Keep it up, [name].",game/tl/deutsch/scene/biography/headmaster_bio.rpy,231,"H friendly ""[what]"""
headmaster_bio_a80aa7db,H,Your current grade average is [PlayerMark],game/tl/deutsch/scene/biography/headmaster_bio.rpy,237,"H neutral ""[what]"""
headmaster_bio_bd36c187,H,I quite liked your little striptease. Just the right amount of nervous hesitation and reluctant submission.,game/tl/deutsch/scene/biography/headmaster_bio.rpy,243,"H sexy ""[what]"""
headmaster_bio_44651bf2,H,"We should arrange a repeat performance of it, very soon.",game/tl/deutsch/scene/biography/headmaster_bio.rpy,249,"H desire ""[what]"""
headmaster_bio_85d190c3,H,"You think someone saw you through the window, when you removed your underwear for me?",game/tl/deutsch/scene/biography/headmaster_bio.rpy,255,"H laugh ""[what]"""
headmaster_bio_84cb01e7,H,"How did you like kissing an older man? If you'd like to do it again some time, I'm sure that I could arrange it.",game/tl/deutsch/scene/biography/headmaster_bio.rpy,261,"H flirt ""[what]"""
headmaster_bio_71fa09ea,H,One thing I keep wondering about:,game/tl/deutsch/scene/biography/headmaster_bio.rpy,267,"H friendly ""[what]"""
headmaster_bio_eb70f81a,H,When did you realize that your roommate actually was the puppy in my living room?,game/tl/deutsch/scene/biography/headmaster_bio.rpy,273,"H suspicious ""[what]"""
headmaster_bio_128d79f1,H,Was it a shock for you? How do you feel about him now that you know his secret? Did you talk with Julian about it?,game/tl/deutsch/scene/biography/headmaster_bio.rpy,279,"H happy ""[what]"""
headmaster_bio_b22ac5a8,H,"I bet it was very embarassing for him! For you both, probably?",game/tl/deutsch/scene/biography/headmaster_bio.rpy,285,"H desire ""[what]"""
headmaster_bio_c9fe3a1b,H,You looked good in your costume as well!,game/tl/deutsch/scene/biography/headmaster_bio.rpy,291,"H happy ""[what]"""
headmaster_bio_f7ab7077,H,So ... revealing.,game/tl/deutsch/scene/biography/headmaster_bio.rpy,297,"H desire ""[what]"""
headmaster_bio_d8076efe,H,Being a servant suits you!,game/tl/deutsch/scene/biography/headmaster_bio.rpy,303,"H evil ""[what]"""
headmaster_bio_c37ed4f8,H,You can serve me anytime!,game/tl/deutsch/scene/biography/headmaster_bio.rpy,309,"H laugh ""[what]"""
headmaster_bio_707d25d7,H,"What do you think of my wife? You like her? Most of the boys we dominate come to adore their mistress, no matter how strict she is with them.",game/tl/deutsch/scene/biography/headmaster_bio.rpy,315,"H neutral ""[what]"""
headmaster_bio_4ab7c471,H,"Someone switched off the webcam, which is a real shame. It was just becoming interesting.",game/tl/deutsch/scene/biography/headmaster_bio.rpy,321,"H angry ""[what]"""
headmaster_bio_26f83ebb,H,"Even though I punished him severly, Julian swore he did not do it.",game/tl/deutsch/scene/biography/headmaster_bio.rpy,327,"H tough ""[what]"""
headmaster_bio_c460fab0,H,"So, I wonder if you might be the reason I was deprived of my entertainment?",game/tl/deutsch/scene/biography/headmaster_bio.rpy,333,"H hate ""[what]"""
headmaster_bio_f472f4b1,H,I very much enjoyed watching what happened after the party.,game/tl/deutsch/scene/biography/headmaster_bio.rpy,339,"H happy ""[what]"""
headmaster_bio_7a36187c,H,"We have been grooming, training and indoctrinating him for quite some time, now.",game/tl/deutsch/scene/biography/headmaster_bio.rpy,345,"H evil ""[what]"""
headmaster_bio_aaa12119,H,"Still, I wasn't sure if he'd obey me completely. Considering neither I, nor my Mistress were present to enforce our will. His obedience was gratifying to see.",game/tl/deutsch/scene/biography/headmaster_bio.rpy,351,"H suspicious ""[what]"""
headmaster_bio_46342fa4,H,I wonder ... did you make a copy of the video for yourself?,game/tl/deutsch/scene/biography/headmaster_bio.rpy,357,"H evil ""[what]"""
headmaster_bio_a5c468ed,H,"I see you did start the wrestling tournament, but did not finish it yet?",game/tl/deutsch/scene/biography/headmaster_bio.rpy,371,"H neutral ""[what]"""
headmaster_bio_629bfbea,H,I suggest you go back to the gym right now!,game/tl/deutsch/scene/biography/headmaster_bio.rpy,377,"H angry ""[what]"""
headmaster_bio_afdcd377,H,Congratulations again for winning the wrestling tournament!,game/tl/deutsch/scene/biography/headmaster_bio.rpy,383,"H happy ""[what]"""
headmaster_bio_e2d3c983,H,It is not just about winning though!,game/tl/deutsch/scene/biography/headmaster_bio.rpy,389,"H sad ""[what]"""
headmaster_bio_fa51e8a0,H,You missed the chance to fully embrace your victory by your pathetic protest.,game/tl/deutsch/scene/biography/headmaster_bio.rpy,395,"H angry ""[what]"""
headmaster_bio_f773900e,H,I am glad you also embraced the honor to strip in front ot the school and enjoyed the appreciation.,game/tl/deutsch/scene/biography/headmaster_bio.rpy,401,"H happy ""[what]"""
headmaster_bio_eeeef681,H,You truly earned it.,game/tl/deutsch/scene/biography/headmaster_bio.rpy,407,"H ""[what]"""
headmaster_bio_a2859391,H,I am very disappointed in you for losing the wrestling match!,game/tl/deutsch/scene/biography/headmaster_bio.rpy,413,"H sad ""[what]"""
headmaster_bio_7527e6f3,H,"You truly were defeated, judging by how embarrassing Max and Vincent had to drag you to the rope.",game/tl/deutsch/scene/biography/headmaster_bio.rpy,419,"H sad ""[what]"""
headmaster_bio_d7d95212,H,"Not only in the match, but mentally as well.",game/tl/deutsch/scene/biography/headmaster_bio.rpy,425,"H neutral ""[what]"""
headmaster_bio_93963aab,H,We cannot always win. What is truly important is how we deal with a defeat.,game/tl/deutsch/scene/biography/headmaster_bio.rpy,431,"H neutral ""[what]"""
headmaster_bio_fc4fec1a,H,"And in this regard, you really set a positive example here.",game/tl/deutsch/scene/biography/headmaster_bio.rpy,437,"H happy ""[what]"""
headmaster_bio_5bca20ea,H,"You did not just accept your defeat, but you accepted the consequences with your head held high.",game/tl/deutsch/scene/biography/headmaster_bio.rpy,443,"H neutral ""[what]"""
headmaster_bio_a5a6f536,H,"I am proud of you, besides your poor performance.",game/tl/deutsch/scene/biography/headmaster_bio.rpy,449,"H happy ""[what]"""
headmaster_bio_237716ea,H,"By quitting early at the wrestling ceremony, you did not only set a bad example.",game/tl/deutsch/scene/biography/headmaster_bio.rpy,455,"H angry ""[what]"""
headmaster_bio_4db2652d,H,You also lost the opportunity to gain some important experiences!,game/tl/deutsch/scene/biography/headmaster_bio.rpy,461,"H ""[what]"""
headmaster_bio_c0431151,H,I did not know it is even possible to cum with your chastity cage in place!,game/tl/deutsch/scene/biography/headmaster_bio.rpy,469,"H desire ""[what]"""
headmaster_bio_28075523,H,I guess more scientific research is in order regarding this matter.,game/tl/deutsch/scene/biography/headmaster_bio.rpy,475,"H evil ""[what]"""
headmaster_bio_dc30a677,H,It is very unfortunate Nathan wasn't able to keep his mouth shut!,game/tl/deutsch/scene/biography/headmaster_bio.rpy,481,"H angry ""[what]"""
headmaster_bio_5fd8d551,H,I trust you don't talk about this?,game/tl/deutsch/scene/biography/headmaster_bio.rpy,487,"H ""[what]"""
headmaster_bio_434bbafc,H,"I don't want everyone to gossip about this detail, instead to focus on their education.",game/tl/deutsch/scene/biography/headmaster_bio.rpy,493,"H sad ""[what]"""
headmaster_bio_bb4a0189,H,"If for some reason people do talk about it, I'd know who would be responsible for it at least.",game/tl/deutsch/scene/biography/headmaster_bio.rpy,499,"H angry ""[what]"""
headmaster_bio_53037077,H,"You don't want me to make you responsible, do you?",game/tl/deutsch/scene/biography/headmaster_bio.rpy,505,"H ""[what]"""
headmaster_bio_5e9f07e5,H,"With regard to our reputation problem, I welcome your positive attitude towards our university.",game/tl/deutsch/scene/biography/headmaster_bio.rpy,665,"H neutral ""[what]"""
headmaster_bio_82de1ea4,H,"I urge you to keep the school's reputation in mind, whenever you speak with the press, or someone at all.",game/tl/deutsch/scene/biography/headmaster_bio.rpy,671,"H angry ""[what]"""
headmaster_bio_7abc922d,H,I have not forgotten your negative attitude towards this topic and appeal to your sense of responsibility.,game/tl/deutsch/scene/biography/headmaster_bio.rpy,677,"H ""[what]"""
headmaster_bio_8dfa921c,H,Your recent visit to my home was... inspiring.,game/tl/deutsch/scene/biography/headmaster_bio.rpy,683,"H friendly ""[what]"""
headmaster_bio_8c0c04f9,H,"Ron's maiden dress suited her, don't you agree?",game/tl/deutsch/scene/biography/headmaster_bio.rpy,689,"H desire ""[what]"""
headmaster_bio_1660d094,H,Too bad my wife showed up so early.,game/tl/deutsch/scene/biography/headmaster_bio.rpy,695,"H sad ""[what]"""
headmaster_bio_324c3731,H,Did you get back home safely?,game/tl/deutsch/scene/biography/headmaster_bio.rpy,701,"H evil ""[what]"""
headmaster_bio_2bbca3a2,H,I imagine this was an experience of its own.,game/tl/deutsch/scene/biography/headmaster_bio.rpy,707,"H happy ""[what]"""
headmaster_bio_14e2a3b7,H,I hope we can repeat this soon.,game/tl/deutsch/scene/biography/headmaster_bio.rpy,713,"H friendly ""[what]"""
headmaster_bio_6835f34f,H,Without ... interruptions.,game/tl/deutsch/scene/biography/headmaster_bio.rpy,719,"H neutral ""[what]"""
headmaster_bio_6675e00e,H,That will be all. For now. You may go.,game/tl/deutsch/scene/biography/headmaster_bio.rpy,511,"H neutral ""[what]"""
julian_bio_0a332e98,,Relationship = [LoveJulian],game/tl/deutsch/scene/biography/julian_bio.rpy,357,[what]
julian_bio_64dba855,,"You are not on good terms with Julian - quite the oppsite. He hates you, frankly.",game/tl/deutsch/scene/biography/julian_bio.rpy,363,[what]
julian_bio_0a332e98_1,,Relationship = [LoveJulian],game/tl/deutsch/scene/biography/julian_bio.rpy,369,[what]
julian_bio_5957c162,,"Julian is not a big fan of yours, but he's still reserving his final judgement. If you'd still like to win him over, you'll have your work cut out for you.",game/tl/deutsch/scene/biography/julian_bio.rpy,375,[what]
julian_bio_0a332e98_2,,Relationship = [LoveJulian],game/tl/deutsch/scene/biography/julian_bio.rpy,381,[what]
julian_bio_f88959c4,,"Julian thinks of you as a friend, not merely a roommate. He's happy to have met you.",game/tl/deutsch/scene/biography/julian_bio.rpy,387,[what]
julian_bio_0a332e98_3,,Relationship = [LoveJulian],game/tl/deutsch/scene/biography/julian_bio.rpy,393,[what]
julian_bio_bdf81029,,"Julian is a big fan of yours! He trusts your judgement, enjoys your company and considers your friendship among the most important relationships in his life.",game/tl/deutsch/scene/biography/julian_bio.rpy,399,[what]
julian_bio_b5451e5f,J,Listen. About what happened at the headmaster's home...,game/tl/deutsch/scene/biography/julian_bio.rpy,405,"J tough ""[what]"""
julian_bio_213634b3,J,I am not ... into this kind of stuff.,game/tl/deutsch/scene/biography/julian_bio.rpy,411,"J sad ""[what]"""
julian_bio_c7b804be,J,I just need you to know that. None of this was my idea.,game/tl/deutsch/scene/biography/julian_bio.rpy,417,"J tough ""[what]"""
julian_bio_be01f026,J,You need to just trust me. There are good reasons I have to do these humiliating things for the headmaster. Reasons for why I can't just report him and be free from this nightmare.,game/tl/deutsch/scene/biography/julian_bio.rpy,423,"J ""[what]"""
julian_bio_136c16b4,J,"I'm not into this puppy play stuff. Not at all. I swear to you, I hate everything he makes me do. I never dreamed I would...well that's all I'll say.",game/tl/deutsch/scene/biography/julian_bio.rpy,429,"J ""[what]"""
julian_bio_5354d0e6,J,"Though I must admit, it is a kind of ... an interesting experience. I still can't believe what he's turned me into.",game/tl/deutsch/scene/biography/julian_bio.rpy,435,"J flirt ""[what]"""
julian_bio_63af6567,J,The old Julian would never believe any of this could be possible.,game/tl/deutsch/scene/biography/julian_bio.rpy,441,"J shy ""[what]"""
julian_bio_cd0000d7,J,Like ... how could it have gone this far?,game/tl/deutsch/scene/biography/julian_bio.rpy,447,"J suspicious ""[what]"""
julian_bio_c1859a18,J,"Still, I am not gay.",game/tl/deutsch/scene/biography/julian_bio.rpy,453,"J tough ""[what]"""
julian_bio_c0eb2a9f,J,"So, don't get your hopes up. Whatever happens between us, it's coerced. If the headmaster makes me do things, just remember it's not the real Julian acting or speaking.",game/tl/deutsch/scene/biography/julian_bio.rpy,459,"J evil ""[what]"""
julian_bio_5c9e697b,J,"If you're truly my friend, you'll pretend nothing unusual has ever happened. Let's just...never speak of any of it. Please!",game/tl/deutsch/scene/biography/julian_bio.rpy,465,"J sad ""[what]"""
julian_bio_f6b73413,J,"So, the headmaster got you snared into his twisted web as well.",game/tl/deutsch/scene/biography/julian_bio.rpy,471,"J sad ""[what]"""
julian_bio_542bb656,J,"Did you ... like ... like it? I mean, what they made you do?",game/tl/deutsch/scene/biography/julian_bio.rpy,477,"J suspicious ""[what]"""
julian_bio_b8f68401,J,"And how about the, uh, costume they made you wear. A bit revealing, isn't it? Do you enjoy wearing it?",game/tl/deutsch/scene/biography/julian_bio.rpy,483,"J ""[what]"""
julian_bio_dee79b73,J,And his wife...The Mistress.,game/tl/deutsch/scene/biography/julian_bio.rpy,489,"J angry ""[what]"""
julian_bio_d9c1ce07,J,I'm not sure who is the worse of them.,game/tl/deutsch/scene/biography/julian_bio.rpy,495,"J ""[what]"""
julian_bio_ce34084b,J,"They're a good match for each other, that's for sure.",game/tl/deutsch/scene/biography/julian_bio.rpy,501,"J tough ""[what]"""
julian_bio_f949f79f,J,"Though I have to admit, I like it when she plays with me as a dog. Being her pet isn't so bad.",game/tl/deutsch/scene/biography/julian_bio.rpy,507,"J shy ""[what]"""
julian_bio_4ff85f84,J,Wait! It's not what you think!,game/tl/deutsch/scene/biography/julian_bio.rpy,513,"J suspicious ""[what]"""
julian_bio_3be5d564,J,"Just referring to the normal stuff. Like when she pets me, shows me affection and such. It's so loving. I know how heartless she is, but when I'm her puppy she can be so loving.",game/tl/deutsch/scene/biography/julian_bio.rpy,519,"J angry ""[what]"""
julian_bio_6721c1c4,J,"Oh, damn. I better stop talking now. You probably think I'm some freak.",game/tl/deutsch/scene/biography/julian_bio.rpy,525,"J caution ""[what]"""
julian_bio_91f43683,J,That was a Hell of a party!,game/tl/deutsch/scene/biography/julian_bio.rpy,531,"J friendly ""[what]"""
julian_bio_5fca42c4,J,"I'm still not sure if it was a good idea to talk with you about my plan, concerning Ron.",game/tl/deutsch/scene/biography/julian_bio.rpy,537,"J sad ""[what]"""
julian_bio_68182a12,J,I should have listened to you!,game/tl/deutsch/scene/biography/julian_bio.rpy,543,"J sad ""[what]"""
julian_bio_3b945a72,J,You told me not to go through with this plan. You were right.,game/tl/deutsch/scene/biography/julian_bio.rpy,549,"J down ""[what]"""
julian_bio_15914ba2,J,You still think it was a good idea to go through with my plan? It feels like it's all falling apart.,game/tl/deutsch/scene/biography/julian_bio.rpy,555,"J friendly ""[what]"""
julian_bio_376027c1,J,Or do you have some hidden agenda of your own here?,game/tl/deutsch/scene/biography/julian_bio.rpy,561,"J suspicious ""[what]"""
julian_bio_38ee12ec,J,You even warned Ron about my intentions.,game/tl/deutsch/scene/biography/julian_bio.rpy,567,"J sad ""[what]"""
julian_bio_b6a60191,J,"Ron was pretty much wasted by the end of the party! I've never seen him let loose like that. He lost all control, by the end.",game/tl/deutsch/scene/biography/julian_bio.rpy,573,"J laugh ""[what]"""
julian_bio_b634b411,J,"I'm still not sure if I should be glad Ron stayed sober. In hindsight, maybe it would've been kinder to let him get blackout drunk and hope he doesn't remember anything.",game/tl/deutsch/scene/biography/julian_bio.rpy,579,"J suspicious ""[what]"""
julian_bio_5b830d66,J,What we did that night ... what I did...,game/tl/deutsch/scene/biography/julian_bio.rpy,585,"J sad ""[what]"""
julian_bio_942a05d3,J,"I did it for Ron, it was supposed to be what's best for Ron. I did what had to be done!",game/tl/deutsch/scene/biography/julian_bio.rpy,591,"J pain ""[what]"""
julian_bio_bec779e2,J,"I can't shake this feeling in my gut, like things have crossed a line. What if there's no going back? Am I protecting him or am I destroying him? I can't even tell anymore!",game/tl/deutsch/scene/biography/julian_bio.rpy,597,"J pain ""[what]"""
julian_bio_2ee682dd,J,"I appreciate that you didn't take advantage of Ron, when you had the opportunity. I understand the temptation and I respect you for doing what's right and leaving him alone.",game/tl/deutsch/scene/biography/julian_bio.rpy,603,"J friendly ""[what]"""
julian_bio_8c688012,J,I did not expect you to ... join us.,game/tl/deutsch/scene/biography/julian_bio.rpy,609,"J shy ""[what]"""
julian_bio_bb7c4d1c,J,"Seriously, what were you thinking?",game/tl/deutsch/scene/biography/julian_bio.rpy,615,"J angry ""[what]"""
julian_bio_07938d79,J,"I just did what I had to do. But you? It sure looked like you were enjoying yourself. You knew Ron was vulnerable, you bastard!",game/tl/deutsch/scene/biography/julian_bio.rpy,621,"J tough ""[what]"""
julian_bio_6e33ef39,J,I just wanted to say: You joining the ... action...,game/tl/deutsch/scene/biography/julian_bio.rpy,627,"J shy ""[what]"""
julian_bio_b9e14a40,J,It was kind of weird. I wish you wouldn't have done that.,game/tl/deutsch/scene/biography/julian_bio.rpy,633,"J ""[what]"""
julian_bio_4c9a854c,J,"I suppose Ron wanted you to join in. He can make his own decisions, so it is not for me to judge. I guess we're good.",game/tl/deutsch/scene/biography/julian_bio.rpy,639,"J tough ""[what]"""
julian_bio_68abe1c6,J,One thing I cannot excuse is that you turned off the webcam.,game/tl/deutsch/scene/biography/julian_bio.rpy,645,"J hate ""[what]"""
julian_bio_1df6b743,J,"Why do you think I was doing it? Do you think I would ever abuse Ron's trust in me, unless I had a VERY good reason?",game/tl/deutsch/scene/biography/julian_bio.rpy,651,"J sad ""[what]"""
julian_bio_b0475af2,j,"Now, it was all for nothing! I risked my friendship with the person who means more to me than anything in the world and it was all for nothing!",game/tl/deutsch/scene/biography/julian_bio.rpy,657,"j down ""[what]"""
julian_bio_efca296e,j,Do you have any idea how badly you fucked up?,game/tl/deutsch/scene/biography/julian_bio.rpy,663,"j hate ""[what]"""
julian_bio_3f176187,J,"I need to be alone for a little while, just leave me be.",game/tl/deutsch/scene/biography/julian_bio.rpy,669,"J down ""[what]"""
julian_bio_f335541a,J,Just so you know:,game/tl/deutsch/scene/biography/julian_bio.rpy,675,"J sad ""[what]"""
julian_bio_acc0db81,J,I handed the webcam video over to the headmaster.,game/tl/deutsch/scene/biography/julian_bio.rpy,681,"J ""[what]"""
julian_bio_05802653,J,"I wish I did not have to. I feel so dirty, like my soul will never be clean again.",game/tl/deutsch/scene/biography/julian_bio.rpy,687,"J down ""[what]"""
julian_bio_ab376da0,J,But it was the only way for Ron to be able to stay here with us.,game/tl/deutsch/scene/biography/julian_bio.rpy,693,"J tough ""[what]"""
julian_bio_2860b541,J,I hope he understands ... one day.,game/tl/deutsch/scene/biography/julian_bio.rpy,699,"J sad ""[what]"""
julian_bio_94cba4ab,J,I can't believe you really won against me at the wrestling match!,game/tl/deutsch/scene/biography/julian_bio.rpy,705,"J angry ""[what]"""
julian_bio_05329e4d,J,Don't feel too bas you lost against me in the wrestling match.,game/tl/deutsch/scene/biography/julian_bio.rpy,711,"J friendly ""[what]"""
julio_bio_2fca67ca,,Relationship = [LoveJulio],game/tl/deutsch/scene/biography/julio_bio.rpy,81,[what]
julio_bio_3bba9b8c,,"If Julio knew he'd have to deal with people like you, he might've chosen another country for his study abroad program.",game/tl/deutsch/scene/biography/julio_bio.rpy,87,[what]
julio_bio_2fca67ca_1,,Relationship = [LoveJulio],game/tl/deutsch/scene/biography/julio_bio.rpy,93,[what]
julio_bio_222f390d,,Maybe it is just cultural differences or a misunderstanding? You and Julio haven't exactly gotten off to a great start.,game/tl/deutsch/scene/biography/julio_bio.rpy,99,[what]
julio_bio_2fca67ca_2,,Relationship = [LoveJulio],game/tl/deutsch/scene/biography/julio_bio.rpy,105,[what]
julio_bio_b6ce7b93,,"You're turning out to be a good ambassador for your people, having mildly impressed this exchange student. Julio is glad to have met you!",game/tl/deutsch/scene/biography/julio_bio.rpy,111,[what]
julio_bio_2fca67ca_3,,Relationship = [LoveJulio],game/tl/deutsch/scene/biography/julio_bio.rpy,117,[what]
julio_bio_635df18c,,Meeting you has validated Julio's decision to pick your country for his study abroad program. You are exactly the sort of person he dreamed he'd meet here.,game/tl/deutsch/scene/biography/julio_bio.rpy,123,[what]
julio_bio_27793b2f,JC,"Menuda liada la de anoche, eh?",game/tl/deutsch/scene/biography/julio_bio.rpy,129,"JC friendly ""[what]"""
julio_bio_b739d295,,"He catches himself with a smile, then repeats himself in English this time.",game/tl/deutsch/scene/biography/julio_bio.rpy,135,[what]
julio_bio_55d85345,JC,"A crazy party, the other night. I trust you enjoyed yourself?",game/tl/deutsch/scene/biography/julio_bio.rpy,141,"JC friendly ""[what]"""
julio_bio_8d0d9720,JC,"I noticed you leaving with your roommates, one of them seemed like he could barely walk. I thought about calling a taxi for you. All is well, I take it?",game/tl/deutsch/scene/biography/julio_bio.rpy,147,"JC laugh ""[what]"""
julio_bio_f8b6b18e,JC,I don't care I lost against you in the tournament.,game/tl/deutsch/scene/biography/julio_bio.rpy,153,"JC desire ""[what]"""
julio_bio_b01e07cb,JC,It was still fun fighting against you!,game/tl/deutsch/scene/biography/julio_bio.rpy,159,"JC friendly ""[what]"""
julio_bio_9f933a6b,JC,You did put up quite a fight at the tournament.,game/tl/deutsch/scene/biography/julio_bio.rpy,165,"JC friendly ""[what]"""
julio_bio_15f97bae,JC,Don't feel sad you lost against me.,game/tl/deutsch/scene/biography/julio_bio.rpy,171,"JC neutral ""[what]"""
julio_bio_8dad5e90,JC,You fought like a bull! You can be proud of it!,game/tl/deutsch/scene/biography/julio_bio.rpy,177,"JC happy ""[what]"""
jupiter_bio_d427fd07,,Relationship = [LoveJupiter],game/tl/deutsch/scene/biography/jupiter_bio.rpy,69,[what]
jupiter_bio_53ee2c3c,JK,Hello [name]!,game/tl/deutsch/scene/biography/jupiter_bio.rpy,75,"JK happy ""[what]"""
jupiter_bio_2eed8f49,JK,What is going on?,game/tl/deutsch/scene/biography/jupiter_bio.rpy,81,"JK ""[what]"""
jupiter_bio_8daebd93,JK,Hello [name].,game/tl/deutsch/scene/biography/jupiter_bio.rpy,87,"JK sad ""[what]"""
jupiter_bio_963ed951,JK,I am not really in the mood to talk to you right now.,game/tl/deutsch/scene/biography/jupiter_bio.rpy,93,"JK ""[what]"""
jupiter_bio_11eb1af1,JK,That introduction in the class by the headmaster was really creepy.,game/tl/deutsch/scene/biography/jupiter_bio.rpy,237,"JK tough ""[what]"""
jupiter_bio_9310c3bb,JK,Is this normal at this school?,game/tl/deutsch/scene/biography/jupiter_bio.rpy,105,"JK suspicious ""[what]"""
jupiter_bio_03146061,JK,I do not like the headmaster.,game/tl/deutsch/scene/biography/jupiter_bio.rpy,111,"JK angry ""[what]"""
jupiter_bio_a7c3f469,JK,"Your comment in the classroom to drop my underwear wasn't very appropriate, to say at least.",game/tl/deutsch/scene/biography/jupiter_bio.rpy,117,"JK angry ""[what]"""
jupiter_bio_4f78d455,JK,I really underestimated you at the tournament.,game/tl/deutsch/scene/biography/jupiter_bio.rpy,123,"JK suspicious ""[what]"""
jupiter_bio_6445bebe,JK,You are so small and you look so weak.,game/tl/deutsch/scene/biography/jupiter_bio.rpy,129,"JK ""[what]"""
jupiter_bio_383d7d60,JK,Still you managed somehow to win against me!,game/tl/deutsch/scene/biography/jupiter_bio.rpy,135,"JK angry ""[what]"""
jupiter_bio_dedd9394,JK,Don't feel sad you lost in the tournament.,game/tl/deutsch/scene/biography/jupiter_bio.rpy,179,"JK friendly ""[what]"""
jupiter_bio_b630e7b2,JK,It was not fair your had to fight against me in the first place.,game/tl/deutsch/scene/biography/jupiter_bio.rpy,147,"JK neutral ""[what]"""
jupiter_bio_ef6d11ac,JK,You are all so small compared with me.,game/tl/deutsch/scene/biography/jupiter_bio.rpy,153,"JK happy ""[what]"""
jupiter_bio_c3b35865,JK,"And swimming trains the whole body, not just arms or legs like other diciplines.",game/tl/deutsch/scene/biography/jupiter_bio.rpy,159,"JK neutral ""[what]"""
jupiter_bio_d3196dab,JK,"Still, you fought like a tiger. You can be proud.",game/tl/deutsch/scene/biography/jupiter_bio.rpy,165,"JK friendly ""[what]"""
jupiter_bio_f1c412b5,JK,Have a nice day.,game/tl/deutsch/scene/biography/jupiter_bio.rpy,171,"JK neutral ""[what]"""
max_bio_0f3771ff,,Relationship = [LoveMax],game/tl/deutsch/scene/biography/max_bio.rpy,237,[what]
max_bio_483e56b2,,You really hate each other! Everything about this guy just makes your blood boil and you can tell the feeling is mutual.,game/tl/deutsch/scene/biography/max_bio.rpy,243,[what]
max_bio_0f3771ff_1,,Relationship = [LoveMax],game/tl/deutsch/scene/biography/max_bio.rpy,249,[what]
max_bio_68d044c7,,"The two of you don't get along very well. It's been a bit awkward, hasn't it. It's never too late to start over, though it might be difficult.",game/tl/deutsch/scene/biography/max_bio.rpy,255,[what]
max_bio_0f3771ff_2,,Relationship = [LoveMax],game/tl/deutsch/scene/biography/max_bio.rpy,261,[what]
max_bio_73fcc0e1,,"You're becoming friends with Max. He's a cool guy, you're a cool guy. What's not to like?",game/tl/deutsch/scene/biography/max_bio.rpy,267,[what]
max_bio_0f3771ff_3,,Relationship = [LoveMax],game/tl/deutsch/scene/biography/max_bio.rpy,273,[what]
max_bio_2425e86c,,"Max likes you more than he cares to admit, even to himself. He finds himself thinking about you all of the time. Whenever he sees you, there's a sudden light in his eyes.",game/tl/deutsch/scene/biography/max_bio.rpy,279,[what]
max_bio_5781711b,MA,Hello [name]! Good to see you again!,game/tl/deutsch/scene/biography/max_bio.rpy,285,"MA happy ""[what]"""
max_bio_25ded7ce,MA,Hey [name]. Keep it short. I don't have all day.,game/tl/deutsch/scene/biography/max_bio.rpy,291,"MA tough ""[what]"""
max_bio_9173663d,MA,I'm glad you joined us for the Moonshine Party!,game/tl/deutsch/scene/biography/max_bio.rpy,297,"MA friendly ""[what]"""
max_bio_871f8b0e,MA,How did you like the moonshine?,game/tl/deutsch/scene/biography/max_bio.rpy,303,"MA happy ""[what]"""
max_bio_809addb7,MA,"The taste of smelly feet added to the flavor, don't you think?",game/tl/deutsch/scene/biography/max_bio.rpy,309,"MA evil ""[what]"""
max_bio_6c680a09,MA,"To be honest, I cannot think of anything that would make it taste worse than it already does!",game/tl/deutsch/scene/biography/max_bio.rpy,315,"MA friendly ""[what]"""
max_bio_a848ebf4,MA,"You could piss in it, and it would still be an improvement.",game/tl/deutsch/scene/biography/max_bio.rpy,321,"MA ""[what]"""
max_bio_1876f5ab,,"You notice him lick his lips, at the thought.",game/tl/deutsch/scene/biography/max_bio.rpy,327,[what]
max_bio_2149e66e,MA,"Awful stuff, there's no point sugarcoating it.",game/tl/deutsch/scene/biography/max_bio.rpy,333,"MA tough ""[what]"""
max_bio_3092e0a7,MA,"It makes you wasted in no time! Once you start with moonshine, the party swings into gear.",game/tl/deutsch/scene/biography/max_bio.rpy,339,"MA evil ""[what]"""
max_bio_a693ed43,MA,"You might loose your eyesight, though.",game/tl/deutsch/scene/biography/max_bio.rpy,345,"MA suspicious ""[what]"""
max_bio_c4eac652,MA,"But hey: No risk, no reward! Right?",game/tl/deutsch/scene/biography/max_bio.rpy,351,"MA happy ""[what]"""
max_bio_7e442b0b,MA,"Good thing you didn't dare to taste the booze, by the way. The moonshine, I mean.",game/tl/deutsch/scene/biography/max_bio.rpy,357,"MA neutral ""[what]"""
max_bio_461bf97d,MA,This stuff is really the worst! It probably would've killed you.,game/tl/deutsch/scene/biography/max_bio.rpy,363,"MA tough ""[what]"""
max_bio_bc094eb0,MA,"Though if you had survived, you probably you wouldn't remember anything you did afterwards. Now that's what I call a party!",game/tl/deutsch/scene/biography/max_bio.rpy,369,"MA laugh ""[what]"""
max_bio_327fa927,MA,I hope it was not too uncomfortable at the back of that pickup truck!,game/tl/deutsch/scene/biography/max_bio.rpy,375,"MA suspicious ""[what]"""
max_bio_bb126925,MA,Being tied up and all.,game/tl/deutsch/scene/biography/max_bio.rpy,381,"MA desire ""[what]"""
max_bio_c4db0561,MA,"At least you gave us a view to remember. It was a crazy night, that's for sure!",game/tl/deutsch/scene/biography/max_bio.rpy,387,"MA ""[what]"""
max_bio_379562fa,MA,Listen. About that kiss...,game/tl/deutsch/scene/biography/max_bio.rpy,393,"MA sad ""[what]"""
max_bio_27929298,MA,I was pretty drunk that evening.,game/tl/deutsch/scene/biography/max_bio.rpy,399,"MA ""[what]"""
max_bio_1b4fe88a,MA,Soo... That's....,game/tl/deutsch/scene/biography/max_bio.rpy,405,"MA tough ""[what]"""
max_bio_3c352894,,He is scratching his neck.,game/tl/deutsch/scene/biography/max_bio.rpy,411,[what]
max_bio_9c631bb4,MA,Not that I didn't like it!,game/tl/deutsch/scene/biography/max_bio.rpy,417,"MA flirt ""[what]"""
max_bio_ff1943f0,MA,It's just...,game/tl/deutsch/scene/biography/max_bio.rpy,423,"MA shy ""[what]"""
max_bio_7a9f8c62,MA,"We're not a couple or anything like that! Okay? It happened, let's move on.",game/tl/deutsch/scene/biography/max_bio.rpy,429,"MA tough ""[what]"""
max_bio_8d7809db,MA,I don't need any more drama in my life.,game/tl/deutsch/scene/biography/max_bio.rpy,435,"MA ""[what]"""
max_bio_2881f021,MA,Just saying.,game/tl/deutsch/scene/biography/max_bio.rpy,441,"MA neutral ""[what]"""
max_bio_02f1cdc2,,"He looks uncharacteristically sheepish, clearly not comfortable having to talk about these things.",game/tl/deutsch/scene/biography/max_bio.rpy,447,[what]
max_bio_42b5bffe,MA,I still can't believe you actually won in the wrestling tournament against me!,game/tl/deutsch/scene/biography/max_bio.rpy,453,"MA angry ""[what]"""
max_bio_5006413e,MA,You must have cheated!,game/tl/deutsch/scene/biography/max_bio.rpy,459,"MA ""[what]"""
max_bio_6097caa0,MA,"For me to win against you in the tournament was no surprise to anyone, am I right?",game/tl/deutsch/scene/biography/max_bio.rpy,465,"MA happy ""[what]"""
max_bio_354bf002,MA,"I have a training session in a few minutes. Can't get out of it, coach said we all have to attend.",game/tl/deutsch/scene/biography/max_bio.rpy,471,"MA neutral ""[what]"""
max_bio_6dcd7815,MA,Bye.,game/tl/deutsch/scene/biography/max_bio.rpy,477,"MA ""[what]"""
mistress_bio_1cb85d67,M,Oh. My husband's newest pet!,game/tl/deutsch/scene/biography/mistress_bio.rpy,33,"M flirt ""[what]"""
mistress_bio_f2be5073,M,"I don't want to see you and your little bitch ever again in my house, understood?",game/tl/deutsch/scene/biography/mistress_bio.rpy,59,"M angry ""[what]"""
mistress_bio_053845f0,M,"I would've summoned you, if I had anything to say!",game/tl/deutsch/scene/biography/mistress_bio.rpy,39,"M neutral ""[what]"""
mistress_bio_12c4344c,,She waves her hand in dismissal.,game/tl/deutsch/scene/biography/mistress_bio.rpy,45,[what]
mistress_bio_84918e86,M,You are permitted to leave my presence. Go.,game/tl/deutsch/scene/biography/mistress_bio.rpy,51,"M ""[what]"""
nathan_bio_0a72c08e,,Relationship = [LoveNathan],game/tl/deutsch/scene/biography/nathan_bio.rpy,87,[what]
nathan_bio_ac353143,NA,Hello [name]!,game/tl/deutsch/scene/biography/nathan_bio.rpy,93,"NA happy ""[what]"""
nathan_bio_23ae2dd2,NA,How are you?,game/tl/deutsch/scene/biography/nathan_bio.rpy,99,"NA ""[what]"""
nathan_bio_e3391ebe,NA,Hello [name].,game/tl/deutsch/scene/biography/nathan_bio.rpy,105,"NA sad ""[what]"""
nathan_bio_1b56cee5,NA,"Let's keep this short, okay?",game/tl/deutsch/scene/biography/nathan_bio.rpy,111,"NA ""[what]"""
nathan_bio_f00b5248,NA,Too bad we did not have a chance to fight at the wrestling match.,game/tl/deutsch/scene/biography/nathan_bio.rpy,117,"NA neutral ""[what]"""
nathan_bio_ff2b4219,NA,That was an intense fight at the wrestling match.,game/tl/deutsch/scene/biography/nathan_bio.rpy,123,"NA ""[what]"""
nathan_bio_f947ab5b,NA,I am not surprised you have won.,game/tl/deutsch/scene/biography/nathan_bio.rpy,129,"NA down ""[what]"""
nathan_bio_7fe906c8,NA,I don't like fighting.,game/tl/deutsch/scene/biography/nathan_bio.rpy,135,"NA ""[what]"""
nathan_bio_a2bcddb7,NA,"That was a great wrestling match, don't you agree?",game/tl/deutsch/scene/biography/nathan_bio.rpy,141,"NA happy ""[what]"""
nathan_bio_dffed263,NA,I never expected to win against you!,game/tl/deutsch/scene/biography/nathan_bio.rpy,147,"NA suspicious ""[what]"""
nathan_bio_5e091ab1,NA,"It was just beginner's luck, I suppose.",game/tl/deutsch/scene/biography/nathan_bio.rpy,153,"NA shy ""[what]"""
nathan_bio_3cd133d2,NA,To fuck you was the hottest thing I ever did.,game/tl/deutsch/scene/biography/nathan_bio.rpy,167,"NA desire ""[what]"""
nathan_bio_3d5d900a,NA,Too bad you were wearing the chastity cage already.,game/tl/deutsch/scene/biography/nathan_bio.rpy,173,"NA sad ""[what]"""
nathan_bio_dde29652,NA,I would have loved to see your cock in all its glory!,game/tl/deutsch/scene/biography/nathan_bio.rpy,179,"NA suspicious ""[what]"""
nathan_bio_a22d29ee,NA,It did not stop you from cumming though.,game/tl/deutsch/scene/biography/nathan_bio.rpy,185,"NA desire ""[what]"""
nathan_bio_26fdd16c,NA,I didn't even know it was possible.,game/tl/deutsch/scene/biography/nathan_bio.rpy,191,"NA suspicious ""[what]"""
nathan_bio_3a113815,NA,Maybe you can teach me how to do it?,game/tl/deutsch/scene/biography/nathan_bio.rpy,197,"NA desire ""[what]"""
nathan_bio_943c26a6,NA,I am glad you refused to wear that cage!,game/tl/deutsch/scene/biography/nathan_bio.rpy,203,"NA happy ""[what]"""
nathan_bio_6c8ab584,NA,You have a nice cock!,game/tl/deutsch/scene/biography/nathan_bio.rpy,209,"NA desire ""[what]"""
nathan_bio_7880eec0,NA,It would be a shame to lock it away!,game/tl/deutsch/scene/biography/nathan_bio.rpy,215,"NA ""[what]"""
nathan_bio_ffcdca88,NA,"And you seemed to have some fun, too.",game/tl/deutsch/scene/biography/nathan_bio.rpy,221,"NA happy ""[what]"""
nathan_bio_62c2c3b3,NA,"I wasn't sure if you wanted me to do it, or not.",game/tl/deutsch/scene/biography/nathan_bio.rpy,227,"NA suspicious ""[what]"""
nathan_bio_7fb3578f,NA,"Hard to tell, with your gag in your mouth and all.",game/tl/deutsch/scene/biography/nathan_bio.rpy,233,"NA evil ""[what]"""
nathan_bio_fb6fa1fd,NA,"Based on the \""result\"", I'd say you liked it.",game/tl/deutsch/scene/biography/nathan_bio.rpy,239,"NA desire ""[what]"""
nathan_bio_23f3c163,NA,"In the end, at least.",game/tl/deutsch/scene/biography/nathan_bio.rpy,245,"NA suspicious ""[what]"""
nathan_bio_45757421,NA,Too bad you did not want me to fuck you!,game/tl/deutsch/scene/biography/nathan_bio.rpy,251,"NA sad ""[what]"""
nathan_bio_bed31f0b,NA,I am sure you would have liked it!,game/tl/deutsch/scene/biography/nathan_bio.rpy,257,"NA angry ""[what]"""
nathan_bio_f94ec92e,NA,Anyway.,game/tl/deutsch/scene/biography/nathan_bio.rpy,263,"NA neutral ""[what]"""
nathan_bio_7ae86d09,NA,Nice talk. See you later.,game/tl/deutsch/scene/biography/nathan_bio.rpy,159,"NA neutral ""[what]"""
ned_bio_02fba128,,Relationship = [LoveNed],game/tl/deutsch/scene/biography/ned_bio.rpy,843,[what]
ned_bio_d7029b0f,,Your relationship with Ned is best described as mutual loathing. It's not clear there is anything salvageable left between you.,game/tl/deutsch/scene/biography/ned_bio.rpy,849,[what]
ned_bio_02fba128_1,,Relationship = [LoveNed],game/tl/deutsch/scene/biography/ned_bio.rpy,855,[what]
ned_bio_8d86c4c2,,"You social media status probably would be: \""It's complicated.\""",game/tl/deutsch/scene/biography/ned_bio.rpy,861,[what]
ned_bio_02fba128_2,,Relationship = [LoveNed],game/tl/deutsch/scene/biography/ned_bio.rpy,867,[what]
ned_bio_285cc3f2,,"You and Ned are very special friend, verging on becoming a couple. Hope for a future together fills your heart and you see the same when you look in his eyes.",game/tl/deutsch/scene/biography/ned_bio.rpy,873,[what]
ned_bio_7689b20d,,"You are on good terms with Ned. It's too bad more people don't give him a chance, he's good company.",game/tl/deutsch/scene/biography/ned_bio.rpy,879,[what]
ned_bio_02fba128_3,,Relationship = [LoveNed],game/tl/deutsch/scene/biography/ned_bio.rpy,885,[what]
ned_bio_3cdb34a1,,You and Ned are in love. Your heart pounds harder in your chest whenever he's near. The days feel grey and dreary when he's not around.,game/tl/deutsch/scene/biography/ned_bio.rpy,891,[what]
ned_bio_8396719f,,You are best friends with Ned.,game/tl/deutsch/scene/biography/ned_bio.rpy,897,[what]
ned_bio_989b5b2f,,Maybe even more?,game/tl/deutsch/scene/biography/ned_bio.rpy,903,[what]
ned_bio_07b144ac,N,Hello [name]! How are you?,game/tl/deutsch/scene/biography/ned_bio.rpy,909,"N happy ""[what]"""
ned_bio_a89a27f7,N,What do you want now?,game/tl/deutsch/scene/biography/ned_bio.rpy,915,"N tough ""[what]"""
ned_bio_7d60c81d,N,I'm very happy we managed to stay friends. It could've been awkward. I'm glad can still hangout.,game/tl/deutsch/scene/biography/ned_bio.rpy,921,"N friendly ""[what]"""
ned_bio_a8708404,N,You made a pretty convincing Dr. Evil!,game/tl/deutsch/scene/biography/ned_bio.rpy,927,"N hi ""[what]"""
ned_bio_0998223f,N,I still cannot believe we actually kissed!,game/tl/deutsch/scene/biography/ned_bio.rpy,933,"N angry ""[what]"""
ned_bio_a21d3e05,N,"Biggest mistake of my life! The moment I opened my heart, you stomped on it.",game/tl/deutsch/scene/biography/ned_bio.rpy,939,"N sad ""[what]"""
ned_bio_05de6e72,N,You know...,game/tl/deutsch/scene/biography/ned_bio.rpy,945,"N flirt ""[what]"""
ned_bio_28af42b1,,Ned is scratching his head.,game/tl/deutsch/scene/biography/ned_bio.rpy,951,[what]
ned_bio_168581ff,N,"I don't know what the kiss meant to you, but...",game/tl/deutsch/scene/biography/ned_bio.rpy,957,"N shy ""[what]"""
ned_bio_f1be4df4,,He inhales deeply.,game/tl/deutsch/scene/biography/ned_bio.rpy,963,[what]
ned_bio_ab85cdfd,N,I just wanted to tell you that...,game/tl/deutsch/scene/biography/ned_bio.rpy,969,"N flirt ""[what]"""
ned_bio_2cbddd77,N,I don't regret it!,game/tl/deutsch/scene/biography/ned_bio.rpy,975,"N friendly ""[what]"""
ned_bio_4edf81f3,N,"Wait, that sounded better inside my head. This is difficult to put into words, isn't it?",game/tl/deutsch/scene/biography/ned_bio.rpy,981,"N sad ""[what]"""
ned_bio_0debcbc1,N,What I'm trying to say is:,game/tl/deutsch/scene/biography/ned_bio.rpy,987,"N flirt ""[what]"""
ned_bio_5ded726b,N,I liked it. I liked it a lot.,game/tl/deutsch/scene/biography/ned_bio.rpy,993,"N desire ""[what]"""
ned_bio_57188a1a,N,"I never expected you to be still a virgin, to be honest.",game/tl/deutsch/scene/biography/ned_bio.rpy,999,"N suspicious ""[what]"""
ned_bio_c93e5963,N,"Don't worry, I won't tell anyone:",game/tl/deutsch/scene/biography/ned_bio.rpy,1005,"N friendly ""[what]"""
ned_bio_e5c44046,N,It was very nice of you to say you love me.,game/tl/deutsch/scene/biography/ned_bio.rpy,1011,"N friendly ""[what]"""
ned_bio_ec296f55,N,"Though, a bit early on maybe.",game/tl/deutsch/scene/biography/ned_bio.rpy,1017,"N suspicious ""[what]"""
ned_bio_c6f269e1,N,"You scared me there a bit, I have to admit I wasn't ready. We've only known each other for a little while.",game/tl/deutsch/scene/biography/ned_bio.rpy,1023,"N sad ""[what]"""
ned_bio_8e0cc4ec,N,"Nevertheless, I appreciate your honesty. And your, uh, enthusiasm.",game/tl/deutsch/scene/biography/ned_bio.rpy,1029,"N caution ""[what]"""
ned_bio_59d83915,N,Uhm... anyway. I just... I don't know.,game/tl/deutsch/scene/biography/ned_bio.rpy,1035,"N shy ""[what]"""
ned_bio_da350ff9,N,Thank you?,game/tl/deutsch/scene/biography/ned_bio.rpy,1041,"N sad ""[what]"""
ned_bio_c66f9d02,N,"I knew you were lying, when you said you loved me. Guys like you just throw those words around, as if they're meaningless.",game/tl/deutsch/scene/biography/ned_bio.rpy,1047,"N tough ""[what]"""
ned_bio_82baa349,N,Just so we're perfectly clear:,game/tl/deutsch/scene/biography/ned_bio.rpy,1053,"N angry ""[what]"""
ned_bio_2f5fe773,N,"I am not hurt, not even a tiny bit!",game/tl/deutsch/scene/biography/ned_bio.rpy,1059,"N sad ""[what]"""
ned_bio_900f1aaf,,You can see him blinking back the tears that threaten to fall at any moment.,game/tl/deutsch/scene/biography/ned_bio.rpy,1065,[what]
ned_bio_7fdb85a9,N,"To tying you up really made my day. Heck, it made my whole year!",game/tl/deutsch/scene/biography/ned_bio.rpy,1071,"N flirt ""[what]"""
ned_bio_8e0d3e66,N,I hope we repeat it some day very soon!,game/tl/deutsch/scene/biography/ned_bio.rpy,1077,"N happy ""[what]"""
ned_bio_f213ad94,N,"Why do I have a hook installed in the ceiling of my dorm room, you asked?",game/tl/deutsch/scene/biography/ned_bio.rpy,1083,"N shy ""[what]"""
ned_bio_cea9fe33,N,For ... uhm ... a ... lamp?,game/tl/deutsch/scene/biography/ned_bio.rpy,1089,"N suspicious ""[what]"""
ned_bio_fe148e2d,N,Yeah. A lamp used to hang there!,game/tl/deutsch/scene/biography/ned_bio.rpy,1095,"N tough ""[what]"""
ned_bio_32fc4632,N,Cable? Oh no... It's uhm...,game/tl/deutsch/scene/biography/ned_bio.rpy,1101,"N sad ""[what]"""
ned_bio_337392d1,N,"It was a chandelier! You know, with candles and stuff.",game/tl/deutsch/scene/biography/ned_bio.rpy,1107,"N tough ""[what]"""
ned_bio_7be082b5,N,"Can we change the topic please? Oh, God, let's talk about literally anything else.",game/tl/deutsch/scene/biography/ned_bio.rpy,1113,"N hate ""[what]"""
ned_bio_7b43f290,N,You remember when I tied you up in my room...,game/tl/deutsch/scene/biography/ned_bio.rpy,1119,"N tough ""[what]"""
ned_bio_50ae2f62,N,I should have kept you there!,game/tl/deutsch/scene/biography/ned_bio.rpy,1125,"N ""[what]"""
ned_bio_264388f3,N,"Could've made you suffer, as you so richly deserve.",game/tl/deutsch/scene/biography/ned_bio.rpy,1131,"N ""[what]"""
ned_bio_52e25fb3,N,"Oh, no! Don't think we're even. What you've felt thus far isn't true suffering!",game/tl/deutsch/scene/biography/ned_bio.rpy,1137,"N evil ""[what]"""
ned_bio_12ed0c7d,N,"You have no idea what suffering even is! You inflict it on the rest of us, but you don't really know. I will teach you, you'll learn just what suffering truly is. All in good time.",game/tl/deutsch/scene/biography/ned_bio.rpy,1143,"N tough ""[what]"""
ned_bio_1e2c0e1c,N,"You know, I have been bullied my whole life! It's become so routine, I almost don't notice it anymore.",game/tl/deutsch/scene/biography/ned_bio.rpy,1149,"N sad ""[what]"""
ned_bio_76f62be9,N,When you gave me the book back...,game/tl/deutsch/scene/biography/ned_bio.rpy,1155,"N friendly ""[what]"""
ned_bio_1ee52f79,N,It might not look like a big deal.,game/tl/deutsch/scene/biography/ned_bio.rpy,1161,"N neutral ""[what]"""
ned_bio_43b3d5c3,N,"But for me, it was!",game/tl/deutsch/scene/biography/ned_bio.rpy,1167,"N tough ""[what]"""
ned_bio_5de1c2ac,N,"I knew right in that moment: I can count on you, no matter what.",game/tl/deutsch/scene/biography/ned_bio.rpy,1173,"N friendly ""[what]"""
ned_bio_937f926e,N,I know we have our differences.,game/tl/deutsch/scene/biography/ned_bio.rpy,1179,"N sad ""[what]"""
ned_bio_2b7d5b98,N,"Still, at that moment you were my hero!",game/tl/deutsch/scene/biography/ned_bio.rpy,1185,"N friendly ""[what]"""
ned_bio_c9cf8dce,N,"For me, that has been the turning point in our relationship.",game/tl/deutsch/scene/biography/ned_bio.rpy,1191,"N friendly ""[what]"""
ned_bio_3a29464f,N,"Seriously, thank you for telling me about the trap Vincent had setup in the locker room!",game/tl/deutsch/scene/biography/ned_bio.rpy,1197,"N neutral ""[what]"""
ned_bio_ed3d451a,N,"You could have warned me about the locker room, you know.",game/tl/deutsch/scene/biography/ned_bio.rpy,1203,"N tough ""[what]"""
ned_bio_07b186a0,N,Not that I would have expected anything so civilized from an asshole like you!,game/tl/deutsch/scene/biography/ned_bio.rpy,1209,"N angry ""[what]"""
ned_bio_b4d80a9a,N,"You shown your true colors already, the moment you joined with the bullies!",game/tl/deutsch/scene/biography/ned_bio.rpy,1215,"N tough ""[what]"""
ned_bio_090a686b,N,"I really thought our \""encounter\"" meant something to you.",game/tl/deutsch/scene/biography/ned_bio.rpy,1221,"N down ""[what]"""
ned_bio_f3fad410,N,"Obviously, I was the only one considering us a couple. It felt so special. Now it just feels like betrayal.",game/tl/deutsch/scene/biography/ned_bio.rpy,1227,"N angry ""[what]"""
ned_bio_459bfb46,N,"Don't worry, I'll be more careful next time!",game/tl/deutsch/scene/biography/ned_bio.rpy,1233,"N tough ""[what]"""
ned_bio_4b7271df,N,I've learned never trust you again!,game/tl/deutsch/scene/biography/ned_bio.rpy,1239,"N angry ""[what]"""
ned_bio_a263e699,N,It was very brave to declare we're in love!,game/tl/deutsch/scene/biography/ned_bio.rpy,1245,"N friendly ""[what]"""
ned_bio_1a2efa69,N,Never had anyone stand up and defend me like this before!,game/tl/deutsch/scene/biography/ned_bio.rpy,1251,"N hi ""[what]"""
ned_bio_796406d4,N,You really surprised me back there!,game/tl/deutsch/scene/biography/ned_bio.rpy,1257,"N happy ""[what]"""
ned_bio_615813be,N,"It was brave. Though not very clever, if you ask me. Vincent won't forget this.",game/tl/deutsch/scene/biography/ned_bio.rpy,1263,"N friendly ""[what]"""
ned_bio_608eff6c,N,I appreciate it nevertheless!,game/tl/deutsch/scene/biography/ned_bio.rpy,1269,"N ""[what]"""
ned_bio_c865aada,N,"I think I just snapped, when Vincent attacked you.",game/tl/deutsch/scene/biography/ned_bio.rpy,1275,"N sad ""[what]"""
ned_bio_8caca2fb,N,"He did have it coming, though. In fact, he's had it coming for quite some time.",game/tl/deutsch/scene/biography/ned_bio.rpy,1281,"N tough ""[what]"""
ned_bio_29613e99,N,"I regret nothing. This was a long time coming, I'm glad it finally happened.",game/tl/deutsch/scene/biography/ned_bio.rpy,1287,"N evil ""[what]"""
ned_bio_0d76123a,N,It felt so good to actually hit him back for a change.,game/tl/deutsch/scene/biography/ned_bio.rpy,1293,"N hi ""[what]"""
ned_bio_9cd30800,N,You have no idea how often he and his friends humiliated me before.,game/tl/deutsch/scene/biography/ned_bio.rpy,1299,"N sad ""[what]"""
ned_bio_c37a3b64,N,"So, I would do this again, if given the chance!",game/tl/deutsch/scene/biography/ned_bio.rpy,1305,"N tough ""[what]"""
ned_bio_cd232328,N,"You know, I've dreamed of being able to humiliate Vincent for a long time.",game/tl/deutsch/scene/biography/ned_bio.rpy,1311,"N happy ""[what]"""
ned_bio_bd3021cb,N,"To get him back for all the suffering he's caused me. I owe him quite a debt of revenge, even still.",game/tl/deutsch/scene/biography/ned_bio.rpy,1317,"N tough ""[what]"""
ned_bio_341d86de,N,"I don't think he even understands what it feels like. To be helpless, while some jerk abuses you for his own cruel games.",game/tl/deutsch/scene/biography/ned_bio.rpy,1323,"N ""[what]"""
ned_bio_6e8262a5,N,"Well, that's changed now. He's gotten just a taste of it, today.",game/tl/deutsch/scene/biography/ned_bio.rpy,1329,"N evil ""[what]"""
ned_bio_409854bb,N,"Thanks for your help! I would never have been brave enough to stand up to him, if you weren't there to back me up.",game/tl/deutsch/scene/biography/ned_bio.rpy,1335,"N friendly ""[what]"""
ned_bio_682f06f2,N,I would never have guessed I would side with Vincent one day!,game/tl/deutsch/scene/biography/ned_bio.rpy,1341,"N evil ""[what]"""
ned_bio_d1687915,N,How did it feel to be the one getting humilated for a change?,game/tl/deutsch/scene/biography/ned_bio.rpy,1347,"N ""[what]"""
ned_bio_8db6c8b0,N,"I did enjoy myself, it was liberating to be the one on top for once. Getting revenge!",game/tl/deutsch/scene/biography/ned_bio.rpy,1353,"N happy ""[what]"""
ned_bio_d437962e,N,How are your balls doing?,game/tl/deutsch/scene/biography/ned_bio.rpy,1359,"N suspicious ""[what]"""
ned_bio_a478fe1c,N,"Oh, are they still hurting?",game/tl/deutsch/scene/biography/ned_bio.rpy,1365,"N sad ""[what]"""
ned_bio_1746d81a,N,"I do hope they still ache and throb. It'll serve as a nice reminder, you're not even really a man since you can't even defend your family jewels!",game/tl/deutsch/scene/biography/ned_bio.rpy,1371,"N evil ""[what]"""
ned_bio_f08c30f3,N,"I wonder who found Vincent in the locker room, after we left.",game/tl/deutsch/scene/biography/ned_bio.rpy,1377,"N suspicious ""[what]"""
ned_bio_f7b8cdbb,N,Tied and helpless!,game/tl/deutsch/scene/biography/ned_bio.rpy,1383,"N evil ""[what]"""
ned_bio_776f8104,N,You think someone else took advantage of him?,game/tl/deutsch/scene/biography/ned_bio.rpy,1389,"N suspicious ""[what]"""
ned_bio_30ec98a2,N,I do hope so! It would serve him right.,game/tl/deutsch/scene/biography/ned_bio.rpy,1395,"N evil ""[what]"""
ned_bio_a5808cc5,N,It was quite a surprise to meet you at the coffee shop.,game/tl/deutsch/scene/biography/ned_bio.rpy,1401,"N neutral ""[what]"""
ned_bio_b2976453,N,I just hope poor Ronald took my words of warning about you deeply to heart.,game/tl/deutsch/scene/biography/ned_bio.rpy,1407,"N tough ""[what]"""
ned_bio_a4848533,N,"I would not want him to feel as miserable because of you, as I did.",game/tl/deutsch/scene/biography/ned_bio.rpy,1413,"N sad ""[what]"""
ned_bio_433a9d74,N,I noticed you have been flirting with Ron.,game/tl/deutsch/scene/biography/ned_bio.rpy,1419,"N sad ""[what]"""
ned_bio_433abbb7,N,"You did flirt with me in the café, did you not?",game/tl/deutsch/scene/biography/ned_bio.rpy,1425,"N flirt ""[what]"""
ned_bio_d2dbb3ce,N,"You pretty much ignored me in the café. I'm used to being invisible, though I'd thought you were different.",game/tl/deutsch/scene/biography/ned_bio.rpy,1431,"N tough ""[what]"""
ned_bio_bc5357a1,N,It was as if I'd been just a random waiter.,game/tl/deutsch/scene/biography/ned_bio.rpy,1437,"N sad ""[what]"""
ned_bio_d9508aeb,N,"Well, maybe that's all I am to you anyway.",game/tl/deutsch/scene/biography/ned_bio.rpy,1443,"N angry ""[what]"""
ned_bio_3ab05ee6,N,I don't care. I don't need you.,game/tl/deutsch/scene/biography/ned_bio.rpy,1449,"N sad ""[what]"""
ned_bio_40323cfc,N,You announced to the whole table we're in a relationship.,game/tl/deutsch/scene/biography/ned_bio.rpy,1455,"N flirt ""[what]"""
ned_bio_268a3dfd,N,"This caught me pretty much off guard, I have to admit.",game/tl/deutsch/scene/biography/ned_bio.rpy,1461,"N neutral ""[what]"""
ned_bio_0824665f,N,"Still, I'm flattered!",game/tl/deutsch/scene/biography/ned_bio.rpy,1467,"N hi ""[what]"""
ned_bio_059ddec5,N,"It was all just for show! Trying to look like the nice guy, in front of your real friends.",game/tl/deutsch/scene/biography/ned_bio.rpy,1473,"N angry ""[what]"""
ned_bio_210ed7ec,N,I just wonder who you thought you could convince with your little performance.,game/tl/deutsch/scene/biography/ned_bio.rpy,1479,"N ""[what]"""
ned_bio_52e59c76,N,About what happened in the maintenance room...,game/tl/deutsch/scene/biography/ned_bio.rpy,1485,"N neutral ""[what]"""
ned_bio_8f8ec2ce,N,I cannot believe you told them I forced it upon you!,game/tl/deutsch/scene/biography/ned_bio.rpy,1491,"N angry ""[what]"""
ned_bio_ac399acd,N,We both know you enjoyed it just as much as I did.,game/tl/deutsch/scene/biography/ned_bio.rpy,1497,"N tough ""[what]"""
ned_bio_583a70bb,N,Now they think I'm some kind of creepy monster! Why would you do that?,game/tl/deutsch/scene/biography/ned_bio.rpy,1503,"N sad ""[what]"""
ned_bio_ff50e565,N,Thank you for confirming that our little encounter there was consensual.,game/tl/deutsch/scene/biography/ned_bio.rpy,1509,"N friendly ""[what]"""
ned_bio_0fe0facc,N,"It was embarassing enough, to be caught like that.",game/tl/deutsch/scene/biography/ned_bio.rpy,1515,"N sad ""[what]"""
ned_bio_f856fcbe,N,"You could have easily told them that I forced you into it, to protect your own reputation.",game/tl/deutsch/scene/biography/ned_bio.rpy,1521,"N tough ""[what]"""
ned_bio_7bcc25ec,N,I'm glad you didn't throw me under the bus!,game/tl/deutsch/scene/biography/ned_bio.rpy,1527,"N friendly ""[what]"""
ned_bio_87d36741,N,"I might even have been arrested, if they thought it was rape. Even if they left us alone, people tend to gossip. It would've destroyed what little reputation I still have.",game/tl/deutsch/scene/biography/ned_bio.rpy,1533,"N sad ""[what]"""
ned_bio_372ed98e,N,"It's good to know you have my back, that we're in this together.",game/tl/deutsch/scene/biography/ned_bio.rpy,1539,"N friendly ""[what]"""
ned_bio_9f84bb7a,N,When they found us there:,game/tl/deutsch/scene/biography/ned_bio.rpy,1545,"N tough ""[what]"""
ned_bio_8dadc4be,N,"Why did you say it is \""complicated?\""",game/tl/deutsch/scene/biography/ned_bio.rpy,1551,"N angry ""[what]"""
ned_bio_57c72033,N,There is nothing complicated about this!,game/tl/deutsch/scene/biography/ned_bio.rpy,1557,"N tough ""[what]"""
ned_bio_012d3231,N,"Unless, you decide to make it complicated! Look, you wanted it and you damn well know it. You were obviously embarassed in front of your friends.",game/tl/deutsch/scene/biography/ned_bio.rpy,1563,"N angry ""[what]"""
ned_bio_3ff6d809,N,"Were you embarassed because you were tied up? Or were you embarassed to be seen with someone like me? Sometimes, I'm just not sure about you.",game/tl/deutsch/scene/biography/ned_bio.rpy,1569,"N sad ""[what]"""
ned_bio_08e09bc1,N,"You know, there's one thing I'll be able to take from our \""relationship\"". It's an important lesson:",game/tl/deutsch/scene/biography/ned_bio.rpy,1575,"N sad ""[what]"""
ned_bio_2cd6a2d7,N,"Never trust anyone! When they inevitably betray me, as you have, I'll only feel pain.",game/tl/deutsch/scene/biography/ned_bio.rpy,1581,"N angry ""[what]"""
ned_bio_ced2d790,N,I don't really enjoy going to parties. That's not really my scene.,game/tl/deutsch/scene/biography/ned_bio.rpy,1587,"N neutral ""[what]"""
ned_bio_49a6c838,N,"That's why you found me on the far end, keeping to myself.",game/tl/deutsch/scene/biography/ned_bio.rpy,1593,"N ""[what]"""
ned_bio_0568dd45,N,"So, you really thought we could just make out?",game/tl/deutsch/scene/biography/ned_bio.rpy,1599,"N tough ""[what]"""
ned_bio_b071c0a7,N,After first: We kissed.,game/tl/deutsch/scene/biography/ned_bio.rpy,1605,"N ""[what]"""
ned_bio_e9480801,N,Then: You bullied me!,game/tl/deutsch/scene/biography/ned_bio.rpy,1611,"N ""[what]"""
ned_bio_40ff3195,N,"And even after I sided with Vincent in the locker room, you still tried to kiss me - again?",game/tl/deutsch/scene/biography/ned_bio.rpy,1617,"N ""[what]"""
ned_bio_38d17aa6,N,"You really are a weirdo, you know that?",game/tl/deutsch/scene/biography/ned_bio.rpy,1623,"N evil ""[what]"""
ned_bio_d5407dec,N,"So, you'd better stay away from me, unless you want me to crush your nuts so hard you'll never be a father!",game/tl/deutsch/scene/biography/ned_bio.rpy,1629,"N angry ""[what]"""
ned_bio_d1c0e5d7,N,"You know, even after what happened at the locker room, Vincent and his lot bullied me again.",game/tl/deutsch/scene/biography/ned_bio.rpy,1635,"N sad ""[what]"""
ned_bio_bb63ca9c,N,"At the basketball court, this time.",game/tl/deutsch/scene/biography/ned_bio.rpy,1641,"N tough ""[what]"""
ned_bio_caceed2f,N,"Zen came to the rescue, like a white knight.",game/tl/deutsch/scene/biography/ned_bio.rpy,1647,"N neutral ""[what]"""
ned_bio_39dbcce7,N,"After that, everything changed.",game/tl/deutsch/scene/biography/ned_bio.rpy,1653,"N neutral ""[what]"""
ned_bio_7a6e4e9d,N,I am a member of his church now!,game/tl/deutsch/scene/biography/ned_bio.rpy,1659,"N tough ""[what]"""
ned_bio_edb6ae9a,N,You only won against me in the wrestling match because I wanted you to win.,game/tl/deutsch/scene/biography/ned_bio.rpy,1665,"N neutral ""[what]"""
ned_bio_56fba2d5,N,I hope you know that.,game/tl/deutsch/scene/biography/ned_bio.rpy,1671,"N ""[what]"""
ned_bio_b267c55d,N,Don't feel sad you lost against me at the wrestling match.,game/tl/deutsch/scene/biography/ned_bio.rpy,1677,"N friendly ""[what]"""
ned_bio_ad9cfbef,N,"Okay, that is enough talk for now.",game/tl/deutsch/scene/biography/ned_bio.rpy,1683,"N neutral ""[what]"""
ned_bio_1b0c0529,N,See you later!,game/tl/deutsch/scene/biography/ned_bio.rpy,1689,"N ""[what]"""
ron_bio_7451fd14,,Relationship = [LoveRon],game/tl/deutsch/scene/biography/ron_bio.rpy,813,[what]
ron_bio_f336e42b,,"Your relationship level with Ron is currently bad. Like - really, really bad! He's too sweet to ever hate someone, but his feelings towards you come close to that.",game/tl/deutsch/scene/biography/ron_bio.rpy,819,[what]
ron_bio_7451fd14_1,,Relationship = [LoveRon],game/tl/deutsch/scene/biography/ron_bio.rpy,825,[what]
ron_bio_f5654a6d,,"Currently, Ron does not like you very much. There's just something about you that rubs him the wrong way. If you can regain his trust, there's stil some hope for the two of you.",game/tl/deutsch/scene/biography/ron_bio.rpy,831,[what]
ron_bio_7451fd14_2,,Relationship = [LoveRon],game/tl/deutsch/scene/biography/ron_bio.rpy,837,[what]
ron_bio_049b7465,,You have a good relationship with Ron. He seems to be more at ease when he knows you're nearby.,game/tl/deutsch/scene/biography/ron_bio.rpy,843,[what]
ron_bio_7451fd14_3,,Relationship = [LoveRon],game/tl/deutsch/scene/biography/ron_bio.rpy,849,[what]
ron_bio_bd7352ee,,"You've never experienced unconditional love from anyone, except maybe the family dog. Unconditional love is exactly what you see, whenever you look into Ron's sparkling eyes.",game/tl/deutsch/scene/biography/ron_bio.rpy,855,[what]
ron_bio_26d8007f,R,I can't say I like you very much right now!,game/tl/deutsch/scene/biography/ron_bio.rpy,861,"R angry ""[what]"""
ron_bio_c2f80128,R,"That was mean, I apologize. I do have to be honest with you, about my feelings, though I didn't intend to be so blunt.",game/tl/deutsch/scene/biography/ron_bio.rpy,867,"R sad ""[what]"""
ron_bio_988a372f,,"He looks at you with a mixture of sadness and a wary defensiveness. You can tell that disliking people goes against his nature, though you've earned his distrust.",game/tl/deutsch/scene/biography/ron_bio.rpy,873,[what]
ron_bio_5b0be844,R,Hello [name]! So wonderful to see you! I hope that you're well.,game/tl/deutsch/scene/biography/ron_bio.rpy,879,"R friendly ""[what]"""
ron_bio_2ced5ec5,,"He smiles broadly, bouncing with positive energy as soon as you approach.",game/tl/deutsch/scene/biography/ron_bio.rpy,885,[what]
ron_bio_129ba9ee,R,Is there anything I can do for you? Anything at all?,game/tl/deutsch/scene/biography/ron_bio.rpy,891,"R friendly ""[what]"""
ron_bio_a173f4d7,,His eyes sparkle and his smile flashes. He looks at you with an expression that just radiates kindness and genuine concern for your welfare.,game/tl/deutsch/scene/biography/ron_bio.rpy,897,[what]
ron_bio_32385741,R,You really wanted to kick me out? You know that I have nowhere else to go!,game/tl/deutsch/scene/biography/ron_bio.rpy,903,"R sad ""[what]"""
ron_bio_3e5f9729,,He sounds hurt and despondent that somebody could be so uncaring when his situation is clearly precarious.,game/tl/deutsch/scene/biography/ron_bio.rpy,909,[what]
ron_bio_84f55f87,R,I am so grateful you let me stay in your room.,game/tl/deutsch/scene/biography/ron_bio.rpy,915,"R happy ""[what]"""
ron_bio_82658c09,R,"I know it's not too much space in here. Not to mention the lack of privacy. I appreciate what you're sacrificing, to help me.",game/tl/deutsch/scene/biography/ron_bio.rpy,921,"R shy ""[what]"""
ron_bio_ece028cb,,"When he mentioned the lack of privacy, you thought you caught his eye darting to your crotch. Though you may have imagined it.",game/tl/deutsch/scene/biography/ron_bio.rpy,927,[what]
ron_bio_8f7abf3e,R,I will try not to get on your nerves.,game/tl/deutsch/scene/biography/ron_bio.rpy,933,"R friendly ""[what]"""
ron_bio_dfc2d7ca,R,"Not too much, at least.",game/tl/deutsch/scene/biography/ron_bio.rpy,939,"R suspicious ""[what]"""
ron_bio_c42e88aa,,"He gives a self-conscious smile, then shyly diverts his eyes down to his own feet.",game/tl/deutsch/scene/biography/ron_bio.rpy,945,[what]
ron_bio_21544908,R,I still cannot believe the headmaster is forcing Julian to... to...,game/tl/deutsch/scene/biography/ron_bio.rpy,951,"R sad ""[what]"""
ron_bio_57b37595,,He struggles to say it out lould. He clearly burns with helpless frustration for what his friend has been forced to endure.,game/tl/deutsch/scene/biography/ron_bio.rpy,957,[what]
ron_bio_00b3bc0c,R,You know. To do such things.,game/tl/deutsch/scene/biography/ron_bio.rpy,963,"R shy ""[what]"""
ron_bio_095bafbd,R,"These... perverted roleplay things. Julian is so noble, I can't bear the thought of him doing something so demeaning.",game/tl/deutsch/scene/biography/ron_bio.rpy,969,"R angry ""[what]"""
ron_bio_0f30caae,R,I want to thank you for your support.,game/tl/deutsch/scene/biography/ron_bio.rpy,975,"R friendly ""[what]"""
ron_bio_a934bee8,R,Not only for letting me stay.,game/tl/deutsch/scene/biography/ron_bio.rpy,981,"R neutral ""[what]"""
ron_bio_5f40d318,R,Even though you threatened to kick me out at first.,game/tl/deutsch/scene/biography/ron_bio.rpy,987,"R sad ""[what]"""
ron_bio_ccf79752,R,I assume it was just a joke?,game/tl/deutsch/scene/biography/ron_bio.rpy,993,"R shy ""[what]"""
ron_bio_b06e933f,R,"It was, right?",game/tl/deutsch/scene/biography/ron_bio.rpy,999,"R down ""[what]"""
ron_bio_e91174bd,,"There is a plea in his voice, like he doesn't want to believe you could've been mean to him on purpose.",game/tl/deutsch/scene/biography/ron_bio.rpy,1005,[what]
ron_bio_6658d9ad,R,"You know, when you hugged me...",game/tl/deutsch/scene/biography/ron_bio.rpy,1011,"R flirt ""[what]"""
ron_bio_0af651b7,R,It might not have seemed like much from your point of view.,game/tl/deutsch/scene/biography/ron_bio.rpy,1017,"R neutral ""[what]"""
ron_bio_b848d0e3,R,"But it meant the world for me, it was exactly what I needed at that moment.",game/tl/deutsch/scene/biography/ron_bio.rpy,1023,"R desire ""[what]"""
ron_bio_798a51db,R,So all I want to say is:,game/tl/deutsch/scene/biography/ron_bio.rpy,1029,"R shy ""[what]"""
ron_bio_28cbe243,R,Thank you!,game/tl/deutsch/scene/biography/ron_bio.rpy,1035,"R flirt ""[what]"""
ron_bio_af9a9677,R,"I know you watched me, when I changed, by the way.",game/tl/deutsch/scene/biography/ron_bio.rpy,1041,"R evil ""[what]"""
ron_bio_93cfc5ac,,A grin slowly spreads and you see him blush.,game/tl/deutsch/scene/biography/ron_bio.rpy,1047,[what]
ron_bio_cabb9da6,R,I hope you liked what you saw?,game/tl/deutsch/scene/biography/ron_bio.rpy,1053,"R flirt ""[what]"""
ron_bio_f82eac0c,,"Maintaining eye contact with you, his tongue very slowly traces his lips. Then he winks.",game/tl/deutsch/scene/biography/ron_bio.rpy,1059,[what]
ron_bio_c8bce3bb,R,"Seriously. It is good to know there is someone else I can talk to about God, and stuff like that. Sometimes, I just need somebody to talk to.",game/tl/deutsch/scene/biography/ron_bio.rpy,1065,"R tough ""[what]"""
ron_bio_58895f4c,R,Not everyone can understand.,game/tl/deutsch/scene/biography/ron_bio.rpy,1071,"R sad ""[what]"""
ron_bio_79d6f751,R,I think I'm in some kind of crisis of faith right now.,game/tl/deutsch/scene/biography/ron_bio.rpy,1077,"R boxing ""[what]"""
ron_bio_21330ea6,R,"You can understand me, I think.",game/tl/deutsch/scene/biography/ron_bio.rpy,1083,"R shy ""[what]"""
ron_bio_4bf0dc3d,R,What you said about my necklace...,game/tl/deutsch/scene/biography/ron_bio.rpy,1089,"R neutral ""[what]"""
ron_bio_571bdb57,R,"I think you're right! I will wear it for my Grandmother, not as a religious symbol.",game/tl/deutsch/scene/biography/ron_bio.rpy,1095,"R happy ""[what]"""
ron_bio_d27466e5,R,It has an even more personal value to me this way.,game/tl/deutsch/scene/biography/ron_bio.rpy,1101,"R suspicious ""[what]"""
ron_bio_e2106767,,"He lifts his necklace and looks down at it, wiping away a silent tear. Then he smiles, seeming to have more pleasant thoughts.",game/tl/deutsch/scene/biography/ron_bio.rpy,1107,[what]
ron_bio_f5087eb7,R,"Hey, I hope the offer for the massage still stands?",game/tl/deutsch/scene/biography/ron_bio.rpy,1113,"R happy ""[what]"""
ron_bio_317e31ec,R,"With all the stress around here, I know I could use some rubbing. A massage, I mean.",game/tl/deutsch/scene/biography/ron_bio.rpy,1119,"R flirt ""[what]"""
ron_bio_b8cfd026,,"As he says this, his hand is certainly massaging something through the fabric of his pants. He gives a devious little smile before turning away.",game/tl/deutsch/scene/biography/ron_bio.rpy,1125,[what]
ron_bio_2d81d360,R,You really want me to pay rent? B-but I'm destitute!,game/tl/deutsch/scene/biography/ron_bio.rpy,1131,"R sad ""[what]"""
ron_bio_336c0417,R,Thank you again for letting me stay. You're a good person.,game/tl/deutsch/scene/biography/ron_bio.rpy,1137,"R friendly ""[what]"""
ron_bio_f408d1c5,R,"You have any idea why Ned warned me about you? What's the deal between the two of you, if I may ask?",game/tl/deutsch/scene/biography/ron_bio.rpy,1143,"R suspicious ""[what]"""
ron_bio_d9b17406,R,"I noticed you flirted with me! I liked it, you were so cute about it.",game/tl/deutsch/scene/biography/ron_bio.rpy,1149,"R flirt ""[what]"""
ron_bio_5c541bdf,R,So... you and Ned...,game/tl/deutsch/scene/biography/ron_bio.rpy,1155,"R suspicious ""[what]"""
ron_bio_059b07ad,R,I noticed you were flirting with him. Are you two an item?,game/tl/deutsch/scene/biography/ron_bio.rpy,1161,"R neutral ""[what]"""
ron_bio_80fa0d6e,R,Who is this Vincent?,game/tl/deutsch/scene/biography/ron_bio.rpy,1167,"R suspicious ""[what]"""
ron_bio_4e4ef0e0,R,Do you have a crush on him?,game/tl/deutsch/scene/biography/ron_bio.rpy,1173,"R ""[what]"""
ron_bio_25464d94,R,"Sorry, that was out of line. It's none of my business. Forget I even asked.",game/tl/deutsch/scene/biography/ron_bio.rpy,1179,"R shy ""[what]"""
ron_bio_499b4440,,"He frowns slightly and casts sideways glances at you, as if trying to gauge your reaction to the question.",game/tl/deutsch/scene/biography/ron_bio.rpy,1185,[what]
ron_bio_200af13e,R,Why did you ignore Ned like that in the café? You totally ghosted him. I kinda felt bad for him.,game/tl/deutsch/scene/biography/ron_bio.rpy,1191,"R neutral ""[what]"""
ron_bio_47851c10,R,"So, you are in a relationship with Ned, huh?",game/tl/deutsch/scene/biography/ron_bio.rpy,1197,"R friendly ""[what]"""
ron_bio_6bb36d0d,,He gives a coy smile.,game/tl/deutsch/scene/biography/ron_bio.rpy,1203,[what]
ron_bio_a24b5958,R,What is it like to be with someone like ... Ned?,game/tl/deutsch/scene/biography/ron_bio.rpy,1209,"R suspicious ""[what]"""
ron_bio_446bdc0a,,"He wiggles his eyebrows suggestively, then gives a good-natured and playful laugh.",game/tl/deutsch/scene/biography/ron_bio.rpy,1215,[what]
ron_bio_41d9e734,R,"Oh, your face!",game/tl/deutsch/scene/biography/ron_bio.rpy,1221,"R friendly ""[what]"""
ron_bio_a1fcd52f,R,I still don't understand what happened in that maintenance room.,game/tl/deutsch/scene/biography/ron_bio.rpy,1227,"R tough ""[what]"""
ron_bio_826bab55,R,Ned really locked you in there?,game/tl/deutsch/scene/biography/ron_bio.rpy,1233,"R suspicious ""[what]"""
ron_bio_27e52846,,"He puts his hands on your shoulders, giving you a reassuring squeeze.",game/tl/deutsch/scene/biography/ron_bio.rpy,1239,[what]
ron_bio_66c95513,R,So... You and Ned had some fun in the maintance room?,game/tl/deutsch/scene/biography/ron_bio.rpy,1245,"R neutral ""[what]"""
ron_bio_b93c4ea4,R,"You're into kinky stuff, huh?",game/tl/deutsch/scene/biography/ron_bio.rpy,1251,"R flirt ""[what]"""
ron_bio_37c73324,,It might be your imagination but did his voice contain a hint of approval?,game/tl/deutsch/scene/biography/ron_bio.rpy,1257,[what]
ron_bio_1f45384c,R,"So you and Ned have a ... complicated relationship, it seems.",game/tl/deutsch/scene/biography/ron_bio.rpy,1263,"R friendly ""[what]"""
ron_bio_01ea7208,,"He shifts nervously from one foot to the other, unsure what else to say.",game/tl/deutsch/scene/biography/ron_bio.rpy,1269,[what]
ron_bio_c4d07843,R,I am sorry you and Ned are no longer a couple anymore. I hope you didn't break up just because of what happened today.,game/tl/deutsch/scene/biography/ron_bio.rpy,1275,"R sad ""[what]"""
ron_bio_3af03d05,,"He looks guilty, obviously worried he inadvertantly ruined your relationship by barging in on the two of you in that maintenance room.",game/tl/deutsch/scene/biography/ron_bio.rpy,1281,[what]
ron_bio_89e90901,R,"I must say, it was some kind of a special moment to...",game/tl/deutsch/scene/biography/ron_bio.rpy,1287,"R shy ""[what]"""
ron_bio_aacc230f,,Ron hesitates.,game/tl/deutsch/scene/biography/ron_bio.rpy,1293,[what]
ron_bio_91320d76,R,You know... to suck it.,game/tl/deutsch/scene/biography/ron_bio.rpy,1299,"R ""[what]"""
ron_bio_68120491,,"You notice that as he says this, his eyes lock onto your crotch and while he's starting at your crotch his hands unconsciously move to his rear. He looks hungry.",game/tl/deutsch/scene/biography/ron_bio.rpy,1305,[what]
ron_bio_cf9f33be,R,"Thank you for taking the blame on yourself. I know this is selfish, but I wouldn't have known how to respond.",game/tl/deutsch/scene/biography/ron_bio.rpy,1311,"R happy ""[what]"""
ron_bio_4d7bdac4,R,You really didn't have to cover for me!,game/tl/deutsch/scene/biography/ron_bio.rpy,1317,"R sad ""[what]"""
ron_bio_a1ca9d87,,"He reaches forward, his hand giving yours a squeeze.",game/tl/deutsch/scene/biography/ron_bio.rpy,1323,[what]
ron_bio_bebe6961,R,"I appreciate it, you're a real gentleman.",game/tl/deutsch/scene/biography/ron_bio.rpy,1329,"R flirt ""[what]"""
ron_bio_2d08d65f,R,I was pretty drunk at the party!,game/tl/deutsch/scene/biography/ron_bio.rpy,1335,"R sad ""[what]"""
ron_bio_ce04c32a,R,And it was not just the alcohol. My brain went all fuzzy.,game/tl/deutsch/scene/biography/ron_bio.rpy,1341,"R tough ""[what]"""
ron_bio_688eb1f2,R,"I cannot prove it, but I am pretty sure there's more to it than just the alcohol and being drunk. Booze alone wouldn't have knocked me out like that.",game/tl/deutsch/scene/biography/ron_bio.rpy,1347,"R tough ""[what]"""
ron_bio_ce287d62,R,Did you spike my drink? Or see anybody else do it?,game/tl/deutsch/scene/biography/ron_bio.rpy,1353,"R suspicious ""[what]"""
ron_bio_aa378a98,R,I know you warned me about the drugs in my drink.,game/tl/deutsch/scene/biography/ron_bio.rpy,1359,"R sad ""[what]"""
ron_bio_7f19b81f,R,I just couldn't believe Julian would do this to me.,game/tl/deutsch/scene/biography/ron_bio.rpy,1365,"R angry ""[what]"""
ron_bio_28968c0f,R,"I have problems remembering the night. Some of it is clear, then there's things that are...fuzzy. Hazy. I can't be sure about it all, but...",game/tl/deutsch/scene/biography/ron_bio.rpy,1371,"R suspicious ""[what]"""
ron_bio_4dee8b8a,R,I think...I might've been raped.,game/tl/deutsch/scene/biography/ron_bio.rpy,1377,"R down ""[what]"""
ron_bio_d3226de8,R,Did you and Julian force me to have sex with you? I just want to know the truth.,game/tl/deutsch/scene/biography/ron_bio.rpy,1383,"R angry ""[what]"""
ron_bio_c37acf3b,R,"Okay, I know this is a weird question.",game/tl/deutsch/scene/biography/ron_bio.rpy,1389,"R suspicious ""[what]"""
ron_bio_a12e9e53,R,I'm really having problems remember stuff from that evening. It's like my memories of the whole night are strangely hazy.,game/tl/deutsch/scene/biography/ron_bio.rpy,1395,"R sad ""[what]"""
ron_bio_4eb0b425,R,Did we kiss? Because I think we did.,game/tl/deutsch/scene/biography/ron_bio.rpy,1401,"R suspicious ""[what]"""
ron_bio_b6bc2225,R,I... I cannot really recall it. But something ... bad happened that night at the party.,game/tl/deutsch/scene/biography/ron_bio.rpy,1407,"R sad ""[what]"""
ron_bio_c6a289cb,R,"I know it sounds weird, but I think Julian ...",game/tl/deutsch/scene/biography/ron_bio.rpy,1413,"R ""[what]"""
ron_bio_a35ab371,,"He pauses for a moment, and he is breathing heavily.",game/tl/deutsch/scene/biography/ron_bio.rpy,1419,[what]
ron_bio_8ef1ae56,R,I think he fucked me! But not in a good way.,game/tl/deutsch/scene/biography/ron_bio.rpy,1425,"R tough ""[what]"""
ron_bio_2585d961,,He looks like he's on the verge of tears.,game/tl/deutsch/scene/biography/ron_bio.rpy,1431,[what]
ron_bio_cfbdba7f,R,"Was I raped? He'd never...but, I think I remember something...",game/tl/deutsch/scene/biography/ron_bio.rpy,1437,"R down ""[what]"""
ron_bio_c84e5a7c,R,Just... I don't know why he would do that.,game/tl/deutsch/scene/biography/ron_bio.rpy,1443,"R sad ""[what]"""
ron_bio_9948b9b0,R,"He's not interested in me. Not sexually, at least. I am absolutely certain about that!",game/tl/deutsch/scene/biography/ron_bio.rpy,1449,"R angry ""[what]"""
ron_bio_34ffea97,R,It's all blurred! I ... I just cannot remember!,game/tl/deutsch/scene/biography/ron_bio.rpy,1455,"R sad ""[what]"""
ron_bio_0762074a,,"He gasps, looking horrified.",game/tl/deutsch/scene/biography/ron_bio.rpy,1461,[what]
ron_bio_6300fb43,R,"Unless...am I the one who took advantage of HIM when he was drunk? Oh, god. What happened that night?",game/tl/deutsch/scene/biography/ron_bio.rpy,1649,"R fear ""[what]"""
ron_bio_49043ab1,R,My memories about this night are blurred.,game/tl/deutsch/scene/biography/ron_bio.rpy,1473,"R sad ""[what]"""
ron_bio_5b66558e,R,"But ever since then, I have a weired dream.",game/tl/deutsch/scene/biography/ron_bio.rpy,1479,"R tough ""[what]"""
ron_bio_92462120,R,A dream in which...,game/tl/deutsch/scene/biography/ron_bio.rpy,1485,"R shy ""[what]"""
ron_bio_0bacb9ab,R,In which you literally fuck me.,game/tl/deutsch/scene/biography/ron_bio.rpy,1491,"R angry ""[what]"""
ron_bio_a66df8ba,R,Don't smirk at me like that!,game/tl/deutsch/scene/biography/ron_bio.rpy,1497,"R ""[what]"""
ron_bio_b3cff1a9,R,It is not a fun dream.,game/tl/deutsch/scene/biography/ron_bio.rpy,1503,"R down ""[what]"""
ron_bio_b3695c9f,R,Not like it could have been. Should have been.,game/tl/deutsch/scene/biography/ron_bio.rpy,1509,"R sad ""[what]"""
ron_bio_146b494c,R,"I'm not even sure if this is a real memory, or just a bizarre dream!",game/tl/deutsch/scene/biography/ron_bio.rpy,1515,"R angry ""[what]"""
ron_bio_ace1f78a,R,"I will never touch any alcohol or drugs again, that is for sure!",game/tl/deutsch/scene/biography/ron_bio.rpy,1521,"R tough ""[what]"""
ron_bio_c4d66c03,R,"We really had sex that night, didn't we?",game/tl/deutsch/scene/biography/ron_bio.rpy,1527,"R suspicious ""[what]"""
ron_bio_51bb4e8e,R,It is all a bit blurred for me.,game/tl/deutsch/scene/biography/ron_bio.rpy,1533,"R sad ""[what]"""
ron_bio_044c1f8d,R,I was really drunk that night!,game/tl/deutsch/scene/biography/ron_bio.rpy,1539,"R evil ""[what]"""
ron_bio_322e7ee5,R,"Still. You, Julian and I ... we had sex, didn't we?",game/tl/deutsch/scene/biography/ron_bio.rpy,1545,"R suspicious ""[what]"""
ron_bio_4d3250c4,,"He stands there, thinking. His arms wrapped around himself in a self-hug. He closes his eyes to relive the memory and you see a huge smile.",game/tl/deutsch/scene/biography/ron_bio.rpy,1551,[what]
ron_bio_ce3e798f,R,"The \""afterparty\""... that was quite something, don't you think?",game/tl/deutsch/scene/biography/ron_bio.rpy,1557,"R flirt ""[what]"""
ron_bio_7a4611ac,R,"You, Julian and I ... having sex together ... it was like a dream coming true for me.",game/tl/deutsch/scene/biography/ron_bio.rpy,1563,"R happy ""[what]"""
ron_bio_aff0a701,R,Though I'm not really sure what Julian thinks about this.,game/tl/deutsch/scene/biography/ron_bio.rpy,1569,"R suspicious ""[what]"""
ron_bio_37a49341,,His smile fades a little.,game/tl/deutsch/scene/biography/ron_bio.rpy,1575,[what]
ron_bio_82c20841,R,"I am not sure he liked it at all. I tried to get him to do this for years, why did he suddenly decide to do it if he wasn't going to enjoy himself?",game/tl/deutsch/scene/biography/ron_bio.rpy,1581,"R sad ""[what]"""
ron_bio_d9cafaa9,R,"However, it was nice waking up with you in one bed the next morning.",game/tl/deutsch/scene/biography/ron_bio.rpy,1587,"R happy ""[what]"""
ron_bio_52475f8a,,"He takes your arms and wrapes them around himself, pulling you in so that you're hugging him tight. He pushes back, snuggling against you.",game/tl/deutsch/scene/biography/ron_bio.rpy,1593,[what]
ron_bio_f53ec594,R,"Even though I could have sworn, I went to sleep in my own bed.",game/tl/deutsch/scene/biography/ron_bio.rpy,1599,"R suspicious ""[what]"""
ron_bio_9977643e,,"He seems lost in contemplation, trying to sort out his memories of that wild night.",game/tl/deutsch/scene/biography/ron_bio.rpy,1605,[what]
ron_bio_260176eb,R,"Yes, you won at the wrestling match!",game/tl/deutsch/scene/biography/ron_bio.rpy,1611,"R neutral ""[what]"""
ron_bio_4766f799,R,I still liked wrestling with you.,game/tl/deutsch/scene/biography/ron_bio.rpy,1617,"R desire ""[what]"""
ron_bio_72262c73,R,And I might have been a little ... distracted.,game/tl/deutsch/scene/biography/ron_bio.rpy,1623,"R suspicious ""[what]"""
ron_bio_bec00750,R,I didn't want to fight with you anyways.,game/tl/deutsch/scene/biography/ron_bio.rpy,1629,"R angry ""[what]"""
ron_bio_6a2fcc9a,R,I can't believe I won against you at the tournament!,game/tl/deutsch/scene/biography/ron_bio.rpy,1635,"R happy ""[what]"""
ron_bio_fce03c95,R,"Anyway, I need to go now. Good talk.",game/tl/deutsch/scene/biography/ron_bio.rpy,1641,"R neutral ""[what]"""
vincent_bio_102b1aae,,Relationship = [LoveVincent],game/tl/deutsch/scene/biography/vincent_bio.rpy,489,[what]
vincent_bio_c44980f0,,You better stay away from him! He's one of the worst bullies at school and you're now one of his favorite targets.,game/tl/deutsch/scene/biography/vincent_bio.rpy,495,[what]
vincent_bio_102b1aae_1,,Relationship = [LoveVincent],game/tl/deutsch/scene/biography/vincent_bio.rpy,501,[what]
vincent_bio_3656e6c9,,Don't expect him to come to your aid! You'll be lucky if he doesn't join your tormentors.,game/tl/deutsch/scene/biography/vincent_bio.rpy,507,[what]
vincent_bio_102b1aae_2,,Relationship = [LoveVincent],game/tl/deutsch/scene/biography/vincent_bio.rpy,513,[what]
vincent_bio_2d405a61,,The two of you get along pretty well. You've got an understanding between you and he's a lot of fun.,game/tl/deutsch/scene/biography/vincent_bio.rpy,519,[what]
vincent_bio_102b1aae_3,,Relationship = [LoveVincent],game/tl/deutsch/scene/biography/vincent_bio.rpy,525,[what]
vincent_bio_550a4656,,"Vincent can't stop smiling whenever you're nearby. He can't hide his excitement whenever he sees you. People seem impressed, everyone is gossiping about how close you've gotten with the popular jock.",game/tl/deutsch/scene/biography/vincent_bio.rpy,531,[what]
vincent_bio_322b8e8e,V,Hi [name]! You're looking good. Have you been working out lately?,game/tl/deutsch/scene/biography/vincent_bio.rpy,537,"V flirt ""[what]"""
vincent_bio_c3bdd572,,His eyes rove over your body as he looks at you hungrily. Then he winks at you and smiles.,game/tl/deutsch/scene/biography/vincent_bio.rpy,543,[what]
vincent_bio_3c3c483a,V,"You dare talk to me, [name]?! I should shove your head in a toilet and flush. Fucking dweeb.",game/tl/deutsch/scene/biography/vincent_bio.rpy,549,"V tough ""[what]"""
vincent_bio_6e83c49d,V,"Giving Ned his book was not cool, man! I had a whole thing planned and you ruined it.",game/tl/deutsch/scene/biography/vincent_bio.rpy,555,"V angry ""[what]"""
vincent_bio_7d185028,V,"Did you see Ned's face, when you didn't give him back his book?",game/tl/deutsch/scene/biography/vincent_bio.rpy,561,"V happy ""[what]"""
vincent_bio_5bbf515a,V,Looked like his little heart was broken! It was so cruel. I like your style.,game/tl/deutsch/scene/biography/vincent_bio.rpy,567,"V laugh ""[what]"""
vincent_bio_3eb0fe87,V,"When you didn't give Ned his book back, I really thought you were cool. One of the guys.",game/tl/deutsch/scene/biography/vincent_bio.rpy,573,"V tough ""[what]"""
vincent_bio_8886762c,V,"Well, I suppose I was wrong about you.",game/tl/deutsch/scene/biography/vincent_bio.rpy,579,"V ""[what]"""
vincent_bio_c908b8d3,V,Why on Earth did you tell Ned we were going to ambush him in the locker room? Kinda defeats the purpose of an ambush.,game/tl/deutsch/scene/biography/vincent_bio.rpy,585,"V suspicious ""[what]"""
vincent_bio_858e3e14,V,I gotta say: I almost expected you tell Ned about our little surprise meeting in the locker room!,game/tl/deutsch/scene/biography/vincent_bio.rpy,591,"V flirt ""[what]"""
vincent_bio_4dfdf2f6,V,I know you lied when you claimed that you and Ned are not a couple. Any idiot with eyes can see how the two of you are with each other.,game/tl/deutsch/scene/biography/vincent_bio.rpy,597,"V evil ""[what]"""
vincent_bio_5e1dbe98,V,"I'm just wondering if you lied to me, or lied to yourself!",game/tl/deutsch/scene/biography/vincent_bio.rpy,603,"V suspicious ""[what]"""
vincent_bio_900c3bb6,V,"I know I mocked you, when you told me you're in love with Ned.",game/tl/deutsch/scene/biography/vincent_bio.rpy,609,"V friendly ""[what]"""
vincent_bio_35c9785a,V,"It's just that you could do much better than Nerd. I'm lookin out for ya, you know?",game/tl/deutsch/scene/biography/vincent_bio.rpy,615,"V neutral ""[what]"""
vincent_bio_d24152a1,V,Or does make you feel like the most important girl in the world?,game/tl/deutsch/scene/biography/vincent_bio.rpy,621,"V evil ""[what]"""
vincent_bio_a3966472,V,Little Bitch!,game/tl/deutsch/scene/biography/vincent_bio.rpy,627,"V ""[what]"""
vincent_bio_c22b2cdd,V,"Ned caught me off guard, when he attacked me in the locker room! Who would've thought that weakling had it in him?",game/tl/deutsch/scene/biography/vincent_bio.rpy,633,"V sad ""[what]"""
vincent_bio_4b595bd7,V,Not going to happen ever again! I won't let my guard down around that poindexter.,game/tl/deutsch/scene/biography/vincent_bio.rpy,639,"V tough ""[what]"""
vincent_bio_9c08206d,V,I don't want to talk about what happened in the locker room. Drop it.,game/tl/deutsch/scene/biography/vincent_bio.rpy,645,"V shy ""[what]"""
vincent_bio_eb26be8c,V,"Though I have to admit, being tied up like this was a new experience for me. New and exciting.",game/tl/deutsch/scene/biography/vincent_bio.rpy,651,"V flirt ""[what]"""
vincent_bio_88110ec5,V,I won't press charges against you for tying me up and ... you know what you did.,game/tl/deutsch/scene/biography/vincent_bio.rpy,657,"V tough ""[what]"""
vincent_bio_2af6b675,V,"The \""things\"" that happened.",game/tl/deutsch/scene/biography/vincent_bio.rpy,663,"V shy ""[what]"""
vincent_bio_bdc959eb,V,"I'm still not sure if will just tell my teammates something happened. They don't need to know the details. Get them to stir you up, put you back in your place.",game/tl/deutsch/scene/biography/vincent_bio.rpy,669,"V tough ""[what]"""
vincent_bio_6c81d258,V,"I must admit, when Ned attacked you in the locker room...",game/tl/deutsch/scene/biography/vincent_bio.rpy,675,"V happy ""[what]"""
vincent_bio_5b19e9f8,V,I did not see that coming! Tempted to say I underestimated him.,game/tl/deutsch/scene/biography/vincent_bio.rpy,681,"V ""[what]"""
vincent_bio_fd3feeeb,V,"I would have expected him to be more angry at me, than you.",game/tl/deutsch/scene/biography/vincent_bio.rpy,687,"V suspicious ""[what]"""
vincent_bio_4a1f2c23,V,"Seems like you struck a nerve somehow. He really did a number on you, his hate was visceral.",game/tl/deutsch/scene/biography/vincent_bio.rpy,693,"V evil ""[what]"""
vincent_bio_5ac326a7,V,It was fun to watch!,game/tl/deutsch/scene/biography/vincent_bio.rpy,699,"V evil ""[what]"""
vincent_bio_5c6b9f7d,V,"You being beaten up by Nerd, of all people!",game/tl/deutsch/scene/biography/vincent_bio.rpy,705,"V ""[what]"""
vincent_bio_200e9685,V,"So funny! You're officially the bottom of the food-chain, now.",game/tl/deutsch/scene/biography/vincent_bio.rpy,711,"V laugh ""[what]"""
vincent_bio_37a54c1c,V,I am glad you came to the locker room alone.,game/tl/deutsch/scene/biography/vincent_bio.rpy,717,"V friendly ""[what]"""
vincent_bio_90561d16,V,"To let you tie me up was an interesting experience for me. Ha, that's an understatement!",game/tl/deutsch/scene/biography/vincent_bio.rpy,723,"V friendly ""[what]"""
vincent_bio_c82747fa,V,"I hope we are going to repeat this sometime. I've never been so hot, it was incredible.",game/tl/deutsch/scene/biography/vincent_bio.rpy,729,"V flirt ""[what]"""
vincent_bio_0784b7b4,V,Don't get your hopes up!,game/tl/deutsch/scene/biography/vincent_bio.rpy,735,"V angry ""[what]"""
vincent_bio_81c58f8d,V,"It won't happen ever again! If I hear you're telling people about it, you won't live much longer.",game/tl/deutsch/scene/biography/vincent_bio.rpy,741,"V ""[what]"""
vincent_bio_d0961f1d,V,Though I must admit:,game/tl/deutsch/scene/biography/vincent_bio.rpy,747,"V desire ""[what]"""
vincent_bio_f2dbb1ef,V,When you sucked me...,game/tl/deutsch/scene/biography/vincent_bio.rpy,753,"V ""[what]"""
vincent_bio_c3897864,V,"Let's just say you're very talented. I must give it to you, cocksucking should've been your degree here!",game/tl/deutsch/scene/biography/vincent_bio.rpy,971,"V desire ""[what]"""
vincent_bio_cbd9ee84,V,Just to be clear:,game/tl/deutsch/scene/biography/vincent_bio.rpy,765,"V neutral ""[what]"""
vincent_bio_f26adc11,V,I only sucked you because I had to.,game/tl/deutsch/scene/biography/vincent_bio.rpy,771,"V suspicious ""[what]"""
vincent_bio_405a3ec8,V,"And not because I wanted to, okay?",game/tl/deutsch/scene/biography/vincent_bio.rpy,777,"V tough ""[what]"""
vincent_bio_1c6d5dfe,V,"You forced me to do it, after all!",game/tl/deutsch/scene/biography/vincent_bio.rpy,783,"V neutral ""[what]"""
vincent_bio_e30a70b9,V,"If you tell anyone, I'll personally castrate you. This stays between us.",game/tl/deutsch/scene/biography/vincent_bio.rpy,789,"V evil ""[what]"""
vincent_bio_8d91f602,V,"I've told you once, and I say it again:",game/tl/deutsch/scene/biography/vincent_bio.rpy,795,"V shy ""[what]"""
vincent_bio_73c07388,V,That kiss we shared... it's...,game/tl/deutsch/scene/biography/vincent_bio.rpy,801,"V tough ""[what]"""
vincent_bio_0e3146d5,V,"If I hadn't been tied up, I would have punched you right there! You'd not have any teeth left in your mouth.",game/tl/deutsch/scene/biography/vincent_bio.rpy,807,"V angry ""[what]"""
vincent_bio_9cf5010f,V,Never try anthing like that ever again!,game/tl/deutsch/scene/biography/vincent_bio.rpy,813,"V hate ""[what]"""
vincent_bio_97b2be0c,V,"I liked it. There, I said it!",game/tl/deutsch/scene/biography/vincent_bio.rpy,819,"V desire ""[what]"""
vincent_bio_c929497d,,"He blushes and struggles to look you in the eye, though you notice the front of his pants swelling.",game/tl/deutsch/scene/biography/vincent_bio.rpy,825,[what]
vincent_bio_1b6e755d,V,I ... just wanted you to know that.,game/tl/deutsch/scene/biography/vincent_bio.rpy,831,"V shy ""[what]"""
vincent_bio_d780fbb3,V,"That party was quite something, am I right?",game/tl/deutsch/scene/biography/vincent_bio.rpy,837,"V happy ""[what]"""
vincent_bio_de7b5620,V,What do you think about Max?,game/tl/deutsch/scene/biography/vincent_bio.rpy,843,"V friendly ""[what]"""
vincent_bio_6b165bfe,V,You really kissed him!? Did not see that coming.,game/tl/deutsch/scene/biography/vincent_bio.rpy,849,"V laugh ""[what]"""
vincent_bio_9868fc21,V,Seems like you kiss everyone these days. You always look so innocent but I'm starting to think you're a bit of a slut.,game/tl/deutsch/scene/biography/vincent_bio.rpy,855,"V sad ""[what]"""
vincent_bio_018f9fa3,V,"Though, I only kissed you because I had no choice at the time. Just saying...",game/tl/deutsch/scene/biography/vincent_bio.rpy,861,"V tough ""[what]"""
vincent_bio_cfe3b067,V,You liked the moonshine?,game/tl/deutsch/scene/biography/vincent_bio.rpy,867,"V evil ""[what]"""
vincent_bio_ba661dfb,V,"It tasted great, didn't it? I'll let you in on a secret. He adds something very special to every batch, only I know about it. I love gulping it down!",game/tl/deutsch/scene/biography/vincent_bio.rpy,873,"V happy ""[what]"""
vincent_bio_ba262e4c,V,"Don't ask me, though. I'm not telling what his \""secret ingredient\"" is. I'll just let that swim through your imagination for a bit! Maybe someday he'll tell you.",game/tl/deutsch/scene/biography/vincent_bio.rpy,879,"V evil ""[what]"""
vincent_bio_5ad63088,V,"You really should have tasted that moonshine! The way Max prepares it is one-of-a-kind. You won't find anything like his moonshine, anywhere else.",game/tl/deutsch/scene/biography/vincent_bio.rpy,885,"V sad ""[what]"""
vincent_bio_6921045f,V,I'm glad you joined our little side-party at the truck.,game/tl/deutsch/scene/biography/vincent_bio.rpy,891,"V friendly ""[what]"""
vincent_bio_6c7c7f94,V,I hope you enjoyed it just as much as I did?,game/tl/deutsch/scene/biography/vincent_bio.rpy,897,"V ""[what]"""
vincent_bio_a3d1a437,V,I bet you did not expect our private party at the truck to be so ... intense.,game/tl/deutsch/scene/biography/vincent_bio.rpy,903,"V evil ""[what]"""
vincent_bio_6e7432b4,V,I would have loved to go even harder on you.,game/tl/deutsch/scene/biography/vincent_bio.rpy,909,"V ""[what]"""
vincent_bio_3362f8c8,V,"Lucky for you Max was there, too. If it'd just been the two of us, I would've completely destroyed your tight ass!",game/tl/deutsch/scene/biography/vincent_bio.rpy,915,"V ""[what]"""
vincent_bio_8072e215,V,"That was quite a wrestling tournament, don't you think?",game/tl/deutsch/scene/biography/vincent_bio.rpy,921,"V happy ""[what]"""
vincent_bio_24c6bf28,V,Too bad we had no chance to fight.,game/tl/deutsch/scene/biography/vincent_bio.rpy,927,"V ""[what]"""
vincent_bio_242d9d2a,V,"Good fight at the wrestling match, by the way.",game/tl/deutsch/scene/biography/vincent_bio.rpy,933,"V neutral ""[what]"""
vincent_bio_9720a7f6,V,I can't believe you actually won against me!,game/tl/deutsch/scene/biography/vincent_bio.rpy,939,"V tough ""[what]"""
vincent_bio_0580c5fc,V,Must have been beginner's luck! I haven't been defeated all year.,game/tl/deutsch/scene/biography/vincent_bio.rpy,945,"V ""[what]"""
vincent_bio_fb2bcb40,V,Don't feel too bad for losing against me.,game/tl/deutsch/scene/biography/vincent_bio.rpy,951,"V happy ""[what]"""
vincent_bio_5e7e0781,V,You never stood a chance! Wrestling takes more practice and dedication than most people give it credit.,game/tl/deutsch/scene/biography/vincent_bio.rpy,957,"V evil ""[what]"""
vincent_bio_98051025,V,Alright. I need to go now.,game/tl/deutsch/scene/biography/vincent_bio.rpy,963,"V neutral ""[what]"""
zen_bio_d427fd07,,Relationship = [LoveJupiter],game/tl/deutsch/scene/biography/zen_bio.rpy,99,[what]
zen_bio_f11b21cb,Z,Hello [name]!,game/tl/deutsch/scene/biography/zen_bio.rpy,105,"Z happy ""[what]"""
zen_bio_88e040a9,Z,Good to see you.,game/tl/deutsch/scene/biography/zen_bio.rpy,111,"Z ""[what]"""
zen_bio_81e90e20,Z,Hello [name].,game/tl/deutsch/scene/biography/zen_bio.rpy,117,"Z sad ""[what]"""
zen_bio_4f0f1c51,Z,Is there anything you need?,game/tl/deutsch/scene/biography/zen_bio.rpy,123,"Z ""[what]"""
zen_bio_999328f1,Z,Did you see what Julian and Max did to Ned?,game/tl/deutsch/scene/biography/zen_bio.rpy,129,"Z tough ""[what]"""
zen_bio_75ce14b8,Z,"They called it \""Target Practice!\""",game/tl/deutsch/scene/biography/zen_bio.rpy,135,"Z angry ""[what]"""
zen_bio_a4f97af9,Z,I know you are not on best terms with Ned right now.,game/tl/deutsch/scene/biography/zen_bio.rpy,141,"Z sad ""[what]"""
zen_bio_298598cb,Z,"Still, these bullies needed to be stopped!",game/tl/deutsch/scene/biography/zen_bio.rpy,147,"Z angry ""[what]"""
zen_bio_773a3f27,Z,I bet you are just as angry as I am how they treated Ned.,game/tl/deutsch/scene/biography/zen_bio.rpy,153,"Z angry ""[what]"""
zen_bio_c3456587,Z,It is time to put a stop to it!,game/tl/deutsch/scene/biography/zen_bio.rpy,159,"Z tough ""[what]"""
zen_bio_eaf3fe88,Z,I noticed you followed us to the church.,game/tl/deutsch/scene/biography/zen_bio.rpy,165,"Z evil ""[what]"""
zen_bio_f58c3bb1,Z,I must urge you to not talk about it to anyone.,game/tl/deutsch/scene/biography/zen_bio.rpy,171,"Z tough ""[what]"""
zen_bio_8915b156,Z,Do you understand?,game/tl/deutsch/scene/biography/zen_bio.rpy,177,"Z angry ""[what]"""
zen_bio_1d8d9ca6,Z,Have a nice day.,game/tl/deutsch/scene/biography/zen_bio.rpy,183,"Z neutral ""[what]"""
headhome_51044312,,You have never seen him this enthusiastic. And friendly.,game/tl/deutsch/scene/headhome.rpy,6350,[what]
headhome_521513cb,,"Anticipation is dancing across his face, like a child excited to open their birthday presents.",game/tl/deutsch/scene/headhome.rpy,6356,[what]
headhome_90ed7799,h,Are you looking forward to this as much as I do?,game/tl/deutsch/scene/headhome.rpy,6362,"h happy ""[what]"""
headhome_a3888693,c,I think it was a mistake to come here.,game/tl/deutsch/scene/headhome.rpy,6368,"c tough ""[what]"""
headhome_65a3337b,h,Nonsense. You gonna like it!,game/tl/deutsch/scene/headhome.rpy,6374,"h evil ""[what]"""
headhome_6a9521e8,h,Consider it a lesson.,game/tl/deutsch/scene/headhome.rpy,6380,"h tough ""[what]"""
headhome_71bad588,h,I am going to teach you quite a lot!,game/tl/deutsch/scene/headhome.rpy,6386,"h evil ""[what]"""
headhome_c6bbc345,,You need all your self-restraint not to flinch when he touches you.,game/tl/deutsch/scene/headhome.rpy,6392,[what]
headhome_e6d32508,,"Whenever you feel him make contact with you, you feel unclean but in a way no amount of showering will wash away.",game/tl/deutsch/scene/headhome.rpy,6398,[what]
headhome_0e916c0e,,You feel a warm shiver run down your spine when he touches your shoulder.,game/tl/deutsch/scene/headhome.rpy,6404,[what]
headhome_973838dd,,He has a deep and very seductive smell on him.,game/tl/deutsch/scene/headhome.rpy,6410,[what]
headhome_a4f384ee,,The headmaster opens an expensive looking bottle of wine.,game/tl/deutsch/scene/headhome.rpy,6416,[what]
headhome_67905d73,c,Oh. Uhm. I am not 21 years old yet.,game/tl/deutsch/scene/headhome.rpy,6422,"c suspicious ""[what]"""
headhome_76315860,h,Don't worry about it.,game/tl/deutsch/scene/headhome.rpy,6428,"h evil ""[what]"""
headhome_14ec76ef,h,I won't tell anyone!,game/tl/deutsch/scene/headhome.rpy,6434,"h flirt ""[what]"""
headhome_45f85633,,"You clink glasses, and taste the wine.",game/tl/deutsch/scene/headhome.rpy,6440,[what]
headhome_6c32449f,,"It tastes good, unlike any wine you have tasted before.",game/tl/deutsch/scene/headhome.rpy,6446,[what]
headhome_0120fbd2,,"It is heavy, and strong, but in a good way.",game/tl/deutsch/scene/headhome.rpy,6452,[what]
headhome_c1e577b6,,"And you can feel the alcohol almost immediately pop in your head, making you relaxed and a little bit dizzy.",game/tl/deutsch/scene/headhome.rpy,6458,[what]
headhome_92a89cf0,h,You don't know what you miss.,game/tl/deutsch/scene/headhome.rpy,6464,"h neutral ""[what]"""
headhome_03c481b3,,You don't trust the Headmaster. You've read about people spiking drinks at parties and you wouldn't put it past this man.,game/tl/deutsch/scene/headhome.rpy,6470,[what]
headhome_d693a706,,"You feel right at home already, and eager to find out what the headmaster intends to do.",game/tl/deutsch/scene/headhome.rpy,6476,[what]
headhome_480c8a46,,You can feel his gaze all over your body.,game/tl/deutsch/scene/headhome.rpy,6482,[what]
headhome_f3b7af1e,,It is like he has X-ray vision.,game/tl/deutsch/scene/headhome.rpy,6488,[what]
headhome_470071f7,c,I have been looking forward to this all day.,game/tl/deutsch/scene/headhome.rpy,6494,"c desire ""[what]"""
headhome_11338d1b,,"He is closing in. You can feel breath on your neck, it smells of liquor and cigars.",game/tl/deutsch/scene/headhome.rpy,6500,[what]
headhome_cafe42cf,,The sandpaper sensation of his coarse goatee hairs scraping across the side of your face as he leans in much too close for comfort.,game/tl/deutsch/scene/headhome.rpy,6506,[what]
headhome_f1161c58,,"You inhale his smell again, and you can feel he sandpaper sensation of his coarse goatee hairs scraping across the side of your face as he leans in, giving you goose flesh.",game/tl/deutsch/scene/headhome.rpy,6512,[what]
headhome_9170ea85,,You can't deny the man has a commanding presence to him.,game/tl/deutsch/scene/headhome.rpy,6518,[what]
headhome_09d4f1b7,,"Even when he is not speaking, you feel his authority wash over you.",game/tl/deutsch/scene/headhome.rpy,6524,[what]
headhome_64caad14,,The power imbalance between you is intimidating.,game/tl/deutsch/scene/headhome.rpy,6530,[what]
headhome_3c9f1ce7,,You know he holds your fate in his hands.,game/tl/deutsch/scene/headhome.rpy,6536,[what]
headhome_75433e31,,You have already done it in his office.,game/tl/deutsch/scene/headhome.rpy,6542,[what]
headhome_62628beb,,"So it is no big deal, right?",game/tl/deutsch/scene/headhome.rpy,6548,[what]
headhome_8b69ed8d,,You thank God at least there is no open window this time.,game/tl/deutsch/scene/headhome.rpy,6554,[what]
headhome_61cc4659,,You'd rather die than be seen by anyone.,game/tl/deutsch/scene/headhome.rpy,6560,[what]
headhome_384c9580,,His right hand is under your shirt now and moves toward your belly.,game/tl/deutsch/scene/headhome.rpy,6566,[what]
headhome_50d96600,,And further down.,game/tl/deutsch/scene/headhome.rpy,6572,[what]
headhome_e1246dfa,,"Before he can reach for your private parts, you break free.",game/tl/deutsch/scene/headhome.rpy,6578,[what]
headhome_05bfed9a,,You panicked. You couldn't help it.,game/tl/deutsch/scene/headhome.rpy,6584,[what]
headhome_eb834574,,You're like a lame zebra in the presence of a mighty lion.,game/tl/deutsch/scene/headhome.rpy,6590,[what]
headhome_437489cd,,And he is toying with his prey.,game/tl/deutsch/scene/headhome.rpy,6596,[what]
headhome_977db51d,c,"Hey, hold your horses!",game/tl/deutsch/scene/headhome.rpy,6602,"c flirt ""[what]"""
headhome_1f7cdcca,h,"Well, do it yourself then!",game/tl/deutsch/scene/headhome.rpy,6608,"h laugh ""[what]"""
headhome_443daf8e,,His grip tightens.,game/tl/deutsch/scene/headhome.rpy,6614,[what]
headhome_bafea467,,The embrace is not so gentle anymore.,game/tl/deutsch/scene/headhome.rpy,6620,[what]
headhome_ef1e2aec,,"You can tell at once, he is not accustomed to people refusing his demands.",game/tl/deutsch/scene/headhome.rpy,6626,[what]
headhome_b956370d,,You've angered him.,game/tl/deutsch/scene/headhome.rpy,6632,[what]
headhome_c7cb5de9,h,Why did you come here then?,game/tl/deutsch/scene/headhome.rpy,6638,"h angry ""[what]"""
headhome_654438b8,h,Enough of this! Drop it now or leave!,game/tl/deutsch/scene/headhome.rpy,6644,"h ""[what]"""
headhome_aa046837,h,"Wenn du gehst, werde ich ALLE deine Noten auf Null zurücksetzen!",game/tl/deutsch/scene/headhome.rpy,194,"h angry ""[what]"""
headhome_d1bae536,h,"You know you're a mediocre student, you'll never be able to catch up.",game/tl/deutsch/scene/headhome.rpy,6650,"h angry ""[what]"""
headhome_dfc08ac5,h,This is your one and only chance.,game/tl/deutsch/scene/headhome.rpy,6656,"h ""[what]"""
headhome_a07f98f8,h,I'd suggest you take it while I'm still feeling generous.,game/tl/deutsch/scene/headhome.rpy,6662,"h ""[what]"""
headhome_16c60789,c,I don't know.,game/tl/deutsch/scene/headhome.rpy,6668,"c sad ""[what]"""
headhome_a3c02e76,h,"Here, take another drink.",game/tl/deutsch/scene/headhome.rpy,6674,"h friendly ""[what]"""
headhome_d3cc4504,,He fills up your glass again.,game/tl/deutsch/scene/headhome.rpy,6680,[what]
headhome_dd645017,h,It will make you relax.,game/tl/deutsch/scene/headhome.rpy,6686,"h ""[what]"""
headhome_1ec97320,,"You hesitate, but you take the drink and empty the glass in one big gulp.",game/tl/deutsch/scene/headhome.rpy,6692,[what]
headhome_4a713e88,,"A gentle warmth spread out in your whole body, and you get the impression the room is spinning a little.",game/tl/deutsch/scene/headhome.rpy,6698,[what]
headhome_23242634,,"You can see the headmaster's desire in his eyes, and enjoy the power you have over him.",game/tl/deutsch/scene/headhome.rpy,6704,[what]
headhome_a4c360b3,,"He wants to see and feel your body so bad, especially since you denied it to him last time.",game/tl/deutsch/scene/headhome.rpy,6710,[what]
headhome_88accdd1,,It is like a christmas gift he wasn't allowed to open yet.,game/tl/deutsch/scene/headhome.rpy,6716,[what]
headhome_f801847a,,With some effort you break free of his embrace and start to strip your shirt.,game/tl/deutsch/scene/headhome.rpy,6722,[what]
headhome_706a9e68,,You've never felt so trapped in all of your life.,game/tl/deutsch/scene/headhome.rpy,6728,[what]
headhome_ef08f622,,So...vulnerable. ,game/tl/deutsch/scene/headhome.rpy,6734,[what]
headhome_c4e7aa96,,You are still not sure if this a good idea at all.,game/tl/deutsch/scene/headhome.rpy,6740,[what]
headhome_463caef4,,"You can feel the headmaster's desire almost physically, and it feels like a compliment.",game/tl/deutsch/scene/headhome.rpy,6746,[what]
headhome_b16e4a15,,He doesn't say a word while you do it - slowly like he demanded.,game/tl/deutsch/scene/headhome.rpy,6752,[what]
headhome_cf11dfbd,,And you don't look up.,game/tl/deutsch/scene/headhome.rpy,6758,[what]
headhome_f9a6af11,,You are too ashamed to make eye contact.,game/tl/deutsch/scene/headhome.rpy,6764,[what]
headhome_920c97a8,,But you can feel his gaze upon you.,game/tl/deutsch/scene/headhome.rpy,6770,[what]
headhome_b04abb5e,,You look him in the eyes while you slowly drop your shirt.,game/tl/deutsch/scene/headhome.rpy,6776,[what]
headhome_abb1f8b5,,"Although he just praised you, there's just something about the way he said it that made even the praise feel demeaning.",game/tl/deutsch/scene/headhome.rpy,6782,[what]
headhome_0b06e188,,Everything about this is wrong.,game/tl/deutsch/scene/headhome.rpy,6788,[what]
headhome_b6a713bb,,And getting worse by the minute.,game/tl/deutsch/scene/headhome.rpy,6794,[what]
headhome_6255d44b,,"Even though you are still not sure you should do this, is felt good to be appreciated like this.",game/tl/deutsch/scene/headhome.rpy,6800,[what]
headhome_181af5fb,,"The way he looked at you, his desire and appreciation feeds your self-consciousness.",game/tl/deutsch/scene/headhome.rpy,6806,[what]
headhome_321783d4,,"Of all the students at the university, he decided to pick you, and invite you to his home.",game/tl/deutsch/scene/headhome.rpy,6812,[what]
headhome_a79f12e2,,"It makes you feel special, and attractive.",game/tl/deutsch/scene/headhome.rpy,6818,[what]
headhome_632381af,c,Ich werde mein Hemd nicht einfach so ablegen.,game/tl/deutsch/scene/headhome.rpy,230,"c tough ""[what]"""
headhome_244e69b6,,You know that this is all some kind of power play.,game/tl/deutsch/scene/headhome.rpy,6824,[what]
headhome_fb71f441,,"If you don't make a bold move now, it may be too late to assert yourself later.",game/tl/deutsch/scene/headhome.rpy,6830,[what]
headhome_69079e2f,h,For free? You want me to pay you?,game/tl/deutsch/scene/headhome.rpy,6836,"h tough ""[what]"""
headhome_d4f26d4c,h,Are you a whore?,game/tl/deutsch/scene/headhome.rpy,6842,"h angry ""[what]"""
headhome_8f71b4b4,,"He looks at you for a long time, not saying anything.",game/tl/deutsch/scene/headhome.rpy,6848,[what]
headhome_41916147,c,I know you want to see it.,game/tl/deutsch/scene/headhome.rpy,6854,"c flirt ""[what]"""
headhome_60c31ca7,h,"Oh, I want to do more than just \""see\"" it!",game/tl/deutsch/scene/headhome.rpy,6860,"h laugh ""[what]"""
headhome_3bf98943,c,What is it worth to you then?,game/tl/deutsch/scene/headhome.rpy,6866,"c flirt ""[what]"""
headhome_dbf5482c,h,You want money? Like a whore?,game/tl/deutsch/scene/headhome.rpy,6872,"h suspicious ""[what]"""
headhome_18bced38,,It sounded more like compliment than an insult.,game/tl/deutsch/scene/headhome.rpy,6878,[what]
headhome_bde7dd56,c,Not money.,game/tl/deutsch/scene/headhome.rpy,6884,"c evil ""[what]"""
headhome_8eb7ee91,c,I was more thinking about my marks.,game/tl/deutsch/scene/headhome.rpy,6890,"c ""[what]"""
headhome_fa1352cb,h,So you want to play games with me?,game/tl/deutsch/scene/headhome.rpy,6896,"h neutral ""[what]"""
headhome_c62d78a6,,His voice is so measured and even. You can't tell if you just won a measure of respect.,game/tl/deutsch/scene/headhome.rpy,6902,[what]
headhome_9d21a677,,Or lost the last shred of human dignity you possessed.,game/tl/deutsch/scene/headhome.rpy,6908,[what]
headhome_ed05309d,,The Headmaster's face is impassive and unreadable.,game/tl/deutsch/scene/headhome.rpy,6914,[what]
headhome_8a3e7c5c,h,"Two points? For your shirt? I think you overestimate your worth, little whore.",game/tl/deutsch/scene/headhome.rpy,6920,"h friendly ""[what]"""
headhome_eae91bb3,h,Oh yes you are.,game/tl/deutsch/scene/headhome.rpy,6926,"h neutral ""[what]"""
headhome_e5eb80a0,h,"I like that, you little slut.",game/tl/deutsch/scene/headhome.rpy,6932,"h desire ""[what]"""
headhome_39d1858e,h,Okay. I'll give you half a point.,game/tl/deutsch/scene/headhome.rpy,6938,"h friendly ""[what]"""
headhome_1cfa5320,,You slowly dropped your shirt.,game/tl/deutsch/scene/headhome.rpy,6944,[what]
headhome_739491f4,,"You've won a great victory, the Headmaster yielded to your demands.",game/tl/deutsch/scene/headhome.rpy,6950,[what]
headhome_9b440cac,,At least partially.,game/tl/deutsch/scene/headhome.rpy,6956,[what]
headhome_68f8b468,,"It is enough, your sense of helplessness eases slightly.",game/tl/deutsch/scene/headhome.rpy,6962,[what]
headhome_57c19dcb,,You never imagined how seductive power games could be.,game/tl/deutsch/scene/headhome.rpy,6968,[what]
headhome_612fcd87,,Seconds feel like hours while he just stands there and looks at you.,game/tl/deutsch/scene/headhome.rpy,6974,[what]
headhome_e42c67bd,,His eyes wander down and up and down again.,game/tl/deutsch/scene/headhome.rpy,6980,[what]
headhome_0ffa6873,,"You want to take a step away from him, but this would only encourage him.",game/tl/deutsch/scene/headhome.rpy,6986,[what]
headhome_b608286a,,Neither do you want to get closer.,game/tl/deutsch/scene/headhome.rpy,6992,[what]
headhome_316d7dae,,"You have no choice but to stand at attention, waiting for further instructions.",game/tl/deutsch/scene/headhome.rpy,6998,[what]
headhome_07b6f88a,,Your mind begins to search for something to say.,game/tl/deutsch/scene/headhome.rpy,7004,[what]
headhome_04147e99,,"Anything, to break this oppressive silence.",game/tl/deutsch/scene/headhome.rpy,7010,[what]
headhome_58f35b58,,But nothing comes to your mind.,game/tl/deutsch/scene/headhome.rpy,7016,[what]
headhome_f7d0c551,,"You watch his gaze, how his eyes scan every part of your body.",game/tl/deutsch/scene/headhome.rpy,7022,[what]
headhome_e9aa8333,,By his demeanor you can tell he likes what he sees.,game/tl/deutsch/scene/headhome.rpy,7028,[what]
headhome_c128f35b,,And you like to be seen.,game/tl/deutsch/scene/headhome.rpy,7034,[what]
headhome_05af18e2,,So you stand there and enjoy it.,game/tl/deutsch/scene/headhome.rpy,7040,[what]
headhome_05a8cacd,,Not in a bad way though.,game/tl/deutsch/scene/headhome.rpy,7046,[what]
headhome_c50294f4,,Just... different.,game/tl/deutsch/scene/headhome.rpy,7052,[what]
headhome_4788610d,,"It is not about intimacy, or affection, or something like that.",game/tl/deutsch/scene/headhome.rpy,7058,[what]
headhome_0ddb3fe0,,"It is about lust, and desire, and sex.",game/tl/deutsch/scene/headhome.rpy,7064,[what]
headhome_a8d2f0cc,,His arms wrap around your body.,game/tl/deutsch/scene/headhome.rpy,7070,[what]
headhome_659ceb37,,"It is not a loving embrace, if feels like he is claiming you, possessing you.",game/tl/deutsch/scene/headhome.rpy,7076,[what]
headhome_8e59fbc8,,You can smell his breath. The wine he has been sipping. His lips are closing in on your own.,game/tl/deutsch/scene/headhome.rpy,7082,[what]
headhome_bd088a2c,,You can feel his tongue inside your mouth.,game/tl/deutsch/scene/headhome.rpy,7088,[what]
headhome_eac30519,,You can taste a little wine still on his tongue as it slithers against your own tongue.,game/tl/deutsch/scene/headhome.rpy,7094,[what]
headhome_13d3ae5a,,He stops kissing you and asks in a conversational tone:,game/tl/deutsch/scene/headhome.rpy,7100,[what]
headhome_b9b2127f,c,This is exactly what I was hoping to happen!,game/tl/deutsch/scene/headhome.rpy,7106,"c desire ""[what]"""
headhome_42c78345,h,Very good!,game/tl/deutsch/scene/headhome.rpy,7112,"h happy ""[what]"""
headhome_6e1cb900,h,Because we have just started!,game/tl/deutsch/scene/headhome.rpy,7118,"h friendly ""[what]"""
headhome_7233b530,c,I.. I don't know.,game/tl/deutsch/scene/headhome.rpy,7124,"c sad nude ""[what]"""
headhome_39011b60,c,Sounds like fun!,game/tl/deutsch/scene/headhome.rpy,7130,"c desire nude ""[what]"""
headhome_f105830f,c,"Yes, sir!",game/tl/deutsch/scene/headhome.rpy,7136,"c happy ""[what]"""
headhome_3918a480,c,"Yes, sir!",game/tl/deutsch/scene/headhome.rpy,7142,"c sad ""[what]"""
headhome_e5d76f2d,c,"Yes, sir!",game/tl/deutsch/scene/headhome.rpy,7148,"c angry ""[what]"""
headhome_8e95d159,,You don't drop your pants yourself.,game/tl/deutsch/scene/headhome.rpy,7154,[what]
headhome_88ef99f2,,Instead his hands move down to your waist.,game/tl/deutsch/scene/headhome.rpy,7160,[what]
headhome_16fd384b,,He grabs the waistband and slowly pulls it down.,game/tl/deutsch/scene/headhome.rpy,7166,[what]
headhome_d17857ee,c,"Oh, yes please!",game/tl/deutsch/scene/headhome.rpy,7172,"c happy ""[what]"""
headhome_d17bd2d7,,He starts to move his hip rhythmically against your waist.,game/tl/deutsch/scene/headhome.rpy,7178,[what]
headhome_b4773c14,,The rough cotton pants scrape against the soft skin of your toned ass.,game/tl/deutsch/scene/headhome.rpy,7184,[what]
headhome_e6dc941e,,The headmaster releases you from his embrace and faces you.,game/tl/deutsch/scene/headhome.rpy,7190,[what]
headhome_a33295a9,,You feel his index finger at your chin.,game/tl/deutsch/scene/headhome.rpy,7196,[what]
headhome_5a11d40f,,The headmaster is shaking now.,game/tl/deutsch/scene/headhome.rpy,7202,[what]
headhome_d6ac828d,,Shaking! He is actually concerned. And intimidated.,game/tl/deutsch/scene/headhome.rpy,7208,[what]
headhome_d054374d,,By his own wife?,game/tl/deutsch/scene/headhome.rpy,7214,[what]
headhome_aa66af94,,They can't actually harm you. Can they?,game/tl/deutsch/scene/headhome.rpy,7220,[what]
headhome_ece38fc9,,You have no idea what you've gotten yourself into here.,game/tl/deutsch/scene/headhome.rpy,7226,[what]
headhome_5659b82e,c,I didn't think I'd be meeting your wife tonight.,game/tl/deutsch/scene/headhome.rpy,7232,"c neutral nude ""[what]"""
headhome_2273277c,c,Certainly not like this. You know what I mean?,game/tl/deutsch/scene/headhome.rpy,7238,"c angry ""[what]"""
headhome_d1c676ea,,The headmaster looks at you with an incredulous expression.,game/tl/deutsch/scene/headhome.rpy,7244,[what]
headhome_5b13dca9,,As if you're talking absolute nonsense.,game/tl/deutsch/scene/headhome.rpy,7250,[what]
headhome_801975ee,,No matter how embarrassing it might be.,game/tl/deutsch/scene/headhome.rpy,7256,[what]
headhome_dd57e235,,You decide to go down on your knees before the headmaster looses it completely.,game/tl/deutsch/scene/headhome.rpy,7262,[what]
headhome_9e4362a8,,She looks pleasant-enough at first. Until her gaze meets yours.,game/tl/deutsch/scene/headhome.rpy,7268,[what]
headhome_6753d20e,,It is ice cold and deeply unsettling. Her eyes convey no hint of warmth or kindness.,game/tl/deutsch/scene/headhome.rpy,7274,[what]
headhome_accf9ab0,m,Did it just talk to me?,game/tl/deutsch/scene/headhome.rpy,7280,"m angry ""[what]"""
headhome_2a03bb9e,m,A servant? Hmmm,game/tl/deutsch/scene/headhome.rpy,1622,"m neutral ""[what]"""
headhome_ce308fc7,c,A servant?,game/tl/deutsch/scene/headhome.rpy,7286,"c suspicious nude ""[what]"""
headhome_64af074d,m,"You do not play with a servant, give it affection as you might with a pet.",game/tl/deutsch/scene/headhome.rpy,7292,"m friendly ""[what]"""
headhome_79f4ba59,m,Servants see to your needs without question and without complaint.,game/tl/deutsch/scene/headhome.rpy,7298,"m ""[what]"""
headhome_2899bdb8,h,"He will have a lot to learn, that's true.",game/tl/deutsch/scene/headhome.rpy,7304,"h evil ""[what]"""
headhome_992da02f,h,"He's one of the most pathetic students at my school, but I am confident he can learn obedience if he learns nothing else.",game/tl/deutsch/scene/headhome.rpy,7310,"h ""[what]"""
headhome_ba42155b,,Pathetic? You grades last year weren't great but they hardly qualify as pathetic.,game/tl/deutsch/scene/headhome.rpy,7316,[what]
headhome_c7a6a355,,This year is only starting off poorly because you missed an important assignment.,game/tl/deutsch/scene/headhome.rpy,7322,[what]
headhome_407f21b5,,Aren't they judging you a bit too harshly here?,game/tl/deutsch/scene/headhome.rpy,7328,[what]
headhome_107179dc,h,I think this particular student has a lot potential.,game/tl/deutsch/scene/headhome.rpy,7334,"h friendly ""[what]"""
headhome_0a97447f,h,"He is like a raw diamond, just needs some fine touches.",game/tl/deutsch/scene/headhome.rpy,7340,"h ""[what]"""
headhome_ee77786c,,You blush slightly by the headmaster's compliment.,game/tl/deutsch/scene/headhome.rpy,7346,[what]
headhome_2a5cbe0a,h,We can teach him obedience.,game/tl/deutsch/scene/headhome.rpy,7352,"h ""[what]"""
headhome_1ff33f29,m,You will serve us faithfully.,game/tl/deutsch/scene/headhome.rpy,7358,"m neutral ""[what]"""
headhome_b36995fa,,Or we will arrange for you to leave school in such disgrace that you'll be pitied even by homeless drug addicts!,game/tl/deutsch/scene/headhome.rpy,7364,[what]
headhome_9a9da570,,"Another roleplay, hugh?",game/tl/deutsch/scene/headhome.rpy,7370,[what]
headhome_bd86e178,,Looks like Ned is not the only one who is into this stuff.,game/tl/deutsch/scene/headhome.rpy,7376,[what]
headhome_77f9e7db,,You decide it is best to play along their sick mind-games.,game/tl/deutsch/scene/headhome.rpy,7382,[what]
headhome_285d9956,,At least until you can find a better solution.,game/tl/deutsch/scene/headhome.rpy,7388,[what]
headhome_77654017,,Not in your wildest dreams you would have imagined something like this.,game/tl/deutsch/scene/headhome.rpy,7394,[what]
headhome_86c5771e,,"Even though you are not really interested in women in general, this situation is something ... special.",game/tl/deutsch/scene/headhome.rpy,7400,[what]
headhome_0cb8acd6,,"This is weird, yes.",game/tl/deutsch/scene/headhome.rpy,7406,[what]
headhome_990156a7,,But in a good way.,game/tl/deutsch/scene/headhome.rpy,7412,[what]
headhome_cec67345,m,"And its manners are increasing, too.",game/tl/deutsch/scene/headhome.rpy,7418,"m friendly ""[what]"""
headhome_4f722b39,m,Maybe there is hope for it after all.,game/tl/deutsch/scene/headhome.rpy,7424,"m ""[what]"""
jkintroduction_601ab784,,"This time, when you head to your [Subject] class, you notice a new face.",game/tl/deutsch/scene/introduction.rpy,1003,[what]
jkintroduction_82eba2c6,jk,Alright.,game/tl/deutsch/scene/introduction.rpy,1047,"jk neutral nude ""[what]"""
jkintroduction_5b203331,jk,Is there something wrong?,game/tl/deutsch/scene/introduction.rpy,1053,"jk suspicious nude ""[what]"""
H_Milking_b9e842ac,,"A dim, yellow light illuminated the cold, damp basement as Julian and Connor followed the headmaster down a narrow flight of stairs.",game/tl/deutsch/scene/News/H_Milking.rpy,819,[what]
H_Milking_c255ffda,,The air was heavy with the scent of mildew and an unsettling silence.,game/tl/deutsch/scene/News/H_Milking.rpy,825,[what]
H_Milking_a928b7a5,h,Right this way.,game/tl/deutsch/scene/News/H_Milking.rpy,831,"h ""[what]"""
H_Milking_12dbdb3b,,"Said the headmaster, his voice echoing off the concrete walls.",game/tl/deutsch/scene/News/H_Milking.rpy,837,[what]
H_Milking_6cbcd506,,"He led them to a locked room, labeled \""maintenance\"" in faded black letters.",game/tl/deutsch/scene/News/H_Milking.rpy,843,[what]
H_Milking_7f43c467,,"As he fiddled with the rusty keys, Connor's stomach churned with unease.",game/tl/deutsch/scene/News/H_Milking.rpy,849,[what]
H_Milking_177f4542,h,Here we are!,game/tl/deutsch/scene/News/H_Milking.rpy,855,"h happy ""[what]"""
H_Milking_9654376d,,"The headmaster announced, swinging the door open to reveal a bizarre scene.",game/tl/deutsch/scene/News/H_Milking.rpy,861,[what]
H_Milking_7e9e15b1,,"A metal framework stood in the center of the room, surrounded by industrial pumps, pipes, and tubes that snaked along the floor and walls.",game/tl/deutsch/scene/News/H_Milking.rpy,867,[what]
H_Milking_c84ef0df,c,What is all this?,game/tl/deutsch/scene/News/H_Milking.rpy,873,"c shy ""[what]"""
H_Milking_57b08b07,,"You stammered, unable to hide your shock.",game/tl/deutsch/scene/News/H_Milking.rpy,879,[what]
H_Milking_ee3f026f,,The headmaster grinned.,game/tl/deutsch/scene/News/H_Milking.rpy,885,[what]
H_Milking_5f246a74,h,There's a market for student's semen!,game/tl/deutsch/scene/News/H_Milking.rpy,891,"h evil ""[what]"""
H_Milking_c2f3e88a,,He explained nonchalantly.,game/tl/deutsch/scene/News/H_Milking.rpy,897,[what]
H_Milking_1c6b6ee8,h,We've found a way to make some extra money for the university.,game/tl/deutsch/scene/News/H_Milking.rpy,903,"h ""[what]"""
H_Milking_ebf39323,,Julian didn't seem surprised.,game/tl/deutsch/scene/News/H_Milking.rpy,909,[what]
H_Milking_ec087346,,"His eyes, however, held a haunted look as he began to undress.",game/tl/deutsch/scene/News/H_Milking.rpy,915,[what]
H_Milking_5b3231f4,h,"Come now, you know the drill!",game/tl/deutsch/scene/News/H_Milking.rpy,921,"h tough ""[what]"""
H_Milking_f9b893a6,,The headmaster urged him while he began to strip himself.,game/tl/deutsch/scene/News/H_Milking.rpy,927,[what]
H_Milking_dc653526,,You watched as Julian stripped and obediently approached the metal frame.,game/tl/deutsch/scene/News/H_Milking.rpy,933,[what]
H_Milking_294da482,,After a short hesitation you begin to undress yourself.,game/tl/deutsch/scene/News/H_Milking.rpy,939,[what]
H_Milking_f452d254,,"The headmaster fastened straps around his wrists and ankles, securing him to the contraption.",game/tl/deutsch/scene/News/H_Milking.rpy,945,[what]
H_Milking_f226185d,,"As Julian glanced at you, his expression was unreadable.",game/tl/deutsch/scene/News/H_Milking.rpy,951,[what]
H_Milking_cefa2ca6,h,Give me the pump attachment!,game/tl/deutsch/scene/News/H_Milking.rpy,957,"h smile ""[what]"""
H_Milking_1053b8ce,,He ordered you.,game/tl/deutsch/scene/News/H_Milking.rpy,963,[what]
H_Milking_c6cafbe6,,He pointed at a strange pumping device with a hose attached to an industrial looking pump.,game/tl/deutsch/scene/News/H_Milking.rpy,969,[what]
H_Milking_0d63e137,,Is this… is this really necessary?,game/tl/deutsch/scene/News/H_Milking.rpy,975,[what]
H_Milking_ccf3d308,,"You whispered, while handing over the attachement.",game/tl/deutsch/scene/News/H_Milking.rpy,981,[what]
H_Milking_b3f0e0f2,h,Silence!,game/tl/deutsch/scene/News/H_Milking.rpy,987,"h angry ""[what]"""
H_Milking_73a81333,,"He then picked up a strange pumping device and locked it onto Julian's penis. To Connor, the apparatus looked like something out of a twisted nightmare.",game/tl/deutsch/scene/News/H_Milking.rpy,993,[what]
H_Milking_bfc76e12,,"Are you ready, Julian?",game/tl/deutsch/scene/News/H_Milking.rpy,999,[what]
H_Milking_ee9ec5b7,,"Asked the headmaster, his tone almost mocking.",game/tl/deutsch/scene/News/H_Milking.rpy,1005,[what]
H_Milking_e88e490d,,"Julian nodded, his jaw clenched.",game/tl/deutsch/scene/News/H_Milking.rpy,1011,[what]
H_Milking_b504ffad,,"Despite his apparent willingness, you could sense his fear and vulnerability.",game/tl/deutsch/scene/News/H_Milking.rpy,1017,[what]
H_Milking_1a3a3bae,h,"Remember, this is all for the good of the school!",game/tl/deutsch/scene/News/H_Milking.rpy,1023,"h friendly ""[what]"""
H_Milking_6c7db845,,The headmaster reminded them with a wicked smile.,game/tl/deutsch/scene/News/H_Milking.rpy,1029,[what]
H_Milking_ff934053,,"With a flick of a switch, the pump roared to life.",game/tl/deutsch/scene/News/H_Milking.rpy,1035,[what]
H_Milking_c0929fec,,"Connor's gaze was transfixed on Julian as his body tensed up, his knuckles turning white from gripping the metal frame.",game/tl/deutsch/scene/News/H_Milking.rpy,1041,[what]
H_Milking_068dc66f,,He couldn't look away as Julian's face contorted with a mix of pleasure and pain.,game/tl/deutsch/scene/News/H_Milking.rpy,1047,[what]
H_Milking_13f8946e,j,Ah... shit!,game/tl/deutsch/scene/News/H_Milking.rpy,1053,"j pain ""[what]"""
H_Milking_264a182c,,"Julian moaned, beads of sweat forming on his forehead.",game/tl/deutsch/scene/News/H_Milking.rpy,1059,[what]
H_Milking_aa8e2e4c,h,"Interesting, isn't it?",game/tl/deutsch/scene/News/H_Milking.rpy,1065,"h friendly ""[what]"""
H_Milking_e13db2e4,,"The headmaster smirked, watching the scene unfold with perverse interest.",game/tl/deutsch/scene/News/H_Milking.rpy,1071,[what]
H_Milking_1f188e0c,,You felt a strange mixture of repulsion and fascination.,game/tl/deutsch/scene/News/H_Milking.rpy,1077,[what]
H_Milking_502aea3c,c,How... how does that feel?,game/tl/deutsch/scene/News/H_Milking.rpy,1083,"c suspicious ""[what]"""
H_Milking_c8ba53e2,j,Like... nothing you've ever felt before!,game/tl/deutsch/scene/News/H_Milking.rpy,1089,"j desire ""[what]"""
H_Milking_e3c7300e,,"Julian managed between ragged breaths, each gasp echoing through the room.",game/tl/deutsch/scene/News/H_Milking.rpy,1095,[what]
H_Milking_50f56274,,"Minutes passed like hours, and just when you thought he couldn't take it any longer, you saw Julian's eyes widen and his body shudder.",game/tl/deutsch/scene/News/H_Milking.rpy,1101,[what]
H_Milking_fa5d3607,,"The fluid was collected in the machine, its hum drowning out the sound of Julian's heavy breathing.",game/tl/deutsch/scene/News/H_Milking.rpy,1107,[what]
H_Milking_e5c2c254,h,"Very good, Julian!",game/tl/deutsch/scene/News/H_Milking.rpy,1113,"h happy ""[what]"""
H_Milking_fcf8ed3b,,"The headmaster praised, eyeing the filled container with satisfaction.",game/tl/deutsch/scene/News/H_Milking.rpy,1119,[what]
H_Milking_79f90130,,He then turned his attention to you.,game/tl/deutsch/scene/News/H_Milking.rpy,1125,[what]
H_Milking_fd3574ce,h,"Now, your turn.",game/tl/deutsch/scene/News/H_Milking.rpy,1131,"h evil ""[what]"""
H_Milking_818ec5b6,c,Me?,game/tl/deutsch/scene/News/H_Milking.rpy,1137,"c surprised ""[what]"""
H_Milking_356f8655,,"Your voice wavered, your heart pounding in your chest.",game/tl/deutsch/scene/News/H_Milking.rpy,1143,[what]
H_Milking_d7c60e7f,h,Of course!,game/tl/deutsch/scene/News/H_Milking.rpy,1149,"h tough ""[what]"""
H_Milking_a0eb11af,,The headmaster replied smoothly.,game/tl/deutsch/scene/News/H_Milking.rpy,1155,[what]
H_Milking_916ca354,h,You need to help Julian here.,game/tl/deutsch/scene/News/H_Milking.rpy,1161,"h friendly ""[what]"""
H_Milking_fa8834b9,h,"Stimulate him, so he can give us another round.",game/tl/deutsch/scene/News/H_Milking.rpy,1167,"h desire ""[what]"""
H_Milking_ad4ba38a,c,What? I can't do that!,game/tl/deutsch/scene/News/H_Milking.rpy,1173,"c sad ""[what]"""
H_Milking_2da3a8d6,,"You stammered, feeling a blush creep up your cheeks.",game/tl/deutsch/scene/News/H_Milking.rpy,1179,[what]
H_Milking_f74aa8e9,h,Think of it as a... team-building exercise.,game/tl/deutsch/scene/News/H_Milking.rpy,1185,"h evil ""[what]"""
H_Milking_cdad8af9,,The headmaster grinned wickedly.,game/tl/deutsch/scene/News/H_Milking.rpy,1191,[what]
H_Milking_1823b967,h,"Besides, we could use the extra product.",game/tl/deutsch/scene/News/H_Milking.rpy,1197,"h evil ""[what]"""
H_Milking_9322b2f0,h,And I'm sure Julian here wouldn't mind the assistance.,game/tl/deutsch/scene/News/H_Milking.rpy,1203,"h happy ""[what]"""
H_Milking_76d9a27d,,"Reluctantly, you approached Julian, you tried to block out the headmaster's leering presence.",game/tl/deutsch/scene/News/H_Milking.rpy,1209,[what]
H_Milking_3ce3681f,c,"Hey, Julian.",game/tl/deutsch/scene/News/H_Milking.rpy,1215,"c sad ""[what]"""
H_Milking_effbccff,,"You whispered, not sure what to say or do.",game/tl/deutsch/scene/News/H_Milking.rpy,1221,[what]
H_Milking_1167fb34,c,"I'm... here to help, I guess?",game/tl/deutsch/scene/News/H_Milking.rpy,1227,"c suspicious ""[what]"""
H_Milking_2c8efb2c,j,Thanks.,game/tl/deutsch/scene/News/H_Milking.rpy,1233,"j sad ""[what]"""
H_Milking_9ca59b4e,,"Julian managed, his voice weak but appreciative.",game/tl/deutsch/scene/News/H_Milking.rpy,1239,[what]
H_Milking_3a435cb1,j,Shut up!,game/tl/deutsch/scene/News/H_Milking.rpy,1245,"j angry ""[what]"""
H_Milking_a78c2b9e,,"Julian managed, his voice weak but full of anger.",game/tl/deutsch/scene/News/H_Milking.rpy,1251,[what]
H_Milking_55c42ad9,,You took a deep breath and reached out.,game/tl/deutsch/scene/News/H_Milking.rpy,1257,[what]
H_Milking_cd0e485a,,"As you touched your trembling hands to Julian's skin, you hoped that somehow, you'd both find a way to survive this twisted ordeal together.",game/tl/deutsch/scene/News/H_Milking.rpy,1263,[what]
H_Milking_fdaefce3,,Alright.,game/tl/deutsch/scene/News/H_Milking.rpy,1269,[what]
H_Milking_0ade940b,,"You whispered, forcing yourself to focus on Julian's needs.",game/tl/deutsch/scene/News/H_Milking.rpy,1275,[what]
H_Milking_230f6cae,,"You leaned in, watching Julian's chest rise and fall with shallow breaths.",game/tl/deutsch/scene/News/H_Milking.rpy,1281,[what]
H_Milking_9c2a462c,,"Your tongue traced a delicate path over one nipple, causing Julian to gasp at the unexpected sensation.",game/tl/deutsch/scene/News/H_Milking.rpy,1287,[what]
H_Milking_e2e5ac86,j,[name]...,game/tl/deutsch/scene/News/H_Milking.rpy,1293,"j surprised ""[what]"""
H_Milking_76679a1c,,"Julian breathed, his eyes fluttering open in surprise.",game/tl/deutsch/scene/News/H_Milking.rpy,1299,[what]
H_Milking_c300fcfd,c,Shh.,game/tl/deutsch/scene/News/H_Milking.rpy,1305,"c desire ""[what]"""
H_Milking_bdb0f520,,"You murmured, repeating the action on the other side, this time gently sucking the sensitive nub between his lips.",game/tl/deutsch/scene/News/H_Milking.rpy,1311,[what]
H_Milking_7a88aa03,j,"God, [name]!",game/tl/deutsch/scene/News/H_Milking.rpy,1317,"j happy ""[what]"""
H_Milking_b4c87ba3,,"Julian moaned, shuddering as you continued your ministrations.",game/tl/deutsch/scene/News/H_Milking.rpy,1323,[what]
H_Milking_f4f19dd1,,"The intimacy they shared, despite the circumstances, ignited a fire in both of you.",game/tl/deutsch/scene/News/H_Milking.rpy,1329,[what]
H_Milking_89de11d1,c,Trust me.,game/tl/deutsch/scene/News/H_Milking.rpy,1335,"c friendly ""[what]"""
H_Milking_c1159076,,"You muttered, moving to Julian's armpit.",game/tl/deutsch/scene/News/H_Milking.rpy,1341,[what]
H_Milking_ac44abb1,,"You hesitated for a moment before licking the saltiness from the smooth skin, the taste of sweat mixing with their desperation.",game/tl/deutsch/scene/News/H_Milking.rpy,1347,[what]
H_Milking_6f5421ac,j,"Ah, fuck!",game/tl/deutsch/scene/News/H_Milking.rpy,1353,"j angry ""[what]"""
H_Milking_d103730b,,"Julian cried out, tremors running through his body.",game/tl/deutsch/scene/News/H_Milking.rpy,1359,[what]
H_Milking_934885e8,,"The raw vulnerability of the act caught him off guard, overwhelming him with pleasure.",game/tl/deutsch/scene/News/H_Milking.rpy,1365,[what]
H_Milking_e2d37bbf,,"You could only watch as Julian came again, your pride mingling with a sense of guilt.",game/tl/deutsch/scene/News/H_Milking.rpy,1371,[what]
H_Milking_7378e174,c,Again?,game/tl/deutsch/scene/News/H_Milking.rpy,1377,"c evil ""[what]"""
H_Milking_5e04d6c8,,"You asked softly, looking into Julian's eyes, searching for reassurance.",game/tl/deutsch/scene/News/H_Milking.rpy,1383,[what]
H_Milking_b5a64def,j,Please...,game/tl/deutsch/scene/News/H_Milking.rpy,1389,"j sad ""[what]"""
H_Milking_77867906,,"Julian whispered, shaking his head weakly as he braced himself for more stimulation.",game/tl/deutsch/scene/News/H_Milking.rpy,1395,[what]
H_Milking_919e97b3,,You take a quick look at the headmaster.,game/tl/deutsch/scene/News/H_Milking.rpy,1401,[what]
H_Milking_2e02d832,,"He is jerking himself, at it looks like he is about to cum himself again.",game/tl/deutsch/scene/News/H_Milking.rpy,1407,[what]
H_Milking_2ee49ece,h,What are you waiting for?,game/tl/deutsch/scene/News/H_Milking.rpy,1413,"h angry ""[what]"""
H_Milking_a9ac0170,,"You took a deep breath and moved lower, your tongue teasing the skin just above Julian's balls.",game/tl/deutsch/scene/News/H_Milking.rpy,1419,[what]
H_Milking_ab6bd172,,[name]...I can't—,game/tl/deutsch/scene/News/H_Milking.rpy,1425,[what]
H_Milking_87cee2a1,,"Julian stammered, but you persisted, ensuring that every touch was dedicated to Julian's pleasure.",game/tl/deutsch/scene/News/H_Milking.rpy,1431,[what]
H_Milking_47b7202a,,"And, despite his protests, Julian's body betrayed him, arching with each climax.",game/tl/deutsch/scene/News/H_Milking.rpy,1437,[what]
H_Milking_80a3b8fb,j,Enough!,game/tl/deutsch/scene/News/H_Milking.rpy,1443,"j sad ""[what]"""
H_Milking_e4870f42,,"Julian finally choked out, tears streaming down his face.",game/tl/deutsch/scene/News/H_Milking.rpy,1449,[what]
H_Milking_ebb75282,j,I can't... I can't cum again.,game/tl/deutsch/scene/News/H_Milking.rpy,1455,"j pain ""[what]"""
H_Milking_000a8712,c,"Julian, I—",game/tl/deutsch/scene/News/H_Milking.rpy,1461,"c sad ""[what]"""
H_Milking_ed3bae72,,"You began, but the headmaster's voice interrupted them.",game/tl/deutsch/scene/News/H_Milking.rpy,1467,[what]
H_Milking_709497fd,h,"Finish it off, [name]!",game/tl/deutsch/scene/News/H_Milking.rpy,1473,"h angry ""[what]"""
H_Milking_2c1926ee,,"He commanded, the menacing tone leaving no room for argument.",game/tl/deutsch/scene/News/H_Milking.rpy,1479,[what]
H_Milking_2a2b9c08,j,"Please,",game/tl/deutsch/scene/News/H_Milking.rpy,1485,"j pain ""[what]"""
H_Milking_54d2b542,,"Julian begged, his voice broken.",game/tl/deutsch/scene/News/H_Milking.rpy,1491,[what]
H_Milking_f7e2f067,j,No more. Just... do it.,game/tl/deutsch/scene/News/H_Milking.rpy,1497,"j ""[what]"""
H_Milking_fd85035a,c,"Okay, okay!",game/tl/deutsch/scene/News/H_Milking.rpy,1503,"c sad ""[what]"""
H_Milking_0d2f1e09,,"You whispered, your own arousal now a painful necessity.",game/tl/deutsch/scene/News/H_Milking.rpy,1509,[what]
H_Milking_38178c00,,"You positioned himself, entering Julian with a quick thrust.",game/tl/deutsch/scene/News/H_Milking.rpy,1515,[what]
H_Milking_3a0b5d06,,"Julian's body tensed, the sensation of being filled by Connor both familiar and alien in this unnatural setting.",game/tl/deutsch/scene/News/H_Milking.rpy,1521,[what]
H_Milking_683210ee,j,[name]...,game/tl/deutsch/scene/News/H_Milking.rpy,1527,"j sad ""[what]"""
H_Milking_e04b641c,,"Julian gasped, clinging to the sound of his roommate's name as a lifeline.",game/tl/deutsch/scene/News/H_Milking.rpy,1533,[what]
H_Milking_29142598,,Julian's agony just makes you even more horny!,game/tl/deutsch/scene/News/H_Milking.rpy,1539,[what]
H_Milking_3043e90e,c,You just get what you deserve!,game/tl/deutsch/scene/News/H_Milking.rpy,1545,"c evil ""[what]"""
H_Milking_ccc66ae9,,"You can feel Julian's desperation, and you feel sorry for him.",game/tl/deutsch/scene/News/H_Milking.rpy,1551,[what]
H_Milking_20bf62f8,,But there is nothing you can do about it other than to try to make it as enjoyable for him as possible in this situation.,game/tl/deutsch/scene/News/H_Milking.rpy,1557,[what]
H_Milking_4f46963f,c,"Julian, I'm sorry.",game/tl/deutsch/scene/News/H_Milking.rpy,1563,"c sad ""[what]"""
H_Milking_46cc9b10,,"You murmured, moving with urgency, driven by the need to finish what had been forced upon you.",game/tl/deutsch/scene/News/H_Milking.rpy,1569,[what]
H_Milking_647d95e5,,"The headmaster now also comes nearer, about to shoot his load once more at Julian.",game/tl/deutsch/scene/News/H_Milking.rpy,1575,[what]
H_Milking_93454743,,"Your eyes met, raw pain and desire intermingling as you pushed both of you over the edge one final time.",game/tl/deutsch/scene/News/H_Milking.rpy,1581,[what]
H_Milking_34b49ff9,,The pump whirls again as Julian's sperm got absorbed again.,game/tl/deutsch/scene/News/H_Milking.rpy,1587,[what]
H_Milking_a64a37a6,j,Let me go!,game/tl/deutsch/scene/News/H_Milking.rpy,1593,"j pain ""[what]"""
H_Milking_e18f2a3b,,"Julian sobbed, his body spent and drained.",game/tl/deutsch/scene/News/H_Milking.rpy,1599,[what]
H_Milking_6b5765ae,j,"Please, no more!",game/tl/deutsch/scene/News/H_Milking.rpy,1605,"j ""[what]"""
H_Milking_80775a54,h,"Alright, boys!",game/tl/deutsch/scene/News/H_Milking.rpy,1611,"h happy ""[what]"""
H_Milking_bb51706f,,"The headmaster sneered, unlocking the device.",game/tl/deutsch/scene/News/H_Milking.rpy,1617,[what]
H_Milking_b26a1672,h,You've done well. Now clean yourselves up and return to your classes.,game/tl/deutsch/scene/News/H_Milking.rpy,1623,"h ""[what]"""
News_HeadHome_End_ef633740,r,Let's get inside.,game/tl/deutsch/scene/News/news_heaadhome_dorm.rpy,7,"r tough ""[what]"""
News_HeadHome_End_e11c0693,,"Ron urged, pulling the maiden-dress tight around him as they hurried toward the dormitory entrance.",game/tl/deutsch/scene/News/news_heaadhome_dorm.rpy,13,[what]
News_HeadHome_End_d28dfb81,,"The door clicked shut behind them, and they paused for a moment in the dimly lit hallway, their breaths coming in rapid gasps.",game/tl/deutsch/scene/News/news_heaadhome_dorm.rpy,19,[what]
News_HeadHome_End_2cb61188,c,Alright. Let's just get to our room and change.,game/tl/deutsch/scene/News/news_heaadhome_dorm.rpy,25,"c neutral ""[what]"""
News_HeadHome_End_39e956d2,,"As you approached your dorm room, their steps became slower, more hesitant.",game/tl/deutsch/scene/News/news_heaadhome_dorm.rpy,31,[what]
News_HeadHome_End_654ccebc,,"Ron fumbled with the doorknob, his hands slick with sweat, and finally pushed the door open.",game/tl/deutsch/scene/News/news_heaadhome_dorm.rpy,37,[what]
News_HeadHome_End_c351100f,r,"Hey, Julian?",game/tl/deutsch/scene/News/news_heaadhome_dorm.rpy,43,"r neutral ""[what]"""
News_HeadHome_End_9b7d9577,,"Ron mumbled, his head bowed as he stepped inside, you following close behind.",game/tl/deutsch/scene/News/news_heaadhome_dorm.rpy,49,[what]
News_HeadHome_End_ca3a29ba,,"They dared not look up, praying that Julian wouldn't make a scene or demand an explanation.",game/tl/deutsch/scene/News/news_heaadhome_dorm.rpy,55,[what]
News_HeadHome_End_83d74f85,j,"Nice dress, Ron!",game/tl/deutsch/scene/News/news_heaadhome_dorm.rpy,61,"j happy ""[what]"""
News_HeadHome_End_62e5dc74,,"Ron sighed inwardly, knowing that this was only the beginning of a long night filled with explanations, laughter, and relentless teasing.",game/tl/deutsch/scene/News/news_heaadhome_dorm.rpy,67,[what]
News_HeadHome_f190f1fd,,You look forward to the next encounter with the headmaster.,game/tl/deutsch/scene/News/news_headhome.rpy,3417,[what]
News_HeadHome_39eedc3c,,With Ron joining them it promised to be interesting.,game/tl/deutsch/scene/News/news_headhome.rpy,3423,[what]
News_HeadHome_e5a0b906,,You wonder if Ron knows what he was in for?,game/tl/deutsch/scene/News/news_headhome.rpy,3429,[what]
News_HeadHome_2aa02866,,Returning to the Headmaster's house was not something that you were looking forward to.,game/tl/deutsch/scene/News/news_headhome.rpy,3435,[what]
News_HeadHome_d66089f1,,The previous events at the school had proven that he was far more interested in taking advantage of the students for his own personal gain.,game/tl/deutsch/scene/News/news_headhome.rpy,3441,[what]
News_HeadHome_59178aad,,Whatever his method would be this time...the Headmaster was absolutely about to try to fuck with your brain.,game/tl/deutsch/scene/News/news_headhome.rpy,3447,[what]
News_HeadHome_2e4c8b71,,Maybe even your body.,game/tl/deutsch/scene/News/news_headhome.rpy,3453,[what]
News_HeadHome_352352cd,,"Luckily, Ron was here so you weren't alone...but that could make things even worse.",game/tl/deutsch/scene/News/news_headhome.rpy,3459,[what]
News_HeadHome_bf8eed0f,,What if the Headmaster tried to pull Ron into his little games?,game/tl/deutsch/scene/News/news_headhome.rpy,3465,[what]
News_HeadHome_51288756,,"As you both stood outside the house, Ron displayed a combination of nervousness and optimism.",game/tl/deutsch/scene/News/news_headhome.rpy,3471,[what]
News_HeadHome_5bec84f6,c,"Don't worry, the Headmaster has seen how people reacted to those photos!",game/tl/deutsch/scene/News/news_headhome.rpy,3477,"c friendly ""[what]"""
News_HeadHome_7cdaae8f,r,"Oh, I'm sure he saw it...",game/tl/deutsch/scene/News/news_headhome.rpy,3483,"r suspicious ""[what]"""
News_HeadHome_35d5bd80,c,Hopefully he's feeling humbled and not...angry.,game/tl/deutsch/scene/News/news_headhome.rpy,3489,"c suspicious ""[what]"""
News_HeadHome_d0ca0581,r,"He probably wants to apologize to you, and try to make it up to you!",game/tl/deutsch/scene/News/news_headhome.rpy,3495,"r neutral ""[what]"""
News_HeadHome_34b967a7,r,Aren't you excited for this all to be over?,game/tl/deutsch/scene/News/news_headhome.rpy,3501,"r suspicious ""[what]"""
News_HeadHome_32adcd41,c,The headmaster's private lessons are the best!,game/tl/deutsch/scene/News/news_headhome.rpy,3507,"c happy ""[what]"""
News_HeadHome_47773ab8,r,You have been at his home before?,game/tl/deutsch/scene/News/news_headhome.rpy,3513,"r suspicious ""[what]"""
News_HeadHome_c13199c1,c,Yes! He is into roleplay.,game/tl/deutsch/scene/News/news_headhome.rpy,3519,"c happy ""[what]"""
News_HeadHome_e0d3dd1d,c,Last time he made me his servant!,game/tl/deutsch/scene/News/news_headhome.rpy,3525,"c desire ""[what]"""
News_HeadHome_244679c0,r,Sounds ... interesting.,game/tl/deutsch/scene/News/news_headhome.rpy,3531,"r suspicious ""[what]"""
News_HeadHome_d318cac7,r,I guess.,game/tl/deutsch/scene/News/news_headhome.rpy,3537,"r ""[what]"""
News_HeadHome_38255ed5,c,You will see. This promise to be interesting at least.,game/tl/deutsch/scene/News/news_headhome.rpy,3543,"c friendly ""[what]"""
News_HeadHome_1ecb954e,r,If you say so...,game/tl/deutsch/scene/News/news_headhome.rpy,3549,"r ""[what]"""
News_HeadHome_65de7069,c,"Yes, but I left much too early.",game/tl/deutsch/scene/News/news_headhome.rpy,3555,"c sad ""[what]"""
News_HeadHome_aa7108a9,c,This time we will do this!,game/tl/deutsch/scene/News/news_headhome.rpy,3561,"c tough ""[what]"""
News_HeadHome_faf83833,r,Okay...,game/tl/deutsch/scene/News/news_headhome.rpy,3567,"r suspicious ""[what]"""
News_HeadHome_7885229e,c,"Ron, there's no way this guy wants to do anything to help me...or you.",game/tl/deutsch/scene/News/news_headhome.rpy,3573,"c angry ""[what]"""
News_HeadHome_6870a4d8,c,He probably asked me here to gloat...or recreate what happened in the gym for his private viewing pleasure.,game/tl/deutsch/scene/News/news_headhome.rpy,3579,"c ""[what]"""
News_HeadHome_824b28cd,c,"God, I wish you hadn't come...",game/tl/deutsch/scene/News/news_headhome.rpy,3585,"c sad ""[what]"""
News_HeadHome_3f4afa12,,"Ron hears this and seems saddened by it, his smile disappearing and his gaze turning towards the ground.",game/tl/deutsch/scene/News/news_headhome.rpy,3591,[what]
News_HeadHome_63cad14b,c,"Ron, I just...don't want you to get even more sucked into all the fucked up garbage happening at this college.",game/tl/deutsch/scene/News/news_headhome.rpy,3597,"c sad ""[what]"""
News_HeadHome_3e89c96d,c,I didn't mean-,game/tl/deutsch/scene/News/news_headhome.rpy,3603,"c ""[what]"""
News_HeadHome_2f25de0f,r,"Let's just get inside, okay?",game/tl/deutsch/scene/News/news_headhome.rpy,3609,"r sad ""[what]"""
News_HeadHome_1013513a,r,I'm gonna stay hopeful that this will end in something good...,game/tl/deutsch/scene/News/news_headhome.rpy,3615,"r friendly ""[what]"""
News_HeadHome_a2897009,r,Stay negative if you want to.,game/tl/deutsch/scene/News/news_headhome.rpy,3621,"r angry ""[what]"""
News_HeadHome_b9082d89,,"You sigh as Ron storms in ahead of you, gulping as you do your best to summon some positive energy.",game/tl/deutsch/scene/News/news_headhome.rpy,3627,[what]
News_HeadHome_cd0a3433,c,Of course I am!,game/tl/deutsch/scene/News/news_headhome.rpy,3633,"c tough ""[what]"""
News_HeadHome_db916da4,c,All my experiences at this school have been marred by the Headmaster's behind the scenes machinations.,game/tl/deutsch/scene/News/news_headhome.rpy,3639,"c ""[what]"""
News_HeadHome_9f065cdf,c,I want it to be DONE.,game/tl/deutsch/scene/News/news_headhome.rpy,3645,"c angry ""[what]"""
News_HeadHome_02da2a3a,c,"For me, for you, for Julian...for everybody.",game/tl/deutsch/scene/News/news_headhome.rpy,3651,"c sad ""[what]"""
News_HeadHome_e82fb5bd,c,Maybe this stuff getting on the news will finally be the massive wake up call we all need...,game/tl/deutsch/scene/News/news_headhome.rpy,3657,"c neutral ""[what]"""
News_HeadHome_71ed1f9e,,Ron places a hand on your shoulder.,game/tl/deutsch/scene/News/news_headhome.rpy,3663,[what]
News_HeadHome_b33a9697,r,"Don't worry, [name]...",game/tl/deutsch/scene/News/news_headhome.rpy,3669,"r ""[what]"""
News_HeadHome_1fc9d2f0,r,"I'll do whatever I have to, just to make sure this goes well!",game/tl/deutsch/scene/News/news_headhome.rpy,3675,"r friendly ""[what]"""
News_HeadHome_c3bd68ca,,"As Ron opens the door into the Headmaster's house, you just find yourself hoping that Ron won't have to make good on those words.",game/tl/deutsch/scene/News/news_headhome.rpy,3681,[what]
News_HeadHome_f47ec209,,"When you both walk inside, you are immediately greeted by the booming voice of the Headmaster, strong and confident.",game/tl/deutsch/scene/News/news_headhome.rpy,3687,[what]
News_HeadHome_f333ab99,h,"Ah, boys, come in! Make yourselves comfortable...",game/tl/deutsch/scene/News/news_headhome.rpy,3693,"h happy ""[what]"""
News_HeadHome_1cb00ef7,,"When you finally lay eyes on him, the reality of the sitiuation sinks in.",game/tl/deutsch/scene/News/news_headhome.rpy,3699,[what]
News_HeadHome_9a78e975,,"The Headmaster sits at the center of his couch, wearing nothing but a white bathrobe.",game/tl/deutsch/scene/News/news_headhome.rpy,3705,[what]
News_HeadHome_dfcb4454,h,"Please, take a seat!",game/tl/deutsch/scene/News/news_headhome.rpy,3711,"h friendly ""[what]"""
News_HeadHome_4007e1ff,,You look around.,game/tl/deutsch/scene/News/news_headhome.rpy,3717,[what]
News_HeadHome_8422a626,,"Last time you have been here, you are pretty sure there have also been armchairs around the couch table.",game/tl/deutsch/scene/News/news_headhome.rpy,3723,[what]
News_HeadHome_b628299f,,"Now the only places left were on the couch, unconfortable near the headmaster, who had placed himself in the middle.",game/tl/deutsch/scene/News/news_headhome.rpy,3729,[what]
News_HeadHome_6e1c6711,,"It left some of his chest exposed, most definitely on purpose.",game/tl/deutsch/scene/News/news_headhome.rpy,3735,[what]
News_HeadHome_09b6b94c,,"But more egregious than that, he sat with his legs spread.",game/tl/deutsch/scene/News/news_headhome.rpy,3741,[what]
News_HeadHome_acadabe0,,"Not wide enough to expose himself completely, but wide enough to make it clear that a sighting of his dick was certainly possible.",game/tl/deutsch/scene/News/news_headhome.rpy,3747,[what]
News_HeadHome_2a665015,,"His stance and trademark smirk encouraged the onlooking boys to try to get a sighting like that, in fact.",game/tl/deutsch/scene/News/news_headhome.rpy,3753,[what]
News_HeadHome_ba3ce443,,"While you immediately looked away for a moment in surprise, Ron's eyes remained locked on the Headmaster.",game/tl/deutsch/scene/News/news_headhome.rpy,3759,[what]
News_HeadHome_2abc6544,,"His eyes were alight with a deep curiosity, something you knew the Headmaster could easily exploit.",game/tl/deutsch/scene/News/news_headhome.rpy,3765,[what]
News_HeadHome_c850b62a,,"The very thought made you shudder, goosebumps appearing all across your skin.",game/tl/deutsch/scene/News/news_headhome.rpy,3771,[what]
News_HeadHome_f603ded4,h,"I know these past days have been...eventful, for you both.",game/tl/deutsch/scene/News/news_headhome.rpy,3777,"h neutral ""[what]"""
News_HeadHome_79670263,h,"Perhaps even too much to handle, at times.",game/tl/deutsch/scene/News/news_headhome.rpy,3783,"h suspicious ""[what]"""
News_HeadHome_58b5b44d,h,With a particularly packed college party and the wrestling tournament happening in such quick succession...,game/tl/deutsch/scene/News/news_headhome.rpy,3789,"h sad ""[what]"""
News_HeadHome_12ca26d4,h,I can imagine that you might be stressed.,game/tl/deutsch/scene/News/news_headhome.rpy,3795,"h ""[what]"""
News_HeadHome_3724c913,h,Even I can admit that recent media coverage of our fine institution has left me...unnerved.,game/tl/deutsch/scene/News/news_headhome.rpy,3801,"h tough ""[what]"""
News_HeadHome_b10d5d52,,"You wince at the mention of the news report, the thought of those pictures circling the internet once again entering your mind.",game/tl/deutsch/scene/News/news_headhome.rpy,3807,[what]
News_HeadHome_8eb95082,h,"First, I'd like to assure you both that your well-being is my top priority!",game/tl/deutsch/scene/News/news_headhome.rpy,3813,"h friendly ""[what]"""
News_HeadHome_a89eb434,,"The headmaster began, leaning back on the couch so his bathrobe spreads a little more, exposing his impressive dick.",game/tl/deutsch/scene/News/news_headhome.rpy,3819,[what]
News_HeadHome_c43519d0,h,"Even you, Ronald...I know you're not officially a part of our student body, but...",game/tl/deutsch/scene/News/news_headhome.rpy,3825,"h ""[what]"""
News_HeadHome_5e5fcaa9,h,You are an...impressionable young man.,game/tl/deutsch/scene/News/news_headhome.rpy,3831,"h desire ""[what]"""
News_HeadHome_d7303c3c,,He places his hand on Ron's thigh.,game/tl/deutsch/scene/News/news_headhome.rpy,3837,[what]
News_HeadHome_49e7e0bd,h,"If any people or events at my school have upset either of you, please know that I am deeply invested in trying to rectify that.",game/tl/deutsch/scene/News/news_headhome.rpy,3843,"h friendly ""[what]"""
News_HeadHome_e6dc566c,h,However I can.,game/tl/deutsch/scene/News/news_headhome.rpy,3849,"h ""[what]"""
News_HeadHome_5859e01d,r,"Th-Thank you, Sir.",game/tl/deutsch/scene/News/news_headhome.rpy,3855,"r ""[what]"""
News_HeadHome_01c0fa99,,"You nod your head with Ron's words, still waiting for the catch to be revealed.",game/tl/deutsch/scene/News/news_headhome.rpy,3861,[what]
News_HeadHome_61794497,h,"However, the school's reputation is at stake here...and that is my main focus today.",game/tl/deutsch/scene/News/news_headhome.rpy,3867,"h neutral ""[what]"""
News_HeadHome_10df00f4,r,Uhm. What?,game/tl/deutsch/scene/News/news_headhome.rpy,3873,"r suspicious ""[what]"""
News_HeadHome_146f4093,,Ron's attention had shifted to the haedmaster's twitching glans hatching out of bathrobe.,game/tl/deutsch/scene/News/news_headhome.rpy,3879,[what]
News_HeadHome_c3fbd730,h,If this school were to suffer anymore bad PR...that could affect your lives negatively.,game/tl/deutsch/scene/News/news_headhome.rpy,3885,"h sad ""[what]"""
News_HeadHome_d07e3f25,h,"Your future careers, your studies...even your relationships.",game/tl/deutsch/scene/News/news_headhome.rpy,3891,"h ""[what]"""
News_HeadHome_a4348c94,h,All of that would be put at risk.,game/tl/deutsch/scene/News/news_headhome.rpy,3897,"h ""[what]"""
News_HeadHome_79298aca,,"You take in a shaky breath, and you see Ron fiddling with his hands nervously.",game/tl/deutsch/scene/News/news_headhome.rpy,3903,[what]
News_HeadHome_49939e9f,h,"I need the support of both of you to put this incident behind us, and thereby save this college from a catastrophe.",game/tl/deutsch/scene/News/news_headhome.rpy,3909,"h ""[what]"""
News_HeadHome_0f11fbff,h,"[name], I wanted to discuss your... situation yesterday.",game/tl/deutsch/scene/News/news_headhome.rpy,3915,"h neutral ""[what]"""
News_HeadHome_f43f806a,h,"It has caused quite a stir, as you can imagine.",game/tl/deutsch/scene/News/news_headhome.rpy,3921,"h sad ""[what]"""
News_HeadHome_e8b6ec9c,,"You swallowed hard, bracing yourself for whatever came next.",game/tl/deutsch/scene/News/news_headhome.rpy,3927,[what]
News_HeadHome_572447ce,c,I don't understand. I left before any of this happened.,game/tl/deutsch/scene/News/news_headhome.rpy,3933,"c suspicious ""[what]"""
News_HeadHome_b27af973,h,Indeed. I have talked to Vincent about the images of him floating social media.,game/tl/deutsch/scene/News/news_headhome.rpy,3939,"h neutral ""[what]"""
News_HeadHome_30dd4a38,h,"He understands my approach here, and how...those outside our walls may not understand that approach.",game/tl/deutsch/scene/News/news_headhome.rpy,3945,"h friendly ""[what]"""
News_HeadHome_193b1142,h,"But since we apparently have the attention of the media currently, I do not want anything \""else\"" to surface, that could harm our reputation.",game/tl/deutsch/scene/News/news_headhome.rpy,3951,"h tough ""[what]"""
News_HeadHome_4fc77518,h,Do you understand?,game/tl/deutsch/scene/News/news_headhome.rpy,3957,"h suspicious ""[what]"""
News_HeadHome_d7f74fdb,c,I guess so...,game/tl/deutsch/scene/News/news_headhome.rpy,3963,"c suspicious ""[what]"""
News_HeadHome_7aea992a,h,Good!,game/tl/deutsch/scene/News/news_headhome.rpy,3969,"h happy ""[what]"""
News_HeadHome_832fb0d6,h,"Of course,",game/tl/deutsch/scene/News/news_headhome.rpy,3975,"h friendly ""[what]"""
News_HeadHome_661cf10f,,"The headmaster continued, warmth still in his voice.",game/tl/deutsch/scene/News/news_headhome.rpy,3981,[what]
News_HeadHome_24ab18f9,h,It's not your fault. Accidents happen.,game/tl/deutsch/scene/News/news_headhome.rpy,3987,"h ""[what]"""
News_HeadHome_ae84d3ce,h,"But the university's reputation is at stake, and so is your future here.",game/tl/deutsch/scene/News/news_headhome.rpy,3993,"h tough ""[what]"""
News_HeadHome_a526eee5,c,Are you talking about what happened yesterday after the wrestling match - or something else?,game/tl/deutsch/scene/News/news_headhome.rpy,3999,"c suspicious ""[what]"""
News_HeadHome_5853fd7f,,The headmaster looked at you with an unreadable expression.,game/tl/deutsch/scene/News/news_headhome.rpy,4005,[what]
News_HeadHome_cc55d928,h,Is there anything else you could - or would - share with the media?,game/tl/deutsch/scene/News/news_headhome.rpy,4011,"h suspicious ""[what]"""
News_HeadHome_2c23ce7e,c,"Sir,",game/tl/deutsch/scene/News/news_headhome.rpy,4017,"c sad ""[what]"""
News_HeadHome_e72d9b2a,,"You began, your throat dry,",game/tl/deutsch/scene/News/news_headhome.rpy,4023,[what]
News_HeadHome_4e848f12,c,"I understand, but ",game/tl/deutsch/scene/News/news_headhome.rpy,4029,"c ""[what]"""
News_HeadHome_da808199,h,"Listen,",game/tl/deutsch/scene/News/news_headhome.rpy,4035,"h friendly ""[what]"""
News_HeadHome_fc3b4c8f,,"The headmaster cut you off, leaning forward with a charismatic smile.",game/tl/deutsch/scene/News/news_headhome.rpy,4041,[what]
News_HeadHome_15be7af4,h,All I ask is for your support.,game/tl/deutsch/scene/News/news_headhome.rpy,4047,"h ""[what]"""
News_HeadHome_32158101,h,"Your review of the \""accident\"" - any \""accident\"" - could be vital in mitigating any damage to this institution.",game/tl/deutsch/scene/News/news_headhome.rpy,4053,"h ""[what]"""
News_HeadHome_8f73bd59,h,"We're in this together, aren't we?",game/tl/deutsch/scene/News/news_headhome.rpy,4059,"h flirt ""[what]"""
News_HeadHome_b6f4694f,,You felt a shiver run down your spine as the headmaster's tone shifted ever so slightly.,game/tl/deutsch/scene/News/news_headhome.rpy,4065,[what]
News_HeadHome_3ba13291,,"The man's charisma was undeniable, but there was an underlying threat in his words that you couldn't ignore.",game/tl/deutsch/scene/News/news_headhome.rpy,4071,[what]
News_HeadHome_c69aa6bd,h,Good.,game/tl/deutsch/scene/News/news_headhome.rpy,4077,"h friendly ""[what]"""
News_HeadHome_6eb9262b,,"The headmaster replied, nodding.",game/tl/deutsch/scene/News/news_headhome.rpy,4083,[what]
News_HeadHome_a898f5fe,h,I trust that you both will be discreet about this matter and do your best to ensure it doesn't escalate further.,game/tl/deutsch/scene/News/news_headhome.rpy,4089,"h ""[what]"""
News_HeadHome_f138c962,c,"Absolutely, sir!",game/tl/deutsch/scene/News/news_headhome.rpy,4095,"c tough ""[what]"""
News_HeadHome_bf76c44b,,"You agreed, although your mind raced with questions and doubts.",game/tl/deutsch/scene/News/news_headhome.rpy,4101,[what]
News_HeadHome_408512b5,,What did the headmaster truly want from you both?,game/tl/deutsch/scene/News/news_headhome.rpy,4107,[what]
News_HeadHome_013c9b70,,And what would the consequences be if you didn't comply?,game/tl/deutsch/scene/News/news_headhome.rpy,4113,[what]
News_HeadHome_0bc53e9c,,The headmaster looked at you stone-faced.,game/tl/deutsch/scene/News/news_headhome.rpy,4119,[what]
News_HeadHome_0276e51e,,"He said nothing, and the tension in the room became unbearable.",game/tl/deutsch/scene/News/news_headhome.rpy,4125,[what]
News_HeadHome_5aea2ec0,,"Just when you were about to stand up and simply leave the room, he held up a hand to stop you.",game/tl/deutsch/scene/News/news_headhome.rpy,4131,[what]
News_HeadHome_32a32140,h,"If you go now, you will leave forever.",game/tl/deutsch/scene/News/news_headhome.rpy,4137,"h angry ""[what]"""
News_HeadHome_fd8ad0be,,"You look at him with hatred in your eyes, ready to face the consequences.",game/tl/deutsch/scene/News/news_headhome.rpy,4143,[what]
News_HeadHome_20d78051,c,You are going to expel me?,game/tl/deutsch/scene/News/news_headhome.rpy,4149,"c surprised ""[what]"""
News_HeadHome_821caa35,,"The moment you said it, those consequences just became painfully real.",game/tl/deutsch/scene/News/news_headhome.rpy,4155,[what]
News_HeadHome_de8eaa6f,,Where would you go? What would you do?,game/tl/deutsch/scene/News/news_headhome.rpy,4161,[what]
News_HeadHome_2b8208a0,,Would another college accept you?,game/tl/deutsch/scene/News/news_headhome.rpy,4167,[what]
News_HeadHome_4135a200,,Are you just about to throw your future away?,game/tl/deutsch/scene/News/news_headhome.rpy,4173,[what]
News_HeadHome_0ecbbef0,,Maybe your inner conflict became visible on your face.,game/tl/deutsch/scene/News/news_headhome.rpy,4179,[what]
News_HeadHome_4c5ee03a,,You have never been a good poker player.,game/tl/deutsch/scene/News/news_headhome.rpy,4185,[what]
News_HeadHome_e31f2478,,"The headmaster's expression changed, becoming charismatic and friendly again.",game/tl/deutsch/scene/News/news_headhome.rpy,4191,[what]
News_HeadHome_75e07da2,h,Let's not make any rash decisions we might regret later.,game/tl/deutsch/scene/News/news_headhome.rpy,4197,"h friendly ""[what]"""
News_HeadHome_644410f8,,He took a deep breath.,game/tl/deutsch/scene/News/news_headhome.rpy,4203,[what]
News_HeadHome_177693f9,h,"You are upset, I understand that.",game/tl/deutsch/scene/News/news_headhome.rpy,4209,"h ""[what]"""
News_HeadHome_6dfaf51a,h,But I need you to understand something:,game/tl/deutsch/scene/News/news_headhome.rpy,4215,"h ""[what]"""
News_HeadHome_a71cbc44,h,"It is not just your future at stake here, but the college's reputation.",game/tl/deutsch/scene/News/news_headhome.rpy,4221,"h neutral ""[what]"""
News_HeadHome_ee9d2964,,"Before you can answer, he held up his hand again.",game/tl/deutsch/scene/News/news_headhome.rpy,4227,[what]
News_HeadHome_9b18b4b1,h,Anyway.,game/tl/deutsch/scene/News/news_headhome.rpy,4233,"h ""[what]"""
News_HeadHome_3b8941f2,,"The headmaster changed to a conversational tone again, as if nothing happened.",game/tl/deutsch/scene/News/news_headhome.rpy,4239,[what]
News_HeadHome_c9a7a069,h,Now to discuss another matter that requires my immediate attention...,game/tl/deutsch/scene/News/news_headhome.rpy,4245,"h ""[what]"""
News_HeadHome_18aa221f,h,"Your living situation, Ronald.",game/tl/deutsch/scene/News/news_headhome.rpy,4251,"h ""[what]"""
News_HeadHome_a3fd2789,,"Both you and Ron seem taken aback by this, neither of you expecting it to be a topic of conversation today.",game/tl/deutsch/scene/News/news_headhome.rpy,4257,[what]
News_HeadHome_8a1e024a,r,"Um...y-yes, Sir?",game/tl/deutsch/scene/News/news_headhome.rpy,4263,"r ""[what]"""
News_HeadHome_4f11c692,h,"Originally, I had determined that your continued residency on my campus would be contingent on Julian.",game/tl/deutsch/scene/News/news_headhome.rpy,4269,"h ""[what]"""
News_HeadHome_3a63ab84,h,"Unfortunately, Julian was unable to provide the footage that I asked for.",game/tl/deutsch/scene/News/news_headhome.rpy,4275,"h ""[what]"""
News_HeadHome_0e9fad00,r,What footage?,game/tl/deutsch/scene/News/news_headhome.rpy,4281,"r suspicious ""[what]"""
News_HeadHome_a5488ad3,c,"Headmaster, I don't-",game/tl/deutsch/scene/News/news_headhome.rpy,4287,"c sad ""[what]"""
News_HeadHome_653c6c3b,h,Meaning Ronald's time in our dorms might be coming to an end.,game/tl/deutsch/scene/News/news_headhome.rpy,4293,"h tough ""[what]"""
News_HeadHome_fe1db884,,"Ron's head droops again, and you look over to him with a concerned expression.",game/tl/deutsch/scene/News/news_headhome.rpy,4299,[what]
News_HeadHome_1e406859,h,"As promised, he delivered to me some excellently captured video footage.",game/tl/deutsch/scene/News/news_headhome.rpy,4305,"h ""[what]"""
News_HeadHome_0e9fad00_1,r,What footage?,game/tl/deutsch/scene/News/news_headhome.rpy,4311,"r suspicious ""[what]"""
News_HeadHome_eacc1850,,The headmaster simply ignored Ron's remark.,game/tl/deutsch/scene/News/news_headhome.rpy,4317,[what]
News_HeadHome_c0bae254,h,"He's already been made well aware of my gratitude, believe me.",game/tl/deutsch/scene/News/news_headhome.rpy,4323,"h evil ""[what]"""
News_HeadHome_3dab7fda,h,"But I wanted to communicate that same gratitude to you both, for whatever role you might have played in making that recording possible.",game/tl/deutsch/scene/News/news_headhome.rpy,4329,"h friendly ""[what]"""
News_HeadHome_44828429,,"The Headmaster's thanks feel dirty on the skin of both boys, like bugs crawling all across their bodies.",game/tl/deutsch/scene/News/news_headhome.rpy,4335,[what]
News_HeadHome_ca5ee01a,,His words were equally laced with a wicked appreciation and a thinly-veiled invitation for them to do more.,game/tl/deutsch/scene/News/news_headhome.rpy,4341,[what]
News_HeadHome_8bc81e1b,h,"But despite this, recent events have made me reconsider how we conduct things at this school...",game/tl/deutsch/scene/News/news_headhome.rpy,4347,"h sad ""[what]"""
News_HeadHome_2dda1b74,h,Perhaps it would safer for the school's reputation to...remove a rogue element like Ronald from the equation altogether.,game/tl/deutsch/scene/News/news_headhome.rpy,4353,"h suspicious ""[what]"""
News_HeadHome_53f81b68,r,What?!,game/tl/deutsch/scene/News/news_headhome.rpy,4359,"r afraid ""[what]"""
News_HeadHome_a4326b17,c,"You can't, after you got what you wanted! I-",game/tl/deutsch/scene/News/news_headhome.rpy,4365,"c angry ""[what]"""
News_HeadHome_9797a12f,h,Quiet!!,game/tl/deutsch/scene/News/news_headhome.rpy,4371,"h angry ""[what]"""
News_HeadHome_63ef54b4,h,The dorm you currently occupy is only meant to house two students.,game/tl/deutsch/scene/News/news_headhome.rpy,4377,"h tough ""[what]"""
News_HeadHome_659ec028,h,"With a refugee like Ronald making his home there, as well...we are in violation of several fire and safety regulations.",game/tl/deutsch/scene/News/news_headhome.rpy,4383,"h ""[what]"""
News_HeadHome_ba976000,h,So...we'll have to come to some understanding as to how to rectify this situation...privately.,game/tl/deutsch/scene/News/news_headhome.rpy,4389,"h ""[what]"""
News_HeadHome_a92a7229,,"While Ron remains reserved and quiet, not wanting to make the situation worse, you're angry.",game/tl/deutsch/scene/News/news_headhome.rpy,4395,[what]
News_HeadHome_1f49423f,c,What? What do you want?,game/tl/deutsch/scene/News/news_headhome.rpy,4401,"c angry ""[what]"""
News_HeadHome_24e2533e,h,"First of all, please keep Nathan out of any of this.",game/tl/deutsch/scene/News/news_headhome.rpy,4407,"h neutral ""[what]"""
News_HeadHome_8fca28bf,h,"If anyone else were to know he is my son, it would just make everything more complicated for him.",game/tl/deutsch/scene/News/news_headhome.rpy,4413,"h ""[what]"""
News_HeadHome_3dabcb23,h,He has enough to deal with as it is.,game/tl/deutsch/scene/News/news_headhome.rpy,4419,"h sad ""[what]"""
News_HeadHome_47a39065,,"Ron looks up with wide eyes at this revelation, but a sharp glare from the Headmaster makes him sink back into himself.",game/tl/deutsch/scene/News/news_headhome.rpy,4425,[what]
News_HeadHome_a66c0b99,h,"I'm sure any non-students in the room would be more than inclined to keep that fact to themselves, given their situation.",game/tl/deutsch/scene/News/news_headhome.rpy,4431,"h ""[what]"""
News_HeadHome_dbba9d75,,"Ron gulps, weakly nodding.",game/tl/deutsch/scene/News/news_headhome.rpy,4437,[what]
News_HeadHome_f1798ab6,h,"Now, with all that out of the way...",game/tl/deutsch/scene/News/news_headhome.rpy,4443,"h friendly ""[what]"""
News_HeadHome_e8a708a9,h,"I think the best way to come to some sort of resolution of these issues would be to...help me relax, don't you think?",game/tl/deutsch/scene/News/news_headhome.rpy,4449,"h ""[what]"""
News_HeadHome_228238c4,,"You close your eyes as the shoe finally drops, and you nod slowly.",game/tl/deutsch/scene/News/news_headhome.rpy,4455,[what]
News_HeadHome_e603819a,r,I - I guess so...,game/tl/deutsch/scene/News/news_headhome.rpy,4461,"r ""[what]"""
News_HeadHome_ce3ff046,c,What do you want us to do to...get you more relaxed?,game/tl/deutsch/scene/News/news_headhome.rpy,4467,"c suspicious ""[what]"""
News_HeadHome_b66bde4b,,"The Headmaster peers around the living room, then back to the boys, an evil grin spreading across his face.",game/tl/deutsch/scene/News/news_headhome.rpy,4473,[what]
News_HeadHome_6b275b39,h,I think this place could use a good cleaning...and I could certainly use a drink after the last twenty four hours.,game/tl/deutsch/scene/News/news_headhome.rpy,4479,"h neutral ""[what]"""
News_HeadHome_285f5030,,"As you and Ron sigh and start to move, the Headmaster holds a hand up.",game/tl/deutsch/scene/News/news_headhome.rpy,4485,[what]
News_HeadHome_bf4600a6,h,But you couldn't possibly serve me in those outfits...it wouldn't be proper.,game/tl/deutsch/scene/News/news_headhome.rpy,4491,"h evil ""[what]"""
News_HeadHome_3d3e47b6,h,"Ronald, there's a uniform for you in the side room.",game/tl/deutsch/scene/News/news_headhome.rpy,4497,"h desire ""[what]"""
News_HeadHome_9cb5315e,h,I'll help [name] with his own myself.,game/tl/deutsch/scene/News/news_headhome.rpy,4503,"h ""[what]"""
News_HeadHome_ef3e24af,,"Ron glances toward you, clearly worried by the prospect of leaving you alone with the Headmaster. But you nod.",game/tl/deutsch/scene/News/news_headhome.rpy,4509,[what]
News_HeadHome_026f579a,c,"Go Ron...it'll all be over soon, right?",game/tl/deutsch/scene/News/news_headhome.rpy,4515,"c ""[what]"""
News_HeadHome_0d45a5d2,r,O... okay.,game/tl/deutsch/scene/News/news_headhome.rpy,4521,"r ""[what]"""
News_HeadHome_c531e42d,,"As Ron walks into the side room and shuts the door, the Headmaster stares up at you expectantly.",game/tl/deutsch/scene/News/news_headhome.rpy,4527,[what]
News_HeadHome_f0423ef8,,"His threatening eyes on you are all you need to comply, starting to strip off your clothes.",game/tl/deutsch/scene/News/news_headhome.rpy,4533,[what]
News_HeadHome_73d5f7f7,h,"I also think now would be the best time to remove your chastity cage, [name].",game/tl/deutsch/scene/News/news_headhome.rpy,4539,"h friendly ""[what]"""
News_HeadHome_d77e4079,h,Wouldn't want it to...distract from your responsibilities today.,game/tl/deutsch/scene/News/news_headhome.rpy,4545,"h ""[what]"""
News_HeadHome_c19b4c91,,You had almost forgotten that you were wearing the cage...,game/tl/deutsch/scene/News/news_headhome.rpy,4551,[what]
News_HeadHome_0a4992e1,,"Your slumber the night before was so deep, it had nearly washed that memory from your mind.",game/tl/deutsch/scene/News/news_headhome.rpy,4557,[what]
News_HeadHome_0b21e7b7,,"But the metal weight had always been there, and you did find yourself eager to get it off.",game/tl/deutsch/scene/News/news_headhome.rpy,4563,[what]
News_HeadHome_bdc80410,c,"Yes, Sir.",game/tl/deutsch/scene/News/news_headhome.rpy,4569,"c ""[what]"""
News_HeadHome_be1bbb65,,"You approach the seated Headmaster, key already in his hand as he reaches toward your cock.",game/tl/deutsch/scene/News/news_headhome.rpy,4575,[what]
News_HeadHome_94a63bd5,,"He cradles your balls for a moment, almost admiring the sight of your caged manhood.",game/tl/deutsch/scene/News/news_headhome.rpy,4581,[what]
News_HeadHome_6cd569a8,,"You shiver as he finally inserts the key, slowly pulling the loose metal contraption from your body.",game/tl/deutsch/scene/News/news_headhome.rpy,4587,[what]
News_HeadHome_b46ae296,,"Before you can even take a moment to savor the new feeling of freedom, the Headmaster takes your shaft into his grip.",game/tl/deutsch/scene/News/news_headhome.rpy,4593,[what]
News_HeadHome_838558be,,"He pumps it a few times, drawing a few moans out of your lips as you quickly grow hard within his grasp.",game/tl/deutsch/scene/News/news_headhome.rpy,4599,[what]
News_HeadHome_8be6611d,h,"Ah, the virility of youth...such a beautiful thing.",game/tl/deutsch/scene/News/news_headhome.rpy,4605,"h ""[what]"""
News_HeadHome_8b2abe0a,h,"Hopefully, this won't be the last time I get to be so close to it...",game/tl/deutsch/scene/News/news_headhome.rpy,4611,"h ""[what]"""
News_HeadHome_dd202bd4,,"You whine softly, but stand perfectly still as the Headmaster's hand strokes you hungrily.",game/tl/deutsch/scene/News/news_headhome.rpy,4617,[what]
News_HeadHome_4d729137,,"After the longest minute of your life, he stops and pulls his hand away, smirking up at you.",game/tl/deutsch/scene/News/news_headhome.rpy,4623,[what]
News_HeadHome_bad53217,h,Get dressed. Ronald should be out soon.,game/tl/deutsch/scene/News/news_headhome.rpy,4629,"h ""[what]"""
News_HeadHome_2e37cc0e,r,Lord help me!,game/tl/deutsch/scene/News/news_headhome.rpy,4635,"r fear ""[what]"""
News_HeadHome_3a1e6afa,,You hear Ron from the other room.,game/tl/deutsch/scene/News/news_headhome.rpy,4641,[what]
News_HeadHome_99d8a14a,r,What the hell is this?,game/tl/deutsch/scene/News/news_headhome.rpy,4647,"r suspicious ""[what]"""
News_HeadHome_675ba991,,He sounds distressed.,game/tl/deutsch/scene/News/news_headhome.rpy,4653,[what]
News_HeadHome_e0063857,r,This is no uniform!,game/tl/deutsch/scene/News/news_headhome.rpy,4659,"r sad ""[what]"""
News_HeadHome_b14b1c3f,r,I cannot wear this!,game/tl/deutsch/scene/News/news_headhome.rpy,4665,"r angry ""[what]"""
News_HeadHome_e2d64918,,The headmaster sighed and pointed to a small box on the coffee table.,game/tl/deutsch/scene/News/news_headhome.rpy,4671,[what]
News_HeadHome_210a6626,h,Take it on. I'll be right back.,game/tl/deutsch/scene/News/news_headhome.rpy,4677,"h tough ""[what]"""
News_HeadHome_3535a9ef,,"Inside were the cufflinks and collared bowtie from the last time you were here, this time accompanied by lacy briefs.",game/tl/deutsch/scene/News/news_headhome.rpy,4683,[what]
News_HeadHome_cd74ecfd,,Inside were cufflinks and a collared bowtie accompanied by lacy briefs.,game/tl/deutsch/scene/News/news_headhome.rpy,4689,[what]
News_HeadHome_1b902bd9,,The whole dress is more revealing than anything else.,game/tl/deutsch/scene/News/news_headhome.rpy,4695,[what]
News_HeadHome_0635cb8c,,The headmaster went to the room where Ron disappeared.,game/tl/deutsch/scene/News/news_headhome.rpy,4701,[what]
News_HeadHome_1bff17cc,,"You heard them argue, but due to the closed door, you did not understand what they were saying.",game/tl/deutsch/scene/News/news_headhome.rpy,4707,[what]
News_HeadHome_98824a86,,"The headmaster comes back into the room after a moment, a satisfied expression on his face.",game/tl/deutsch/scene/News/news_headhome.rpy,4713,[what]
News_HeadHome_c78989cb,,"You put on the few sparse pieces of clothing the Headmaster has gifted you, and hear the side door open.",game/tl/deutsch/scene/News/news_headhome.rpy,4719,[what]
News_HeadHome_c42e336d,,"Ron emerges dressed like a maid, his outfit basically nothing more than a g-string covered by the smallest of laced flaps and pristine white stockings.",game/tl/deutsch/scene/News/news_headhome.rpy,4725,[what]
News_HeadHome_f8693018,,"He still wears his cross around his neck, now adorned with a frilly lace collar and black bow.",game/tl/deutsch/scene/News/news_headhome.rpy,4731,[what]
News_HeadHome_8c61c028,,"Ron is clearly deeply embarrassed, his hands in front of his crotch in an attempt to maintaon the slightest bit of modesty.",game/tl/deutsch/scene/News/news_headhome.rpy,4737,[what]
News_HeadHome_32ce77fe,,"Despite your disgust at the circumstances, your erection was painfully obvious through the thin material of your undergarments.",game/tl/deutsch/scene/News/news_headhome.rpy,4743,[what]
News_HeadHome_18e30654,,"When Ron notices, a new color of red flushes across his cheeks.",game/tl/deutsch/scene/News/news_headhome.rpy,4749,[what]
News_HeadHome_7039556a,,"The Headmaster grins, staring at you both.",game/tl/deutsch/scene/News/news_headhome.rpy,4755,[what]
News_HeadHome_b3b1cf2d,h,Excellent...you both look wonderful.,game/tl/deutsch/scene/News/news_headhome.rpy,4761,"h happy ""[what]"""
News_HeadHome_586e31fc,h,"If the narrative in the media were different, I might consider having you wear these uniforms on campus...but alas.",game/tl/deutsch/scene/News/news_headhome.rpy,4767,"h sad ""[what]"""
News_HeadHome_92a8155f,h,Perhaps another time.,game/tl/deutsch/scene/News/news_headhome.rpy,4773,"h evil ""[what]"""
News_HeadHome_dd99d6df,h,"Now, Ronald, start cleaning the house.",game/tl/deutsch/scene/News/news_headhome.rpy,4779,"h friendly ""[what]"""
News_HeadHome_236363b1,h,"[name], refill my wine glass.",game/tl/deutsch/scene/News/news_headhome.rpy,4785,"h ""[what]"""
News_HeadHome_d6431c07,,"As Ron sighs and grabs a nearby feather duster to start cleaning, the Headmaster holds up his empty wine glass, not even looking your way.",game/tl/deutsch/scene/News/news_headhome.rpy,4791,[what]
News_HeadHome_3feec7a9,,"You roll your eyes and grab a bottle of wine from the kitchen, pouring the deep red liquid into his glass.",game/tl/deutsch/scene/News/news_headhome.rpy,4797,[what]
News_HeadHome_6a58d672,h,"Come down here, [name].",game/tl/deutsch/scene/News/news_headhome.rpy,4803,"h ""[what]"""
News_HeadHome_fcbc7304,,He points on the floor just in front of him.,game/tl/deutsch/scene/News/news_headhome.rpy,4809,[what]
News_HeadHome_e44caa6d,,Maybe you could learn how to better utilize Ronald in your current living situation.,game/tl/deutsch/scene/News/news_headhome.rpy,4815,[what]
News_HeadHome_9da0e26a,,"You growl and kneel before the Headmaster, watching Ron clean the home and put things in the right place for a few moments.",game/tl/deutsch/scene/News/news_headhome.rpy,4821,[what]
News_HeadHome_a28a12f5,,"The Headmaster sips his wine and moans deeply against the glass, spreading his legs even further as his eyes are locked onto Ron.",game/tl/deutsch/scene/News/news_headhome.rpy,4827,[what]
News_HeadHome_9e612d6a,h,Make your mouth useful while you're here.,game/tl/deutsch/scene/News/news_headhome.rpy,4833,"h desire ""[what]"""
News_HeadHome_e2fdc2dc,c,What do you mean?,game/tl/deutsch/scene/News/news_headhome.rpy,4839,"c suspicious ""[what]"""
News_HeadHome_ff33d539,h,"I may be watching young Ronald work, but I want to really enjoy watching him work.",game/tl/deutsch/scene/News/news_headhome.rpy,4845,"h ""[what]"""
News_HeadHome_8cf6b3f5,h,Now...make use of your mouth.,game/tl/deutsch/scene/News/news_headhome.rpy,4851,"h ""[what]"""
News_HeadHome_b1d10291,,"You gulp, taking a deep breath as you reach under the Headmaster's bathrobe to pull out his cock, massive and already rock hard.",game/tl/deutsch/scene/News/news_headhome.rpy,4857,[what]
News_HeadHome_c380f0c4,,"As you begin to slowly lick his glans, the Headmaster relaxes back into the couch and moans again, scanning Ron's nearly nude body with his hungry gaze.",game/tl/deutsch/scene/News/news_headhome.rpy,4863,[what]
News_HeadHome_65130fb4,,"After awhile, the sounds of the Headmaster's pleasure make Ron turn around, his eyes going wide when he spots the movement of your head.",game/tl/deutsch/scene/News/news_headhome.rpy,4869,[what]
News_HeadHome_e2e3332b,,"His own eyes are fixed onto the Headmaster's throbbing cock for a moment, pushing deep in and out of your mouth.",game/tl/deutsch/scene/News/news_headhome.rpy,4875,[what]
News_HeadHome_e6f09010,,"But when Ron's stare finally meet the headmaster's hungry eyes, staring back at him, he almost immediately goes back to his cleaning.",game/tl/deutsch/scene/News/news_headhome.rpy,4881,[what]
News_HeadHome_d677ed42,,"But as your head speeds up, the Headmaster spots Ron bending over a countertop to clean the farthest edge of it.",game/tl/deutsch/scene/News/news_headhome.rpy,4887,[what]
News_HeadHome_c7c6f016,,"In that instant, the small flap covering his ass pulls upward, revealing the thin black material covering his tiny asscheeks.",game/tl/deutsch/scene/News/news_headhome.rpy,4893,[what]
News_HeadHome_71ec8ccd,,"The boy whines softly as he extends the celaning cloth to reach, extending one of his feet outward to try to maintain his balance.",game/tl/deutsch/scene/News/news_headhome.rpy,4899,[what]
News_HeadHome_01727479,,"When the Headmaster's eyes land on this extended, stocking-cladden foot, you feel his dick twitch in your mouth as an idea enters his demented mind.",game/tl/deutsch/scene/News/news_headhome.rpy,4905,[what]
News_HeadHome_b04756e3,h,As much as I adore you boys working so hard...,game/tl/deutsch/scene/News/news_headhome.rpy,4911,"h desire ""[what]"""
News_HeadHome_39a789c8,h,I've suddenly remembered that there are a few parts of Ronald's uniform missing.,game/tl/deutsch/scene/News/news_headhome.rpy,4917,"h evil ""[what]"""
News_HeadHome_2aa5a6d6,,"Ron moves back to standing upright and turns toward the pair on the couch, gulping as his gaze once again returns to your head and the Headmaster's manhood.",game/tl/deutsch/scene/News/news_headhome.rpy,4923,[what]
News_HeadHome_2906446f,r,What is it?,game/tl/deutsch/scene/News/news_headhome.rpy,4929,"r ""[what]"""
News_HeadHome_3899ccec,,"The Headmaster reaches into the pocket of his bathrobe, the foreboding smirk returning to his face.",game/tl/deutsch/scene/News/news_headhome.rpy,4935,[what]
News_HeadHome_a3ffcae0,,He pulls out two items: a leather panel gag and a pair of matching leather cuffs for the wrists.,game/tl/deutsch/scene/News/news_headhome.rpy,4941,[what]
News_HeadHome_3afa3296,,"He hands both of them to you, chuckling.",game/tl/deutsch/scene/News/news_headhome.rpy,4947,[what]
News_HeadHome_76dc5353,h,"Please outfit your roommate with these additions, [name].",game/tl/deutsch/scene/News/news_headhome.rpy,4953,"h friendly ""[what]"""
News_HeadHome_abd5b07e,c,"Well, that promise to be interesting!",game/tl/deutsch/scene/News/news_headhome.rpy,4959,"c flirt ""[what]"""
News_HeadHome_08589708,,"Ron blushes again, but seems to be intrigued.",game/tl/deutsch/scene/News/news_headhome.rpy,4965,[what]
News_HeadHome_e8761e33,r,Uhh. You gonna tie me up with this?,game/tl/deutsch/scene/News/news_headhome.rpy,4971,"r friendly ""[what]"""
News_HeadHome_7e9ec1b0,c,Only if you want me to...,game/tl/deutsch/scene/News/news_headhome.rpy,4977,"c suspicious ""[what]"""
News_HeadHome_1a972cab,,He hesitates for a moment.,game/tl/deutsch/scene/News/news_headhome.rpy,4983,[what]
News_HeadHome_c08c8bf3,r,I trust you.,game/tl/deutsch/scene/News/news_headhome.rpy,4989,"r tough ""[what]"""
News_HeadHome_746d4918,r,Let's do this!,game/tl/deutsch/scene/News/news_headhome.rpy,4995,"r happy ""[what]"""
News_HeadHome_c0685280,,"You blink and tighten your grip on the items, trying to find a way out of this for Ron.",game/tl/deutsch/scene/News/news_headhome.rpy,5001,[what]
News_HeadHome_ffedcbb0,c,"Sir, please, you don't have to-",game/tl/deutsch/scene/News/news_headhome.rpy,5007,"c sad ""[what]"""
News_HeadHome_02221b5f,h,Let us not forget that this is my home...and my campus.,game/tl/deutsch/scene/News/news_headhome.rpy,5013,"h angry ""[what]"""
News_HeadHome_837bb364,h,"Please, assist Ronald by getting them on. Tightly.",game/tl/deutsch/scene/News/news_headhome.rpy,5019,"h friendly ""[what]"""
News_HeadHome_793e48cf,,"The words forcibly alleviate your concerns, so you rise to your feet and approach Ron.",game/tl/deutsch/scene/News/news_headhome.rpy,5025,[what]
News_HeadHome_2aaec600,c,"I'm so sorry, Ron...",game/tl/deutsch/scene/News/news_headhome.rpy,5031,"c sad ""[what]"""
News_HeadHome_7247eeec,,"You whisper, wrapping the cuffs around his wrists and tightening them behind his back.",game/tl/deutsch/scene/News/news_headhome.rpy,5037,[what]
News_HeadHome_b5e01cc9,r,"It's okay. I'm okay, really.",game/tl/deutsch/scene/News/news_headhome.rpy,5043,"r friendly ""[what]"""
News_HeadHome_f3b039a2,,"You give Ron a small smile, placing the leather panel over his mouth and buckling the gag closed behind his bed.",game/tl/deutsch/scene/News/news_headhome.rpy,5049,[what]
News_HeadHome_5cc38c6d,h,I am sure you are going to enjoy it!,game/tl/deutsch/scene/News/news_headhome.rpy,5055,"h evil ""[what]"""
News_HeadHome_ae3f39f1,,"Once that's done, you submissively return to the Headmaster's side.",game/tl/deutsch/scene/News/news_headhome.rpy,5061,[what]
News_HeadHome_4f741a9c,h,"Feel free to return to cleaning, Ron.",game/tl/deutsch/scene/News/news_headhome.rpy,5067,"h friendly ""[what]"""
News_HeadHome_886d53eb,,"Ron glances at the cleaning rug on the counter and whines, confused as to how he could go on.",game/tl/deutsch/scene/News/news_headhome.rpy,5073,[what]
News_HeadHome_a4e534d6,,"For the first time since you arrived, the Headmaster rises from the couch, walking around Ron like a predator trapping its prey.",game/tl/deutsch/scene/News/news_headhome.rpy,5079,[what]
News_HeadHome_5f8df144,h,I suppose it would be difficult to clean this place being immobilized like that...,game/tl/deutsch/scene/News/news_headhome.rpy,5085,"h evil ""[what]"""
News_HeadHome_1fd7a4fe,h,What a shame.,game/tl/deutsch/scene/News/news_headhome.rpy,5091,"h sad ""[what]"""
News_HeadHome_1e0a936a,h,"It seems we'll have to find you another way to...be of service, dear Ronald.",game/tl/deutsch/scene/News/news_headhome.rpy,5097,"h neutral ""[what]"""
News_HeadHome_439783c8,,The Headmaster's eyes suddenly rotate to stare at you.,game/tl/deutsch/scene/News/news_headhome.rpy,5103,[what]
News_HeadHome_8ebad5e0,h,"Show Ronald how...excited you are by his attire, [name].",game/tl/deutsch/scene/News/news_headhome.rpy,5109,"h evil ""[what]"""
News_HeadHome_34e65dab,,"You blush at the very thought, closing your legs together around your erection.",game/tl/deutsch/scene/News/news_headhome.rpy,5115,[what]
News_HeadHome_9a2413e5,c,"Headmaster, please, I-",game/tl/deutsch/scene/News/news_headhome.rpy,5121,"c sad ""[what]"""
News_HeadHome_ee776a54,h,"Ronald is an attractive young man, I'm sure you've noticed...",game/tl/deutsch/scene/News/news_headhome.rpy,5127,"h friendly ""[what]"""
News_HeadHome_1634d1ae,h,I'm sure he would appreciate seeing you aroused by his appearance.,game/tl/deutsch/scene/News/news_headhome.rpy,5133,"h ""[what]"""
News_HeadHome_e5151dfd,h,So...show us. Now.,game/tl/deutsch/scene/News/news_headhome.rpy,5139,"h tough ""[what]"""
News_HeadHome_7e82ba1e,,"Swallowing a lump in your throat, you pull down the lingerie, your erection springing free immediately.",game/tl/deutsch/scene/News/news_headhome.rpy,5145,[what]
News_HeadHome_5cbae893,,"Ron's breathing quickens at the sight of your cock, the airflow in and out of his nostrils now audible.",game/tl/deutsch/scene/News/news_headhome.rpy,5151,[what]
News_HeadHome_67a4e5d2,h,"He seems to be looking forward to your service, Ronald...join him on the couch.",game/tl/deutsch/scene/News/news_headhome.rpy,5157,"h ""[what]"""
News_HeadHome_90167926,,"Ron nervously makes his way over to the couch and sits beside you, his gaze affixed to your cock and his wrists squirm in the restraints.",game/tl/deutsch/scene/News/news_headhome.rpy,5163,[what]
News_HeadHome_eaca7e41,h,Since your hands and mouth aren't accessible in your uniform...you'll have to use your feet to pleasure [name].,game/tl/deutsch/scene/News/news_headhome.rpy,5169,"h ""[what]"""
News_HeadHome_c6601863,c,Whmph?!,game/tl/deutsch/scene/News/news_headhome.rpy,5175,"c ""[what]"""
News_HeadHome_6142f2bc,,"Ron whimpers into his gag, looking down at his feet as he wonders how exactly he might accomplish such a task.",game/tl/deutsch/scene/News/news_headhome.rpy,5181,[what]
News_HeadHome_c17fbd8f,h,"Come now, [name]...I would imagine you'd adore being given such an opportunity.",game/tl/deutsch/scene/News/news_headhome.rpy,5187,"h ""[what]"""
News_HeadHome_097b190f,h,I can tell Ronald is eager to please...would you really deny him the chance to make his friend happy?,game/tl/deutsch/scene/News/news_headhome.rpy,5193,"h ""[what]"""
News_HeadHome_6b36f611,,"You bite your lip, immediately recognizing the truth of the Headmaster's words in Ron's bright and innocent eyes.",game/tl/deutsch/scene/News/news_headhome.rpy,5199,[what]
News_HeadHome_0b060c7b,,You wonder if the headmaster will join in at some point.,game/tl/deutsch/scene/News/news_headhome.rpy,5205,[what]
News_HeadHome_944e18e7,,"At the thought of it, your dick twitches in anticipation.",game/tl/deutsch/scene/News/news_headhome.rpy,5211,[what]
News_HeadHome_a8c754bc,,"At least it was just you and Ron...at this point, that was a blessing.",game/tl/deutsch/scene/News/news_headhome.rpy,5217,[what]
News_HeadHome_2c0e5983,,"With a defeated sigh, you nod and spread your legs.",game/tl/deutsch/scene/News/news_headhome.rpy,5223,[what]
News_HeadHome_3480510b,c,Of course not... - Sir!,game/tl/deutsch/scene/News/news_headhome.rpy,5229,"c ""[what]"""
News_HeadHome_db03a05a,,"The Headmaster grins, clapping his hands together once.",game/tl/deutsch/scene/News/news_headhome.rpy,5235,[what]
News_HeadHome_415a0b72,h,"Excellent. Ronald, make my guest cum with your feet.",game/tl/deutsch/scene/News/news_headhome.rpy,5241,"h ""[what]"""
News_HeadHome_90fb1f0a,,"You place yourelf on the now empty couch, facing the opposite end of the couch.",game/tl/deutsch/scene/News/news_headhome.rpy,5247,[what]
News_HeadHome_f5dab56b,,Ron has some problems to get himself seated without the support of his arms.,game/tl/deutsch/scene/News/news_headhome.rpy,5253,[what]
News_HeadHome_0c1d02a6,,He is clearly not used to be tied like this.,game/tl/deutsch/scene/News/news_headhome.rpy,5259,[what]
News_HeadHome_f71fa35e,,"You see Ron take a breath to prepare himself, as he slowly stretches his legs across the couch so his small feet rest in your lap.",game/tl/deutsch/scene/News/news_headhome.rpy,5265,[what]
News_HeadHome_a5f7d615,,"As soon as his feet begin to rub either side of your member, you moan loudly, not expecting the sensation to feel so good.",game/tl/deutsch/scene/News/news_headhome.rpy,5271,[what]
News_HeadHome_c3567e71,,"Ron is slow and exploratory with his motions at first, transitioning from circular motions to a steady up and down pace.",game/tl/deutsch/scene/News/news_headhome.rpy,5277,[what]
News_HeadHome_0bae07db,,"His toes flexing and wiggling against your shaft honestly sent you into a frenzy, causing you to start thrusting up toward his feet.",game/tl/deutsch/scene/News/news_headhome.rpy,5283,[what]
News_HeadHome_13d9ecef,c,R-Ron...that feels so good...,game/tl/deutsch/scene/News/news_headhome.rpy,5289,"c ""[what]"""
News_HeadHome_e2a67469,,"Ron seems to moan happily into his gag at your response, moving his feet faster.",game/tl/deutsch/scene/News/news_headhome.rpy,5295,[what]
News_HeadHome_059dbc6b,,"As your cock twitchs and the head leaks precum onto his stockings, you hear the Headmaster's voice again.",game/tl/deutsch/scene/News/news_headhome.rpy,5301,[what]
News_HeadHome_36489d26,h,"I can't have you ruining those with your cum, [name]...please take them off before you can't control yourself anymore.",game/tl/deutsch/scene/News/news_headhome.rpy,5307,"h ""[what]"""
News_HeadHome_3b5a9f5f,,"You gulp and nod, reaching up the bound Ron's slim legs to the top of each stocking and pulling them down and off.",game/tl/deutsch/scene/News/news_headhome.rpy,5313,[what]
News_HeadHome_e03f93ae,,"Once you feel Ron's bare feet, you can't help but sway your hips even faster as you feel intoxicated by the sensation of flesh upon flesh.",game/tl/deutsch/scene/News/news_headhome.rpy,5319,[what]
News_HeadHome_31455241,,"His soles are softer than you thought possible, sliding up and down your leaking erection with ease.",game/tl/deutsch/scene/News/news_headhome.rpy,5325,[what]
News_HeadHome_8284af09,,"Ron seems to pick up on your accentuted reactions, using all his core strength to pump you even faster with his feet.",game/tl/deutsch/scene/News/news_headhome.rpy,5331,[what]
News_HeadHome_36c2ce9e,,"Your eyes are closed and your mouth is wide open, mindlessly thrusting yourself in between his feet as your moans and whimpers echo through the room.",game/tl/deutsch/scene/News/news_headhome.rpy,5337,[what]
News_HeadHome_7dc7d21d,,"Knowing the headmaster is watching you, and hearing him grunt occationally, only adds to the intensity and horniness of the scene.",game/tl/deutsch/scene/News/news_headhome.rpy,5343,[what]
News_HeadHome_31dfc6e0,,Even though both you and Ron were deeply uncomfortable as you felt the eyes of the Headmaster scanning the scene...,game/tl/deutsch/scene/News/news_headhome.rpy,5349,[what]
News_HeadHome_d0920ef6,,You could also innately feel the compassion and care Ron was taking with his movements.,game/tl/deutsch/scene/News/news_headhome.rpy,5355,[what]
News_HeadHome_db3b017e,,"When your hips would slow down or speed up, Ron's feet would respond, changing the pace of his soles and toes in kind.",game/tl/deutsch/scene/News/news_headhome.rpy,5361,[what]
News_HeadHome_2bd2f9fc,,"But even Ron could tell that your body was approaching climax, with your dick throbbing desperately every few seconds.",game/tl/deutsch/scene/News/news_headhome.rpy,5367,[what]
News_HeadHome_893271fa,,"Without looking, you could sense the sadistic smirk once again painting the face of the Headmaster.",game/tl/deutsch/scene/News/news_headhome.rpy,5373,[what]
News_HeadHome_5b03a1b0,,"Just like Ron, he knew what was coming.",game/tl/deutsch/scene/News/news_headhome.rpy,5379,[what]
News_HeadHome_514107eb,,"Giving in to your rapidly arriving destiny, you begin to pound your hips against Ron's heels, your moans become more guttural and drawn out.",game/tl/deutsch/scene/News/news_headhome.rpy,5385,[what]
News_HeadHome_9866d3c8,,"Within seconds, you're blowing your load all over Ron's feet, coating his soles and ankles in the sticky white seed.",game/tl/deutsch/scene/News/news_headhome.rpy,5391,[what]
News_HeadHome_2bf7da02,,"And while Ron might have known it was coming, he still whimpers loudly from behind the tape gag as your cum spurts out between his toes.",game/tl/deutsch/scene/News/news_headhome.rpy,5397,[what]
News_HeadHome_d635417f,,"As your moans are replaced by the heavy breathing of your come down, you turn your gaze over to Ron.",game/tl/deutsch/scene/News/news_headhome.rpy,5403,[what]
News_HeadHome_d3ac6606,,"For a long you are unable to anything but to close your eyes, and the echo of the orgasmn still pulse through your body,...",game/tl/deutsch/scene/News/news_headhome.rpy,5409,[what]
News_HeadHome_00cabba3,,"...while your love-bone still spits out a drop of cum now and then, while you feel Ron's cum-covered feet still pressed against it.",game/tl/deutsch/scene/News/news_headhome.rpy,5415,[what]
News_HeadHome_60d89bb3,,"You can feel Ron's eyes on you, attempting to read your face and body, trying to ascertain if you are okay and, even more so...",game/tl/deutsch/scene/News/news_headhome.rpy,5421,[what]
News_HeadHome_e8f034d9,,...if you liked what he did to you.,game/tl/deutsch/scene/News/news_headhome.rpy,5427,[what]
News_HeadHome_677d4b94,,"Before your lips and voice can join to form a single word, the booming voice of the Headmaster fills the room.",game/tl/deutsch/scene/News/news_headhome.rpy,5433,[what]
News_HeadHome_cd1068a3,h,What an excellent showing from young Ronald!,game/tl/deutsch/scene/News/news_headhome.rpy,5439,"h ""[what]"""
News_HeadHome_b6430471,,"At this moment, you have almost forgotten he is even still here.",game/tl/deutsch/scene/News/news_headhome.rpy,5445,[what]
News_HeadHome_cc5a73a7,h,It seems you've certainly...,game/tl/deutsch/scene/News/news_headhome.rpy,5451,"h ""[what]"""
News_HeadHome_479b23ae,h,...serviced [name] successfully.,game/tl/deutsch/scene/News/news_headhome.rpy,5457,"h ""[what]"""
News_HeadHome_1d6fefdc,,"With your now limp cock still sitting beside Ron's heels, the Headmaster peers over to survey the aftermath of your orgasm.",game/tl/deutsch/scene/News/news_headhome.rpy,5463,[what]
News_HeadHome_32a30ae4,h,"Look at how you covered your friend's feet in your cum, [name]...",game/tl/deutsch/scene/News/news_headhome.rpy,5469,"h ""[what]"""
News_HeadHome_1c27b4c3,h,You made such a mess.,game/tl/deutsch/scene/News/news_headhome.rpy,5475,"h ""[what]"""
News_HeadHome_9ac966d3,c,"Ron, I'm sorry, I-",game/tl/deutsch/scene/News/news_headhome.rpy,5481,"c ""[what]"""
News_HeadHome_3cadb314,h,As a good guest...,game/tl/deutsch/scene/News/news_headhome.rpy,5487,"h ""[what]"""
News_HeadHome_07ad09a2,h,"...and more importantly, a good home servant...",game/tl/deutsch/scene/News/news_headhome.rpy,5493,"h ""[what]"""
News_HeadHome_e12d4ace,h,You should clean up your mess.,game/tl/deutsch/scene/News/news_headhome.rpy,5499,"h ""[what]"""
News_HeadHome_1e9d1574,,"You immediately swallow a lump in your throat, understanding exactly what the Headmaster wanted to see.",game/tl/deutsch/scene/News/news_headhome.rpy,5505,[what]
News_HeadHome_f37dd673,,"Gritting your teeth, you bend down and extend your tongue onto Ron's foot, beginning to lap up your seed.",game/tl/deutsch/scene/News/news_headhome.rpy,5511,[what]
News_HeadHome_19f0d7ea,,"With your tongue sliding along his soles, you can hear Ron lightly moaning into the duct tape that covers his mouth.",game/tl/deutsch/scene/News/news_headhome.rpy,5517,[what]
News_HeadHome_c68aabad,,"You wrap your lips around his toes and suck off the remaining cum, swallowing every last drop as you wince at the taste.",game/tl/deutsch/scene/News/news_headhome.rpy,5523,[what]
News_HeadHome_2ccd868f,,"Ron's stare follows your motions closely, genuinely unsure if he is more turned on or disturbed by the situation.",game/tl/deutsch/scene/News/news_headhome.rpy,5529,[what]
News_HeadHome_7304c65a,,"He begins to moan, and occationally twitch his food, when you tickle him with your tongue.",game/tl/deutsch/scene/News/news_headhome.rpy,5535,[what]
News_HeadHome_5696292f,,"His other feet, still covered in cum, begins to gently touch and squeeze your crotch.",game/tl/deutsch/scene/News/news_headhome.rpy,5541,[what]
News_HeadHome_e04846f1,,"The more you lick his feet clean, the more Ron begins to struggle against his restrains.",game/tl/deutsch/scene/News/news_headhome.rpy,5547,[what]
News_HeadHome_e00247ae,,You can tell Ron wants nothing more right now other than to jerk himsell off.,game/tl/deutsch/scene/News/news_headhome.rpy,5553,[what]
News_HeadHome_298889e1,,"His toes try to grab your dick, and you have a hard time preventing his other feet to accidentally kick you in the face, while Ron fights his restrains.",game/tl/deutsch/scene/News/news_headhome.rpy,5559,[what]
News_HeadHome_0d9b6566,,"Just when you are about to swallow the last drop of your own cum, you can tell Ron is about to cum.",game/tl/deutsch/scene/News/news_headhome.rpy,5565,[what]
News_HeadHome_0aec0103,,"His movement is even more spastic now, and his nostrils makes noticable sounds while he struggles to breath enough air in.",game/tl/deutsch/scene/News/news_headhome.rpy,5571,[what]
News_HeadHome_28d94f27,,"You watch with fascination as his little panties become visibly wet, as Ron is cumming.",game/tl/deutsch/scene/News/news_headhome.rpy,5577,[what]
News_HeadHome_1a676d62,,"Once you're done, the Headmaster lets out a dry chuckle.",game/tl/deutsch/scene/News/news_headhome.rpy,5583,[what]
News_HeadHome_07ad90cb,h,"Both of you, please...join me over here.",game/tl/deutsch/scene/News/news_headhome.rpy,5589,"h ""[what]"""
News_HeadHome_31517a8b,,"As you help the still restrained Ron up from the couch, you see the Headmaster gesturing to the floor in front of him.",game/tl/deutsch/scene/News/news_headhome.rpy,5595,[what]
News_HeadHome_39a98815,,He leaves no question about what he wants from you both now.,game/tl/deutsch/scene/News/news_headhome.rpy,5601,[what]
News_HeadHome_d551c373,,"He lets his robe fall to the ground, presenting the headmaster completely naked - and with his big cock full erected.",game/tl/deutsch/scene/News/news_headhome.rpy,5607,[what]
News_HeadHome_ae379743,,"You see his cock, protruding outward and twitching occasionally as he eagerly beckons the two of you over.",game/tl/deutsch/scene/News/news_headhome.rpy,5613,[what]
News_HeadHome_42238b70,,"Ron's eyes are wide, but he follows you submissively as you get on your knees right in front of your Headmaster.",game/tl/deutsch/scene/News/news_headhome.rpy,5619,[what]
News_HeadHome_1397328c,,"Now, the rock-hard shaft sits right between your face and Ron's, nearly touching both of your cheeks.",game/tl/deutsch/scene/News/news_headhome.rpy,5625,[what]
News_HeadHome_16058a35,,What a sight for the Headmaster to behold...,game/tl/deutsch/scene/News/news_headhome.rpy,5631,[what]
News_HeadHome_2be348ba,,"Two boys at his feet, with one restrained, and both of them are willing to serve him however he wants.",game/tl/deutsch/scene/News/news_headhome.rpy,5637,[what]
News_HeadHome_0c15a316,,"That smirk reappears across his face, and he shakes his head slowly in disbelief.",game/tl/deutsch/scene/News/news_headhome.rpy,5643,[what]
News_HeadHome_db2a094b,h,"Quite the perks I have, with my position...",game/tl/deutsch/scene/News/news_headhome.rpy,5649,"h ""[what]"""
News_HeadHome_c962c361,,"His gaze then turns to Ron, running his thumb over the tape stretched across his cheek.",game/tl/deutsch/scene/News/news_headhome.rpy,5655,[what]
News_HeadHome_e61a089e,h,"It's a shame we don't have access to that mouth of yours, Ronald...",game/tl/deutsch/scene/News/news_headhome.rpy,5661,"h ""[what]"""
News_HeadHome_d012a3a1,h,"It would be very useful in...this kind of housework, don't you think?",game/tl/deutsch/scene/News/news_headhome.rpy,5667,"h ""[what]"""
News_HeadHome_a5b4d376,,"As he speaks, the Headmaster starts running his dick along the covered mouth of Ron.",game/tl/deutsch/scene/News/news_headhome.rpy,5673,[what]
News_HeadHome_e601feaa,,"He slides his shaft along the length of the duct tape, rubbing it all across the gagged face of the boy.",game/tl/deutsch/scene/News/news_headhome.rpy,5679,[what]
News_HeadHome_5d91c5c8,,"And since Ron can only breathe through his nose, the Headmaster ensures he's made to take a few deep sniffs of his erection.",game/tl/deutsch/scene/News/news_headhome.rpy,5685,[what]
News_HeadHome_5685ff85,,"You clench your fists as you watch this, forcing yourself to remain quiet as he drags his cock across Ron's innocent expression.",game/tl/deutsch/scene/News/news_headhome.rpy,5691,[what]
News_HeadHome_f9120773,,"Once he's done embarrassing him, the Headmaster pulls his manhood back to the center of you both.",game/tl/deutsch/scene/News/news_headhome.rpy,5697,[what]
News_HeadHome_cf5b98f8,h,"Do you want your mouth free for my cock, Ronald?",game/tl/deutsch/scene/News/news_headhome.rpy,5703,"h friendly ""[what]"""
News_HeadHome_c970c147,h,"I mean, how else could you service me like this?",game/tl/deutsch/scene/News/news_headhome.rpy,5709,"h ""[what]"""
News_HeadHome_8dea6be3,,"Ron glances at you nervously, before looking up at the Headmaster and nodding quickly, his voice muffled by the tape.",game/tl/deutsch/scene/News/news_headhome.rpy,5715,[what]
News_HeadHome_23b4a859,,The Headmaster laughs.,game/tl/deutsch/scene/News/news_headhome.rpy,5721,[what]
News_HeadHome_379d6d6d,h,Then...beg for it.,game/tl/deutsch/scene/News/news_headhome.rpy,5727,"h evil ""[what]"""
News_HeadHome_c3ca0e6f,c,"Headmaster, just let me-!",game/tl/deutsch/scene/News/news_headhome.rpy,5733,"c sad ""[what]"""
News_HeadHome_5c9fa921,,"Ron whimpers loudly behind his gag, looking up at the man before you and him with pleading eyes.",game/tl/deutsch/scene/News/news_headhome.rpy,5739,[what]
News_HeadHome_d3f0c3b9,,"He even rubs his head affectionately against the stiffened cock before him, similarly to how a cat would nuzzle its owner.",game/tl/deutsch/scene/News/news_headhome.rpy,5745,[what]
News_HeadHome_f1cced33,,"A shiver runs through your body as you watch this, and the Headmaster seems very pleased.",game/tl/deutsch/scene/News/news_headhome.rpy,5751,[what]
News_HeadHome_85f374c8,h,"Good boy, Ronald...",game/tl/deutsch/scene/News/news_headhome.rpy,5757,"h happy ""[what]"""
News_HeadHome_a990d395,h,"[name], carefully remove the tape so we can grant young Ronald's wish to assist you.",game/tl/deutsch/scene/News/news_headhome.rpy,5763,"h neutral ""[what]"""
News_HeadHome_dd04cb37,,"You try to be as careful as possible slowly unwraping the tape around Ron's face, though you had to pull out some of his backhair, which got caught by the tape's glue.",game/tl/deutsch/scene/News/news_headhome.rpy,5769,[what]
News_HeadHome_fffb02a4,r,Outch!,game/tl/deutsch/scene/News/news_headhome.rpy,5775,"r angry ""[what]"""
News_HeadHome_d421fcd5,c,Sorry Ron.,game/tl/deutsch/scene/News/news_headhome.rpy,5781,"c sad ""[what]"""
News_HeadHome_1a6cf04c,,"Once the tape is gone, Ron immediately looks to the Headmaster's manhood jutting out in front of him.",game/tl/deutsch/scene/News/news_headhome.rpy,5787,[what]
News_HeadHome_43864638,h,"Come on now, Ronald. And be gentle.",game/tl/deutsch/scene/News/news_headhome.rpy,5793,"h desire ""[what]"""
News_HeadHome_38d97e71,,"His eyes are full of some energetic fascination, some cross between the lust of the moment and the fear of the Headmaster.",game/tl/deutsch/scene/News/news_headhome.rpy,5799,[what]
News_HeadHome_4153380b,,The headmaster places his dick right before Ron's mouth.,game/tl/deutsch/scene/News/news_headhome.rpy,5805,[what]
News_HeadHome_f1f4b0fc,,"Before you know, Ron leans himself forward to press his mouth against the man's cock.",game/tl/deutsch/scene/News/news_headhome.rpy,5811,[what]
News_HeadHome_0b194ecc,,"He hesitates for a moment, then slowly opens his mouth, and the headmaster pushes forward.",game/tl/deutsch/scene/News/news_headhome.rpy,5817,[what]
News_HeadHome_cd39119e,,"Soon enough, Ron's small mouth opens at the tip and starts moving downward, finally drawing a moan out of the Headmaster.",game/tl/deutsch/scene/News/news_headhome.rpy,5823,[what]
News_HeadHome_642a3524,,"It elicits a similar sound from Ron, going as far as he can toward the base before gagging and pulling himself back.",game/tl/deutsch/scene/News/news_headhome.rpy,5829,[what]
News_HeadHome_43bfc814,h,"Gentle! Oh yes, that's it!",game/tl/deutsch/scene/News/news_headhome.rpy,5835,"h desire ""[what]"""
News_HeadHome_1e3abaac,,"Tracking the movements of his lips and jaw, you can tell he's eagerly sucking and swirling his tongue around the man.",game/tl/deutsch/scene/News/news_headhome.rpy,5841,[what]
News_HeadHome_f0602f56,,"His hips moved forward and back, and each time he pushed a little bit deeper into Ron's mouth.",game/tl/deutsch/scene/News/news_headhome.rpy,5847,[what]
News_HeadHome_3c55f488,,"As Ron realizes his skills may not be sufficient, he tries to work up a steady pace of what he can accomplish.",game/tl/deutsch/scene/News/news_headhome.rpy,5853,[what]
News_HeadHome_04edd8ce,,"Alternating between the deepthroating attempts and the shaft work taken up by his lips and tongue,",game/tl/deutsch/scene/News/news_headhome.rpy,5859,[what]
News_HeadHome_03e123f1,,"Ron amorously pleasures the cock of your Headmaster, letting out vibrating moans as he works.",game/tl/deutsch/scene/News/news_headhome.rpy,5865,[what]
News_HeadHome_808520d3,,"Your eyes once again move to the bulge in the panties of your friend's 'uniform,' spotting the twitching erection captive beneath the material.",game/tl/deutsch/scene/News/news_headhome.rpy,5871,[what]
News_HeadHome_62f21b77,,"Without thinking, you find yourself pushing yourself forward, pushing your own lips and tongue against the Headmaster.",game/tl/deutsch/scene/News/news_headhome.rpy,5877,[what]
News_HeadHome_323be602,,He grunts as you start to stimulate him further by licking his shaft and balls.,game/tl/deutsch/scene/News/news_headhome.rpy,5883,[what]
News_HeadHome_0a50065b,,"As Ron wraps his lips around the side of the shaft and licks the underside, your mouth meets his.",game/tl/deutsch/scene/News/news_headhome.rpy,5889,[what]
News_HeadHome_99bab1a0,,"You lap your tongue against Ron's, pressing your lips to his (and the Headmaster's outstretched member that lays between them).",game/tl/deutsch/scene/News/news_headhome.rpy,5895,[what]
News_HeadHome_6cb5604c,,"There's passion behind your movements, the lust of your kiss making the Headmaster throw his head back in ecstasy.",game/tl/deutsch/scene/News/news_headhome.rpy,5901,[what]
News_HeadHome_42a8f30b,,"His hands quickly move to the back of your head's, keeping you in place and entrapping you within your own pleasure with Ron.",game/tl/deutsch/scene/News/news_headhome.rpy,5907,[what]
News_HeadHome_2985360d,,"As Ron moans and you both suckle and lick along the Headmaster's member,",game/tl/deutsch/scene/News/news_headhome.rpy,5913,[what]
News_HeadHome_7ae10817,,"You reach your hand over and get a grip on the fabric over Ron's crotch, getting a grip on the dick underneath.",game/tl/deutsch/scene/News/news_headhome.rpy,5919,[what]
News_HeadHome_1ddef896,,"Ron whines loudly in approval, clearly desperate for this sort of attention.",game/tl/deutsch/scene/News/news_headhome.rpy,5925,[what]
News_HeadHome_5bd1984c,,"You start fondling Ron through his undergarments, making his mouth move with an added intensity.",game/tl/deutsch/scene/News/news_headhome.rpy,5931,[what]
News_HeadHome_c0e992a9,h,"Ahh, yes...let him join in the fun...",game/tl/deutsch/scene/News/news_headhome.rpy,5937,"h desire ""[what]"""
News_HeadHome_b92d842d,,"As your mind and body are both twisted into the whirlwind of the moment, you feel yourself pulling Ron's panties to the side.",game/tl/deutsch/scene/News/news_headhome.rpy,5943,[what]
News_HeadHome_b0634fe9,,"You get a firm grip on his naked shaft, pumping it with all the energy you can muster.",game/tl/deutsch/scene/News/news_headhome.rpy,5949,[what]
News_HeadHome_8580f488,,"The sensation of skin upon skin like this only intensifies Ron's arousal, boosting the volume of his noises considerably.",game/tl/deutsch/scene/News/news_headhome.rpy,5955,[what]
News_HeadHome_f32dfd2f,,"When the Headmaster begins thrusting his rock-hard manhood between the lips on either side,",game/tl/deutsch/scene/News/news_headhome.rpy,5961,[what]
News_HeadHome_ab780c39,,"Ron follows his lead in kind, swaying his hips so his cock thrusts in and out of your grip.",game/tl/deutsch/scene/News/news_headhome.rpy,5967,[what]
News_HeadHome_57ca36d4,,"Now you even hear yourself moaning, your mouth and hand working carnally to pleasure the dicks of both men.",game/tl/deutsch/scene/News/news_headhome.rpy,5973,[what]
News_HeadHome_ddb6dcc0,,"This lust-filled mind haze is interrupted once the Headmaster's warm seed spurts out, coating the faces of you and Ron in sticky white cum.",game/tl/deutsch/scene/News/news_headhome.rpy,5979,[what]
News_HeadHome_1c796356,,"Globs paint your lips and cheeks, leaving you both covered.",game/tl/deutsch/scene/News/news_headhome.rpy,5985,[what]
News_HeadHome_d4622d72,,"It isn't long before Ron is shooting into your hand, pushed over the edge by your constant pumping and the Headmaster's sweaty scent filling his nostrils.",game/tl/deutsch/scene/News/news_headhome.rpy,5991,[what]
News_HeadHome_57ebc7df,,Ropes of your friend's cum have your hand similarly splattered all over.,game/tl/deutsch/scene/News/news_headhome.rpy,5997,[what]
News_HeadHome_7d85bc0a,,"When you finally look up, you are greeted with the heavy breathing and sly smile of the Headmaster.",game/tl/deutsch/scene/News/news_headhome.rpy,6003,[what]
News_HeadHome_03c51ad1,,"His eyes stare down at the scene before him, almost like they're attempting to memorize the immage you and Ron have created at his feet.",game/tl/deutsch/scene/News/news_headhome.rpy,6009,[what]
News_HeadHome_1cf8f9c6,,"You feel his hand petting your head, as it does Ron's, as he says,",game/tl/deutsch/scene/News/news_headhome.rpy,6015,[what]
News_HeadHome_eac16422,h,"That...was superb service, from both of you.",game/tl/deutsch/scene/News/news_headhome.rpy,6021,"h friendly ""[what]"""
News_HeadHome_2a370daa,h,I couldn't be more impressed.,game/tl/deutsch/scene/News/news_headhome.rpy,6027,"h happy ""[what]"""
News_HeadHome_e80fa23c,,This is just the moment when the door burst open - and his wife is standing in the doorframe.,game/tl/deutsch/scene/News/news_headhome.rpy,6033,[what]
News_HeadHome_3dba3568,m,What on earth is going on here?,game/tl/deutsch/scene/News/news_headhome.rpy,6039,"m angry ""[what]"""
News_HeadHome_a769d2ef,,"The woman's voice was sharp and cold, her eyes narrowing as she took in the bizarre scene before her.",game/tl/deutsch/scene/News/news_headhome.rpy,6045,[what]
News_HeadHome_a7ad573d,h,Darling! I didn't expect you home so soon.,game/tl/deutsch/scene/News/news_headhome.rpy,6051,"h neutral ""[what]"""
News_HeadHome_13a03724,,"A deafening silence followed, broken only by the ticking of the clock.",game/tl/deutsch/scene/News/news_headhome.rpy,6057,[what]
News_HeadHome_8c8b7a2e,,"You could feel the weight of her gaze as she scrutinized you and Ron, your faces burning with embarrassment.",game/tl/deutsch/scene/News/news_headhome.rpy,6063,[what]
News_HeadHome_525e4711,,Somehow this felt more embarrassing than the whole wrestling-situation.,game/tl/deutsch/scene/News/news_headhome.rpy,6069,[what]
News_HeadHome_698d710a,,"The headmaster's wife stood frozen, her mouth agape as she took in the sight of Ron and Connor in their humiliating attire.",game/tl/deutsch/scene/News/news_headhome.rpy,6075,[what]
News_HeadHome_9d78decc,,"Her eyes were wide with disbelief, a storm brewing behind them.",game/tl/deutsch/scene/News/news_headhome.rpy,6081,[what]
News_HeadHome_a8c326eb,m,I told you: No more pets!,game/tl/deutsch/scene/News/news_headhome.rpy,6087,"m ""[what]"""
News_HeadHome_562814d8,h,She is no pet!,game/tl/deutsch/scene/News/news_headhome.rpy,6093,"h sad ""[what]"""
News_HeadHome_e8e38603,h,Look! She is maiden!,game/tl/deutsch/scene/News/news_headhome.rpy,6099,"h friendly ""[what]"""
News_HeadHome_85249e63,m,And above all:,game/tl/deutsch/scene/News/news_headhome.rpy,6105,"m ""[what]"""
News_HeadHome_e71ccb43,,She was screaming the next words.,game/tl/deutsch/scene/News/news_headhome.rpy,6111,[what]
News_HeadHome_0cc5195e,m,NO OTHER WOMEN!,game/tl/deutsch/scene/News/news_headhome.rpy,6117,"m ""[what]"""
News_HeadHome_220bfd77,h,"Well, she is not really a woman...",game/tl/deutsch/scene/News/news_headhome.rpy,6123,"h suspicious ""[what]"""
News_HeadHome_3a98f8ac,,"His wife's nostrils flared, her cheeks flushed with anger as she looked past her husband to you and Ron.",game/tl/deutsch/scene/News/news_headhome.rpy,6129,[what]
News_HeadHome_2ccebf49,,"Your faces burned, your hearts thudding painfully in your chests, praying for any kind of reprieve from this nightmare.",game/tl/deutsch/scene/News/news_headhome.rpy,6135,[what]
News_HeadHome_657e912f,m,Get out!,game/tl/deutsch/scene/News/news_headhome.rpy,6141,"m ""[what]"""
News_HeadHome_048cf380,,"She finally hissed, pointing a trembling finger towards the door.",game/tl/deutsch/scene/News/news_headhome.rpy,6147,[what]
News_HeadHome_88746d30,m,Both of you.,game/tl/deutsch/scene/News/news_headhome.rpy,6153,"m ""[what]"""
News_HeadHome_c044aaa5,h,"Please, just give me a chance to—",game/tl/deutsch/scene/News/news_headhome.rpy,6159,"h sad ""[what]"""
News_HeadHome_31c96a84,,"The headmaster began, but his wife cut him off with a glare that could have frozen a flame.",game/tl/deutsch/scene/News/news_headhome.rpy,6165,[what]
News_HeadHome_30061889,m,Go!,game/tl/deutsch/scene/News/news_headhome.rpy,6171,"m angry ""[what]"""
News_HeadHome_37fd26d9,,She seethed.,game/tl/deutsch/scene/News/news_headhome.rpy,6177,[what]
News_HeadHome_e0ed82b3,m,Now!,game/tl/deutsch/scene/News/news_headhome.rpy,6183,"m ""[what]"""
News_HeadHome_60e3e2fc,,"You exchanged a panicked glance with Ron before getting on your feet, and free Ron from his restrains.",game/tl/deutsch/scene/News/news_headhome.rpy,6189,[what]
News_HeadHome_0fde26f9,,"Ron hastily trying to smear the cum off his face, while you just manage to grap the underwear lying on the floor, as you both dashed towards the exit, ...",game/tl/deutsch/scene/News/news_headhome.rpy,6195,[what]
News_HeadHome_a5f41151,,... desperate to escape the headmaster's home before things spiraled even further out of control.,game/tl/deutsch/scene/News/news_headhome.rpy,6201,[what]
News_HeadHome_a9c366dc,,"Humiliation clawed at your insides as you stumbled through the front door, Ron following close behind.",game/tl/deutsch/scene/News/news_headhome.rpy,6207,[what]
News_HeadHome_e0690175,,"The weight of their embarrassment felt unbearable, like an anchor dragging them down with each step they took.",game/tl/deutsch/scene/News/news_headhome.rpy,6213,[what]
News_HeadHome_57bfbce1,,"They dared not look back, fearing the fury in the headmaster's wife's eyes.",game/tl/deutsch/scene/News/news_headhome.rpy,6219,[what]
News_HeadHome_3b6c6690,c,Can't believe this is happening.,game/tl/deutsch/scene/News/news_headhome.rpy,6225,"c sad ""[what]"""
News_HeadHome_761000e2,r,Tell me about it.,game/tl/deutsch/scene/News/news_headhome.rpy,6231,"r sad ""[what]"""
News_HeadHome_13755de6,,"Ron whispered back, acutely aware of how the maiden-dress clung to his skin, making him feel exposed and vulnerable.",game/tl/deutsch/scene/News/news_headhome.rpy,6237,[what]
News_Headhome_Bus_78eb1562,,"With each step, the laughter and whispers of onlookers seemed to grow louder, making Ron and Connor's wait at the bus stop almost unbearable.",game/tl/deutsch/scene/News/news_headhome_bus.rpy,7,[what]
News_Headhome_Bus_a512edb3,,"Huddled together under the dim streetlight, they did their best to avoid eye contact with strangers, as if somehow that would make them invisible.",game/tl/deutsch/scene/News/news_headhome_bus.rpy,13,[what]
News_Headhome_Bus_ec5c196f,r,Can't believe this is happening!,game/tl/deutsch/scene/News/news_headhome_bus.rpy,19,"r angry ""[what]"""
News_Headhome_Bus_caa6dd8e,,"Ron muttered, fidgeting with the hem of the maiden-dress as he stared down at his feet.",game/tl/deutsch/scene/News/news_headhome_bus.rpy,25,[what]
News_Headhome_Bus_6cd5565b,c,"Well, it was pretty intense until the mistress showed up.",game/tl/deutsch/scene/News/news_headhome_bus.rpy,31,"c flirt ""[what]"""
News_Headhome_Bus_c2ea46c6,r,"\""Intense\"" it was for sure.",game/tl/deutsch/scene/News/news_headhome_bus.rpy,37,"r suspicious ""[what]"""
News_Headhome_Bus_8fcdeed0,r,And also hot!,game/tl/deutsch/scene/News/news_headhome_bus.rpy,43,"r flirt ""[what]"""
News_Headhome_Bus_043ef9ae,c,I am glad you enjoyed it.,game/tl/deutsch/scene/News/news_headhome_bus.rpy,49,"c friendly ""[what]"""
News_Headhome_Bus_42f053c0,c,I wasn't so sure you would.,game/tl/deutsch/scene/News/news_headhome_bus.rpy,55,"c suspicious ""[what]"""
News_Headhome_Bus_971dae45,r,Don't worry about me!,game/tl/deutsch/scene/News/news_headhome_bus.rpy,61,"r happy ""[what]"""
News_Headhome_Bus_cbad4954,r,I would like to skip this part though.,game/tl/deutsch/scene/News/news_headhome_bus.rpy,67,"r sad ""[what]"""
News_Headhome_Bus_8fc64fac,c,Me too!,game/tl/deutsch/scene/News/news_headhome_bus.rpy,73,"c sad ""[what]"""
News_Headhome_Bus_5337a1bd,,"You take a deep breath, and become aware of your surrounding again.",game/tl/deutsch/scene/News/news_headhome_bus.rpy,79,[what]
News_Headhome_Bus_e0224be1,c,Me too.,game/tl/deutsch/scene/News/news_headhome_bus.rpy,85,"c ""[what]"""
News_Headhome_Bus_6b9642fb,r,All because of the headmaster's twisted game.,game/tl/deutsch/scene/News/news_headhome_bus.rpy,91,"r angry ""[what]"""
News_Headhome_Bus_edb5c6fe,,You clenched your fists and kept your gaze locked onto the pavement.,game/tl/deutsch/scene/News/news_headhome_bus.rpy,97,[what]
News_Headhome_Bus_87259b92,c,I know. But we can't let him win. We have to stay strong.,game/tl/deutsch/scene/News/news_headhome_bus.rpy,103,"c angry ""[what]"""
News_Headhome_Bus_0c9fa23c,,"For a moment, you both fell silent, lost in your own thoughts.",game/tl/deutsch/scene/News/news_headhome_bus.rpy,109,[what]
News_Headhome_Bus_7f8f28ae,,"You could feel the weight of the stares, the humiliation settling deep within your bones.",game/tl/deutsch/scene/News/news_headhome_bus.rpy,115,[what]
News_Headhome_Bus_34058fdf,,"And yet, there was an odd comfort in knowing you weren't alone in your suffering.",game/tl/deutsch/scene/News/news_headhome_bus.rpy,121,[what]
News_Headhome_Bus_1728d35c,r,Bus is coming!,game/tl/deutsch/scene/News/news_headhome_bus.rpy,127,"r neutral ""[what]"""
News_Headhome_Bus_d4d63e07,,"As the bus pulled up to the stop, the doors opened with a hiss, revealing a handful of passengers already inside.",game/tl/deutsch/scene/News/news_headhome_bus.rpy,133,[what]
News_Headhome_Bus_54328808,,"You and Ron shared a brief, nervous glance before stepping aboard, their heads bowed low to avoid drawing any more attention than necessary.",game/tl/deutsch/scene/News/news_headhome_bus.rpy,139,[what]
News_Headhome_Bus_063871f3,bus,Nice outfits!,game/tl/deutsch/scene/News/news_headhome_bus.rpy,145,"bus ""[what]"""
News_Headhome_Bus_cd7c750b,,"The bus driver smirked, his eyes flicking between them as they handed over their fare.",game/tl/deutsch/scene/News/news_headhome_bus.rpy,151,[what]
News_Headhome_Bus_0af11d13,,"Ron forced a tight-lipped smile, while you merely nodded, eager to find your seats and disappear from view.",game/tl/deutsch/scene/News/news_headhome_bus.rpy,157,[what]
News_Headhome_Bus_b35a73f7,,"You shuffled down the aisle, feeling the curious gazes of the other passengers boring into your backs.",game/tl/deutsch/scene/News/news_headhome_bus.rpy,163,[what]
News_Headhome_Bus_9bcc9e77,,"Every step felt like a mile, their embarrassment only growing as you searched for empty seats.",game/tl/deutsch/scene/News/news_headhome_bus.rpy,169,[what]
News_Headhome_Bus_6716070c,r,Here.,game/tl/deutsch/scene/News/news_headhome_bus.rpy,175,"r ""[what]"""
News_Headhome_Bus_dff8a6ff,,"Ron whispered, gesturing toward a pair of vacant spots near the back of the bus.",game/tl/deutsch/scene/News/news_headhome_bus.rpy,181,[what]
News_Headhome_Bus_374bf940,,"They slid into their seats, Ron pulling the maiden-dress close to his body.",game/tl/deutsch/scene/News/news_headhome_bus.rpy,187,[what]
News_Headhome_Bus_518a3683,,"A stranger next to you took out his dick and started stroking it, while fixating you.",game/tl/deutsch/scene/News/news_headhome_bus.rpy,193,[what]
News_Headhome_Bus_093d7773,,You avoided eye contact and pretended not to notice it.,game/tl/deutsch/scene/News/news_headhome_bus.rpy,199,[what]
News_Headhome_Bus_5c821a3c,,Ron has also noticed it.,game/tl/deutsch/scene/News/news_headhome_bus.rpy,205,[what]
News_Headhome_Bus_79ccfec1,r,Can't wait to get out of this!,game/tl/deutsch/scene/News/news_headhome_bus.rpy,211,"r sad ""[what]"""
News_Headhome_Bus_04d9b71d,,"You nodded in agreement, your eyes fixated on the window, watching the world go by as they both longed for the safety and privacy of your dorm room.",game/tl/deutsch/scene/News/news_headhome_bus.rpy,217,[what]
News_Headhome_Bus_1e5ee608,,"The bus rumbled down the road, its vibrations reverberating through Ron's bones as he stared blankly at the floor.",game/tl/deutsch/scene/News/news_headhome_bus.rpy,223,[what]
News_Headhome_Bus_afa2462e,,"The shuffling of feet and rustling of clothing filled the air, punctuated by the wheezing of the engine.",game/tl/deutsch/scene/News/news_headhome_bus.rpy,229,[what]
News_Headhome_Bus_70204264,,"Ron fidgeted beside him, tugging at his maiden skirt and adjusting the collar.",game/tl/deutsch/scene/News/news_headhome_bus.rpy,235,[what]
News_Headhome_Bus_00005e7e,c,Feels like we're wearing targets.,game/tl/deutsch/scene/News/news_headhome_bus.rpy,241,"c suspicious ""[what]"""
News_Headhome_Bus_39ed9f01,,"Ron nodded, his fingers digging into the folds of the maiden-dress in the futile attempt to cover a little more of his exposed skin.",game/tl/deutsch/scene/News/news_headhome_bus.rpy,247,[what]
News_Headhome_Bus_36fed355,woman,Look!,game/tl/deutsch/scene/News/news_headhome_bus.rpy,253,"woman ""[what]"""
News_Headhome_Bus_bb534b0b,,"A woman across the aisle hissed to her friend, not even attempting to keep her voice down.",game/tl/deutsch/scene/News/news_headhome_bus.rpy,259,[what]
News_Headhome_Bus_5d3ccda4,woman,Must've been some kind of costume party.,game/tl/deutsch/scene/News/news_headhome_bus.rpy,265,"woman ""[what]"""
News_Headhome_Bus_87419133,man,Or a bet gone wrong.,game/tl/deutsch/scene/News/news_headhome_bus.rpy,271,"man ""[what]"""
News_Headhome_Bus_d67ca494,,"Her companion snickered. Ron clenched his jaw, his cheeks burning with shame.",game/tl/deutsch/scene/News/news_headhome_bus.rpy,277,[what]
News_Headhome_Bus_c7c55de0,c,Best just to ignore them!,game/tl/deutsch/scene/News/news_headhome_bus.rpy,283,"c tough ""[what]"""
News_Headhome_Bus_8ee027e4,,"Ron knew you were right, but it was hard to focus on anything other than the weight of their gazes and the humiliation that followed them like a shadow.",game/tl/deutsch/scene/News/news_headhome_bus.rpy,289,[what]
News_Headhome_Bus_c3ebcfe4,r,Almost home.,game/tl/deutsch/scene/News/news_headhome_bus.rpy,295,"r neutral ""[what]"""
News_Headhome_Bus_6408316e,,"Ron murmured, stealing a glance out the window as their dormitory came into view.",game/tl/deutsch/scene/News/news_headhome_bus.rpy,301,[what]
News_Headhome_Bus_2bc452d8,r,Let's just hope Julian isn't there.,game/tl/deutsch/scene/News/news_headhome_bus.rpy,307,"r sad ""[what]"""
News_Headhome_Bus_de7bb127,c,I am sure he would understand.,game/tl/deutsch/scene/News/news_headhome_bus.rpy,313,"c tough ""[what]"""
News_Headhome_Bus_4b7d625e,c,"I wonder if he had to take the bus once, dressed as a dog!",game/tl/deutsch/scene/News/news_headhome_bus.rpy,319,"c evil ""[what]"""
News_Headhome_Bus_1726557b,,Ron laughed.,game/tl/deutsch/scene/News/news_headhome_bus.rpy,325,[what]
News_Headhome_Bus_c4ff3e00,r,"With the \""tail\"" up his ass!",game/tl/deutsch/scene/News/news_headhome_bus.rpy,331,"r laugh ""[what]"""
News_Headhome_Bus_2685bf0f,,"You both laugh for a moment, releasing a lot of the tension.",game/tl/deutsch/scene/News/news_headhome_bus.rpy,337,[what]
News_Headhome_Bus_62c008de,,All of a sudden the looks and whispers are not important anymore.,game/tl/deutsch/scene/News/news_headhome_bus.rpy,343,[what]
News_Headhome_Bus_d3a11cff,a,You have unlocked a gallery item,game/tl/deutsch/scene/News/news_headhome_bus.rpy,349,"a happy ""[what]"""
News_Headhome_Bus_ce4a4b17,r,[RelVal],game/tl/deutsch/scene/News/news_headhome_bus.rpy,355,"r happy ""[what]"""
News_Headhome_Bus_0b48c548,,"As the bus finally rolled to a stop in front of their dorm, you and Ron rose from their seats.",game/tl/deutsch/scene/News/news_headhome_bus.rpy,361,[what]
News_Headhome_Bus_4b4ebd1c,,"You hurried down the aisle, their steps quickening as you neared the exit.",game/tl/deutsch/scene/News/news_headhome_bus.rpy,367,[what]
News_Headhome_Bus_349ff8c7,,"The moment the doors swung open, they stepped off the bus and into the cool night air, grateful for the respite from prying eyes.",game/tl/deutsch/scene/News/news_headhome_bus.rpy,373,[what]
News_HeadHome_decision_1801d5d7,,"As you stepped out onto the street with Ron, a few people couldn't help but pause and take in your unique attire.",game/tl/deutsch/scene/News/news_headhome_decision.rpy,7,[what]
News_HeadHome_decision_a35d7320,,"Some chuckled under their breath, while others raised curious eyebrows.",game/tl/deutsch/scene/News/news_headhome_decision.rpy,13,[what]
News_HeadHome_decision_d845cb0d,,"You could feel the weight of their stares and whispers, making your cheeks flush with self-consciousness.",game/tl/deutsch/scene/News/news_headhome_decision.rpy,19,[what]
News_HeadHome_decision_7bed6852,,"Despite trying to ignore them, it was impossible not to hear the mocking comments and see the judgemental looks directed your way.",game/tl/deutsch/scene/News/news_headhome_decision.rpy,25,[what]
News_HeadHome_decision_a94e4264,,"Ron also seemed tense and distant by your side, likely feeling the pressure of being associated with your unconventional fashion choices.",game/tl/deutsch/scene/News/news_headhome_decision.rpy,31,[what]
News_HeadHome_decision_1d6191e1,,"As you make your way through the more and more lonely streets, the dim glow of the streetlamps casts eerie shadows across the cobblestone pavement.",game/tl/deutsch/scene/News/news_headhome_decision.rpy,37,[what]
News_HeadHome_decision_e98fe821,,"The fog begins to thicken, creeping in from the edges of the park like tendrils of smoke.",game/tl/deutsch/scene/News/news_headhome_decision.rpy,43,[what]
News_HeadHome_decision_e98b03df,c,The dorm is not far. We could walk back.,game/tl/deutsch/scene/News/news_headhome_decision.rpy,49,"c suspicious ""[what]"""
News_HeadHome_decision_c4d49af6,r,"Yes, but then we would have to cross the park.",game/tl/deutsch/scene/News/news_headhome_decision.rpy,55,"r nervous ""[what]"""
News_HeadHome_decision_6cc1ef2e,r,Who knows who we meet there!,game/tl/deutsch/scene/News/news_headhome_decision.rpy,61,"r ""[what]"""
News_HeadHome_decision_af83aad5,c,"And dressed like this, he might get the wrong idea.",game/tl/deutsch/scene/News/news_headhome_decision.rpy,67,"c ""[what]"""
News_HeadHome_decision_6c0b0aea,c,We could take the bus...,game/tl/deutsch/scene/News/news_headhome_decision.rpy,73,"c neutral ""[what]"""
News_HeadHome_decision_2c2bb7d1,r,Where people will most certainly see us - dressed like that.,game/tl/deutsch/scene/News/news_headhome_decision.rpy,79,"r sad ""[what]"""
News_HeadHome_decision_b9b81dbd,c,If they let uns in the bus at all...,game/tl/deutsch/scene/News/news_headhome_decision.rpy,85,"c sad ""[what]"""
News_HeadHome_decision_f2e87296,r,Damn headmaster and his stupid wife!,game/tl/deutsch/scene/News/news_headhome_decision.rpy,91,"r angry ""[what]"""
News_HeadHome_Leave_1ac89e7f,c,You know what?,game/tl/deutsch/scene/News/news_headhome_leave.rpy,7,"c angry ""[what]"""
News_HeadHome_Leave_92f57619,c,Why don't you clean it yourself?,game/tl/deutsch/scene/News/news_headhome_leave.rpy,13,"c ""[what]"""
News_HeadHome_Leave_62d6eaea,h,"I am very disappointed, young man.",game/tl/deutsch/scene/News/news_headhome_leave.rpy,19,"h angry ""[what]"""
News_HeadHome_Leave_e7ec83a7,c,Yeah. Whatever.,game/tl/deutsch/scene/News/news_headhome_leave.rpy,25,"c tough ""[what]"""
News_HeadHome_Leave_bd926d6b,c,"Are you coming, Ron?",game/tl/deutsch/scene/News/news_headhome_leave.rpy,31,"c ""[what]"""
News_HeadHome_Leave_49fed0f7,r,I... I cannot affort to be kicked out!,game/tl/deutsch/scene/News/news_headhome_leave.rpy,37,"r sad ""[what]"""
News_HeadHome_Leave_93ad3c3a,r,"And it is no big deal, right?",game/tl/deutsch/scene/News/news_headhome_leave.rpy,43,"r suspicious ""[what]"""
News_HeadHome_Leave_323bfcca,r,Just some cleaning...,game/tl/deutsch/scene/News/news_headhome_leave.rpy,49,"r neutral ""[what]"""
News_HeadHome_Leave_97d8659d,c,Don't be naive!,game/tl/deutsch/scene/News/news_headhome_leave.rpy,55,"c angry ""[what]"""
News_HeadHome_Leave_cb1a7b9a,h,You heard him!,game/tl/deutsch/scene/News/news_headhome_leave.rpy,61,"h angry ""[what]"""
News_HeadHome_Leave_04c9d135,h,You want to go? Fine. Go.,game/tl/deutsch/scene/News/news_headhome_leave.rpy,67,"h ""[what]"""
News_HeadHome_Leave_ad08b35a,h,But Ron can decide for himself.,game/tl/deutsch/scene/News/news_headhome_leave.rpy,73,"h ""[what]"""
News_HeadHome_Leave_69ee4d9d,h,"He is an adult, after all.",game/tl/deutsch/scene/News/news_headhome_leave.rpy,79,"h ""[what]"""
News_HeadHome_Leave_3b32e524,r,Go. I'll be okay.,game/tl/deutsch/scene/News/news_headhome_leave.rpy,85,"r friendly ""[what]"""
News_HeadHome_Leave_ef367051,c,I won't leave you here! - With him!,game/tl/deutsch/scene/News/news_headhome_leave.rpy,91,"c angry ""[what]"""
News_HeadHome_Leave_538ffcc7,r,Don't worry about me. I will be okay.,game/tl/deutsch/scene/News/news_headhome_leave.rpy,97,"r sad ""[what]"""
News_HeadHome_Leave_94360e9e,h,"I expect you to always act in the best interest of the college, if you want me to let Ron stay.",game/tl/deutsch/scene/News/news_headhome_leave.rpy,103,"h tough ""[what]"""
News_HeadHome_Leave_294c77cb,h,Understood?,game/tl/deutsch/scene/News/news_headhome_leave.rpy,109,"h ""[what]"""
News_HeadHome_Leave_15372dab,c,"Yes, Sir.",game/tl/deutsch/scene/News/news_headhome_leave.rpy,115,"c tough ""[what]"""
News_HeadHome_Leave_d53dbc1e,h,Very well. You may go.,game/tl/deutsch/scene/News/news_headhome_leave.rpy,121,"h friendly ""[what]"""
News_HeadHome_Leave_b19baeeb,h,This is not your decision to make.,game/tl/deutsch/scene/News/news_headhome_leave.rpy,127,"h angry ""[what]"""
News_HeadHome_Leave_52dc158f,h,"And don't be so arrogant, or I might show Ron the video you made of him and Julian!",game/tl/deutsch/scene/News/news_headhome_leave.rpy,133,"h angry ""[what]"""
News_HeadHome_Leave_0628fa71,r,Which video?,game/tl/deutsch/scene/News/news_headhome_leave.rpy,139,"r suspicious ""[what]"""
News_HeadHome_Leave_584463c8,h,"Maybe I should offer Ron some alcohol, like you did on the party.",game/tl/deutsch/scene/News/news_headhome_leave.rpy,145,"h evil ""[what]"""
News_HeadHome_Leave_54a19149,h,It might easen his mood.,game/tl/deutsch/scene/News/news_headhome_leave.rpy,151,"h ""[what]"""
News_HeadHome_Leave_0ef00101,r,I would like a drink!,game/tl/deutsch/scene/News/news_headhome_leave.rpy,157,"r happy ""[what]"""
News_HeadHome_Leave_30128fab,h,See?,game/tl/deutsch/scene/News/news_headhome_leave.rpy,163,"h ""[what]"""
News_HeadHome_Leave_f2eb6f3f,h,Or maybe we should drug our little friend?,game/tl/deutsch/scene/News/news_headhome_leave.rpy,169,"h tough ""[what]"""
News_HeadHome_Leave_28eb4a6c,r,I don't do drugs!,game/tl/deutsch/scene/News/news_headhome_leave.rpy,175,"r suspicious ""[what]"""
News_HeadHome_Leave_19a9a50d,h,"Tell this your \""friend!\""",game/tl/deutsch/scene/News/news_headhome_leave.rpy,181,"h evil ""[what]"""
News_HeadHome_Leave_b832d3ce,r,What is he talking about?,game/tl/deutsch/scene/News/news_headhome_leave.rpy,187,"r ""[what]"""
News_HeadHome_Leave_1a0b47c6,c,Nothing.,game/tl/deutsch/scene/News/news_headhome_leave.rpy,193,"c angry ""[what]"""
News_HeadHome_Leave_bad3b0ad,h,Ron will stay here. You may go if you have to.,game/tl/deutsch/scene/News/news_headhome_leave.rpy,199,"h ""[what]"""
News_HeadHome_Leave_a1b6dec6,r,"It is okay, really.",game/tl/deutsch/scene/News/news_headhome_leave.rpy,205,"r sad ""[what]"""
News_HeadHome_Leave_42ec883c,r,I will be fine.,game/tl/deutsch/scene/News/news_headhome_leave.rpy,211,"r suspicious ""[what]"""
News_HeadHome_Leave_9d5abe6e,c,Are you sure?,game/tl/deutsch/scene/News/news_headhome_leave.rpy,217,"c sad ""[what]"""
News_HeadHome_Leave_c56a7b89,r,"Yes. Go, already!",game/tl/deutsch/scene/News/news_headhome_leave.rpy,223,"r friendly ""[what]"""
News_HeadHome_Leave_de1a2c0a,c,Okay...,game/tl/deutsch/scene/News/news_headhome_leave.rpy,229,"c suspicious ""[what]"""
News_HeadHome_Leave_e62b7d43,c,"Alright, see you later!",game/tl/deutsch/scene/News/news_headhome_leave.rpy,235,"c happy ""[what]"""
News_HeadHome_Leave_f1b2246a,r,Okay.,game/tl/deutsch/scene/News/news_headhome_leave.rpy,241,"r sad ""[what]"""
News_Headhome_Park_9ba91796,,"You try to conceal your unease, eager to leave this humiliating experience behind.",game/tl/deutsch/scene/News/news_headhome_park.rpy,7,[what]
News_Headhome_Park_86d748c1,,"But as you step into the dark expanse of the park, a new sense of dread washes over you.",game/tl/deutsch/scene/News/news_headhome_park.rpy,13,[what]
News_Headhome_Park_c1cbbc5f,,"The once-familiar paths are now obscured by a thick blanket of fog, and the shadows of trees tower above you like menacing apparitions.",game/tl/deutsch/scene/News/news_headhome_park.rpy,19,[what]
News_Headhome_Park_ee6109c8,,"Your heart pounds in your chest, and every rustle of leaves sends a jolt of fear down your spine.",game/tl/deutsch/scene/News/news_headhome_park.rpy,25,[what]
News_Headhome_Park_307c7391,,"Ron's unease is palpable, his fingers gripping the frilly fabric of his maiden costume tightly.",game/tl/deutsch/scene/News/news_headhome_park.rpy,31,[what]
News_Headhome_Park_a45c48cf,,"He reaches out and takes your hand, seeking comfort in your touch.",game/tl/deutsch/scene/News/news_headhome_park.rpy,37,[what]
News_Headhome_Park_ca7f2ada,r,I don't like this.,game/tl/deutsch/scene/News/news_headhome_park.rpy,43,"r nervous ""[what]"""
News_Headhome_Park_3e81a0e2,,"You can't help but agree with him, but there's no turning back now.",game/tl/deutsch/scene/News/news_headhome_park.rpy,49,[what]
News_Headhome_Park_901a6cfe,,"You press on, hoping against hope that the fog will lift and reveal the path to your dormitory.",game/tl/deutsch/scene/News/news_headhome_park.rpy,55,[what]
News_Headhome_Park_7fea5e15,,"Ron moved closer, eyes darting around nervously.",game/tl/deutsch/scene/News/news_headhome_park.rpy,61,[what]
News_Headhome_Park_702f90ab,r,Do you feel like we're being followed?,game/tl/deutsch/scene/News/news_headhome_park.rpy,67,"r nervous ""[what]"""
News_Headhome_Park_0d2a358c,,"You shivered, peering into the gloom.",game/tl/deutsch/scene/News/news_headhome_park.rpy,73,[what]
News_Headhome_Park_d22656f1,c,Let's walk faster.,game/tl/deutsch/scene/News/news_headhome_park.rpy,79,"c suspicious ""[what]"""
News_Headhome_Park_a6cb4d8d,,"The fog grows denser as you make your way through the park, your naked feet getting cold, and numb.",game/tl/deutsch/scene/News/news_headhome_park.rpy,85,[what]
News_Headhome_Park_a26078af,,"With each step, you can't help but think about how absurd you look, dressed as a butler with Ron in his maiden attire.",game/tl/deutsch/scene/News/news_headhome_park.rpy,91,[what]
News_Headhome_Park_b60fbd59,,"You feel utterly exposed, as if the entire world is watching you.",game/tl/deutsch/scene/News/news_headhome_park.rpy,97,[what]
News_Headhome_Park_4e964659,,"As you approach the serene fountain, a figure emerges from behind it, blocking your path.",game/tl/deutsch/scene/News/news_headhome_park.rpy,103,[what]
News_Headhome_Park_85aa3d67,,"The stranger's piercing gaze takes in both of you, a sly smile forming on his lips as he eyes your clothes.",game/tl/deutsch/scene/News/news_headhome_park.rpy,109,[what]
News_Headhome_Park_f103d4d1,man,"Well, well, what have we got here? A couple of whores out for a midnight stroll?",game/tl/deutsch/scene/News/news_headhome_park.rpy,115,"man ""[what]"""
News_Headhome_Park_88d5c888,c,"No, you've got it all wrong. We're not—",game/tl/deutsch/scene/News/news_headhome_park.rpy,121,"c suspicious ""[what]"""
News_Headhome_Park_ef22679a,man,Yeah. Whatever.,game/tl/deutsch/scene/News/news_headhome_park.rpy,127,"man ""[what]"""
News_Headhome_Park_9ce1698d,,He made a dismissive gesture with his hand.,game/tl/deutsch/scene/News/news_headhome_park.rpy,133,[what]
News_Headhome_Park_477a1c71,man,How much will it cost me - for both of you?,game/tl/deutsch/scene/News/news_headhome_park.rpy,139,"man ""[what]"""
News_Headhome_Park_c1edf462,,"He looks down at you, desire sparkling in his eyes.",game/tl/deutsch/scene/News/news_headhome_park.rpy,145,[what]
News_Headhome_Park_0454d2f1,,"You exchange a hesitant glance with Connor, unsure of how to handle this situation. Your heart races at the thought of what this stranger might do if you refuse.",game/tl/deutsch/scene/News/news_headhome_park.rpy,151,[what]
News_Headhome_Park_344b7d17,r,"Look, we're just trying to get back to our dorm.",game/tl/deutsch/scene/News/news_headhome_park.rpy,157,"r nervous ""[what]"""
News_Headhome_Park_7c0c10d1,r,We've had a rough night.,game/tl/deutsch/scene/News/news_headhome_park.rpy,163,"r sad ""[what]"""
News_Headhome_Park_eb58927d,,"The stranger grins wickedly, reaching into his pocket and pulling out a wad of cash, waving it provocatively in front of you.",game/tl/deutsch/scene/News/news_headhome_park.rpy,169,[what]
News_Headhome_Park_b67179b1,man,I'll make it worth your while.,game/tl/deutsch/scene/News/news_headhome_park.rpy,175,"man ""[what]"""
News_Headhome_Park_0c95314d,,"You can see the fear in Ron's eyes, but also a hint of temptation as he glances at the cash.",game/tl/deutsch/scene/News/news_headhome_park.rpy,181,[what]
News_Headhome_Park_7ec4f32c,,"Despite the danger, you know that money could help you both settle in at school and alleviate some of your immediate problems.",game/tl/deutsch/scene/News/news_headhome_park.rpy,187,[what]
News_Headhome_Park_ed8f06c4,,Not even mentioning the share of the rent.,game/tl/deutsch/scene/News/news_headhome_park.rpy,193,[what]
News_Headhome_Park_8d806b74,,"That Julian was willing to give, of course.",game/tl/deutsch/scene/News/news_headhome_park.rpy,199,[what]
News_Headhome_Park_4a14bc9d,,You can tell from Ron that he would do almost anything to avoid being a burden to Julian.,game/tl/deutsch/scene/News/news_headhome_park.rpy,205,[what]
News_Headhome_Park_8b3832cb,,"Still, to have sex with a random stranger in the middle of the night for money terrifies him.",game/tl/deutsch/scene/News/news_headhome_park.rpy,211,[what]
News_Headhome_Park_5535d590,c,Leave us alone!,game/tl/deutsch/scene/News/news_headhome_park.rpy,217,"c angry ""[what]"""
News_Headhome_Park_9cbedc31,man,"Ah, come on! It won't take long!",game/tl/deutsch/scene/News/news_headhome_park.rpy,223,"man ""[what]"""
News_Headhome_Park_11e02628,man,And I'll pay you really good!,game/tl/deutsch/scene/News/news_headhome_park.rpy,229,"man ""[what]"""
News_Headhome_Park_14183fc1,c,Are you deaf? I said: Leave - us - alone!,game/tl/deutsch/scene/News/news_headhome_park.rpy,235,"c ""[what]"""
News_Headhome_Park_d6026cb7,,For a moment you were not sure if the man is going to attack you.,game/tl/deutsch/scene/News/news_headhome_park.rpy,241,[what]
News_Headhome_Park_65cc8efe,,But then he just shrugs.,game/tl/deutsch/scene/News/news_headhome_park.rpy,247,[what]
News_Headhome_Park_87215106,man,Maybe next time then.,game/tl/deutsch/scene/News/news_headhome_park.rpy,253,"man ""[what]"""
News_Headhome_Park_2059e9ad,,"You do not answer, instead you take Ron's hand again, and walk away quickly.",game/tl/deutsch/scene/News/news_headhome_park.rpy,259,[what]
News_Headhome_Park_20d5dafd,r,[RelVal],game/tl/deutsch/scene/News/news_headhome_park.rpy,265,"r friendly ""[what]"""
News_Headhome_Park_Sex_bdae376b,r,[RelVal],game/tl/deutsch/scene/News/news_headhome_park_sex.rpy,7,"r angry ""[what]"""
News_Headhome_Park_Sex_7648b00f,c,How much?,game/tl/deutsch/scene/News/news_headhome_park_sex.rpy,13,"c suspicious ""[what]"""
News_Headhome_Park_Sex_25892343,,The man claps his hands happily.,game/tl/deutsch/scene/News/news_headhome_park_sex.rpy,19,[what]
News_Headhome_Park_Sex_8c4a701a,man,I knew it!,game/tl/deutsch/scene/News/news_headhome_park_sex.rpy,25,"man ""[what]"""
News_Headhome_Park_Sex_9329dacc,,He takes out his purse.,game/tl/deutsch/scene/News/news_headhome_park_sex.rpy,31,[what]
News_Headhome_Park_Sex_88f6d368,man,A hundred dollar!,game/tl/deutsch/scene/News/news_headhome_park_sex.rpy,37,"man ""[what]"""
News_Headhome_Park_Sex_1a7fb700,,He presents a hundred dollar bill and waves it enticingly in their faces.,game/tl/deutsch/scene/News/news_headhome_park_sex.rpy,43,[what]
News_Headhome_Park_Sex_49988a72,,Ron looks at you in shock.,game/tl/deutsch/scene/News/news_headhome_park_sex.rpy,49,[what]
News_Headhome_Park_Sex_9c0d39b5,r,You are not really considering this?,game/tl/deutsch/scene/News/news_headhome_park_sex.rpy,55,"r suspicious ""[what]"""
News_Headhome_Park_Sex_5f26869c,c,100 $ for each of us.,game/tl/deutsch/scene/News/news_headhome_park_sex.rpy,61,"c tough ""[what]"""
News_Headhome_Park_Sex_5caa82a0,man,Each?,game/tl/deutsch/scene/News/news_headhome_park_sex.rpy,67,"man ""[what]"""
News_Headhome_Park_Sex_3d2c2bfe,,He glares at you for a moment before clapping his hands happily again.,game/tl/deutsch/scene/News/news_headhome_park_sex.rpy,73,[what]
News_Headhome_Park_Sex_61b5d3f5,man,Deal!,game/tl/deutsch/scene/News/news_headhome_park_sex.rpy,79,"man ""[what]"""
News_Headhome_Park_Sex_a8aabc2e,,The man's eyes rake over you and Ron with a predatory hunger.,game/tl/deutsch/scene/News/news_headhome_park_sex.rpy,85,[what]
News_Headhome_Park_Sex_f0a09445,,"Despite your fear, you can't help but acknowledge a growing curiosity about what's to come.",game/tl/deutsch/scene/News/news_headhome_park_sex.rpy,91,[what]
News_Headhome_Park_Sex_522c4bbf,,It's a thrilling mixture of dread and excitement that leaves your heart pounding in your chest.,game/tl/deutsch/scene/News/news_headhome_park_sex.rpy,97,[what]
News_Headhome_Park_Sex_2a8086b9,,"As the stranger takes aggressive strides towards him, Ron instinctively stumbles backwards, his heart thundering in his chest.",game/tl/deutsch/scene/News/news_headhome_park_sex.rpy,103,[what]
News_Headhome_Park_Sex_29fe099a,,"The man wasted no time. He pushed him against the lamp post, hiking up the maid's dress around his waist.",game/tl/deutsch/scene/News/news_headhome_park_sex.rpy,109,[what]
News_Headhome_Park_Sex_f26d5ca8,,Ron gasped as the man roughly grabbed his backside.,game/tl/deutsch/scene/News/news_headhome_park_sex.rpy,115,[what]
News_Headhome_Park_Sex_8dadbfe4,,"He frantically tries to maintain a facade of composure under the hazy streetlight, but terror takes hold as he stands alone and vulnerable.",game/tl/deutsch/scene/News/news_headhome_park_sex.rpy,121,[what]
News_Headhome_Park_Sex_61ae2a4c,,"He turns to you with a pleading look, unsure of how to proceed against this imminent threat.",game/tl/deutsch/scene/News/news_headhome_park_sex.rpy,127,[what]
News_Headhome_Park_Sex_38347cf2,man,What are you waiting for?,game/tl/deutsch/scene/News/news_headhome_park_sex.rpy,133,"man ""[what]"""
News_Headhome_Park_Sex_789a2c2c,,He looks at you.,game/tl/deutsch/scene/News/news_headhome_park_sex.rpy,139,[what]
News_Headhome_Park_Sex_89f02cf5,man,Don't be shy. Give me a hand here!,game/tl/deutsch/scene/News/news_headhome_park_sex.rpy,145,"man ""[what]"""
News_Headhome_Park_Sex_942b3bdc,c,This was a bad idea.,game/tl/deutsch/scene/News/news_headhome_park_sex.rpy,151,"c sad ""[what]"""
News_Headhome_Park_Sex_49469cff,c,"Come on, Ron. We are leaving!",game/tl/deutsch/scene/News/news_headhome_park_sex.rpy,157,"c tough ""[what]"""
News_Headhome_Park_Sex_1eeb0de2,man,You can't leave now!,game/tl/deutsch/scene/News/news_headhome_park_sex.rpy,163,"man ""[what]"""
News_Headhome_Park_Sex_eb159231,c,Watch me!,game/tl/deutsch/scene/News/news_headhome_park_sex.rpy,169,"c angry ""[what]"""
News_Headhome_Park_Sex_491848f2,,"You walk on, and Ron is quick to follow you.",game/tl/deutsch/scene/News/news_headhome_park_sex.rpy,175,[what]
News_Headhome_Park_Sex_8be45038,,"For a moment you feared the stranger would reside to violence, but instead he just shouts insults after you.",game/tl/deutsch/scene/News/news_headhome_park_sex.rpy,181,[what]
News_Headhome_Park_Sex_336703ae,man,Whores!,game/tl/deutsch/scene/News/news_headhome_park_sex.rpy,187,"man ""[what]"""
News_Headhome_Park_Sex_ce4a4b17,r,[RelVal],game/tl/deutsch/scene/News/news_headhome_park_sex.rpy,193,"r happy ""[what]"""
News_Headhome_Park_Sex_3b6fda81,,"The stranger grins, beckoning you both closer.",game/tl/deutsch/scene/News/news_headhome_park_sex.rpy,199,[what]
News_Headhome_Park_Sex_810d0692,,"As you hesitantly approach him, he reaches out and runs a rough hand through Ron's wavy hair, tugging lightly on the ends.",game/tl/deutsch/scene/News/news_headhome_park_sex.rpy,205,[what]
News_Headhome_Park_Sex_f2e9655b,,"He then draws his hand down, letting his fingers trace the curve of his collarbone, causing goosebumps to erupt on his skin.",game/tl/deutsch/scene/News/news_headhome_park_sex.rpy,211,[what]
News_Headhome_Park_Sex_bb5b5c19,man,"Mmm, such soft, delicate creatures.",game/tl/deutsch/scene/News/news_headhome_park_sex.rpy,217,"man ""[what]"""
News_Headhome_Park_Sex_8df8eec0,,"As your nimble fingers work to undo the stranger's belt, a surge of adrenaline courses through your veins.",game/tl/deutsch/scene/News/news_headhome_park_sex.rpy,223,[what]
News_Headhome_Park_Sex_f0f502dc,,"Ron's desperation is palpable, his trembling form a stark contrast against the dimly lit street.",game/tl/deutsch/scene/News/news_headhome_park_sex.rpy,229,[what]
News_Headhome_Park_Sex_c87f2f26,,"With a sudden flick of your wrist, the belt buckle comes undone, releasing a satisfying click that goes unnoticed beneath the stranger's fixated gaze.",game/tl/deutsch/scene/News/news_headhome_park_sex.rpy,235,[what]
News_Headhome_Park_Sex_91f509d1,,"Ron gasped as he felt the stranger's hard cock pressed against his stomach, could smell the sweat and cologne on his skin.",game/tl/deutsch/scene/News/news_headhome_park_sex.rpy,241,[what]
News_Headhome_Park_Sex_bd1f1c5c,,"You drop your own pants and press your hard member against the stranger's butt, slowly rubbing it.",game/tl/deutsch/scene/News/news_headhome_park_sex.rpy,247,[what]
News_Headhome_Park_Sex_1895b785,r,No kissing!,game/tl/deutsch/scene/News/news_headhome_park_sex.rpy,253,"r disgust ""[what]"""
News_Headhome_Park_Sex_73cca1f8,,Ron shouted as the stranger tries to force his mouth upon Ron.,game/tl/deutsch/scene/News/news_headhome_park_sex.rpy,259,[what]
News_Headhome_Park_Sex_4421b8ad,man,You little whore!,game/tl/deutsch/scene/News/news_headhome_park_sex.rpy,265,"man ""[what]"""
News_Headhome_Park_Sex_9b07ef5c,,"He pulls down Ron's skirt, exposing his already hard dick which cannot be concealed by the small panty.",game/tl/deutsch/scene/News/news_headhome_park_sex.rpy,271,[what]
News_Headhome_Park_Sex_6805a26b,man,Nice!,game/tl/deutsch/scene/News/news_headhome_park_sex.rpy,277,"man ""[what]"""
News_Headhome_Park_Sex_731b1aba,,"He starts to rub his own member against Ron's, while moaning excited.",game/tl/deutsch/scene/News/news_headhome_park_sex.rpy,283,[what]
News_Headhome_Park_Sex_e59b96b3,man,"Oh yes, you little slut. You like that, don't you.",game/tl/deutsch/scene/News/news_headhome_park_sex.rpy,289,"man ""[what]"""
News_Headhome_Park_Sex_0808fa65,,"He tries to kiss Ron again, but he moves his head away.",game/tl/deutsch/scene/News/news_headhome_park_sex.rpy,295,[what]
News_Headhome_Park_Sex_12d7a543,man,You - little - whore!,game/tl/deutsch/scene/News/news_headhome_park_sex.rpy,301,"man ""[what]"""
News_Headhome_Park_Sex_f5a988b2,,He grunted with each push.,game/tl/deutsch/scene/News/news_headhome_park_sex.rpy,307,[what]
News_Headhome_Park_Sex_715c99ae,,"The man finished with a loud groan. He withdrew from Ron, who sagged against the post, panting.",game/tl/deutsch/scene/News/news_headhome_park_sex.rpy,313,[what]
News_Headhome_Park_Sex_b4dba9c5,man,That was worth every penny.,game/tl/deutsch/scene/News/news_headhome_park_sex.rpy,319,"man ""[what]"""
News_Headhome_Park_Sex_0236541c,,"He tosses the wad of cash at your feet, a cruel smirk playing on his lips.",game/tl/deutsch/scene/News/news_headhome_park_sex.rpy,325,[what]
News_Headhome_Park_Sex_88b6134a,,"As you bend down to retrieve it, you feel the weight of shame settling in your chest, heavier even than the money now clenched in your hand.",game/tl/deutsch/scene/News/news_headhome_park_sex.rpy,331,[what]
News_Headhome_Park_Sex_a3119360,,"With the transaction complete, the stranger leaves you and Connor standing in the darkness, breathless and shaken.",game/tl/deutsch/scene/News/news_headhome_park_sex.rpy,337,[what]
News_Headhome_Park_Sex_07bd625e,,The night air is cold against your flushed skin as you wrap your arms around yourself for comfort.,game/tl/deutsch/scene/News/news_headhome_park_sex.rpy,343,[what]
News_Headhome_Park_Sex_b4f44cbb,,"As you look into Ron's eyes, you both share an unspoken understanding – you've crossed a line together, one that cannot be uncrossed.",game/tl/deutsch/scene/News/news_headhome_park_sex.rpy,349,[what]
News_Headhome_Park_Sex_5f3a8ec8,,"The future looms ahead, full of uncertainty and challenges.",game/tl/deutsch/scene/News/news_headhome_park_sex.rpy,355,[what]
News_Headhome_Park_Sex_cabcf109,,What will become of your friendship?,game/tl/deutsch/scene/News/news_headhome_park_sex.rpy,361,[what]
News_Headhome_Park_Sex_d9fbb511,,How will this secret affect your lives?,game/tl/deutsch/scene/News/news_headhome_park_sex.rpy,367,[what]
News_Headhome_Park_Sex_6c392088,,And will the events of this night ever truly fade from memory?,game/tl/deutsch/scene/News/news_headhome_park_sex.rpy,373,[what]
News_Headhome_Park_Sex_a9d9953f,,"After a moment, you collect yourselves and begin the long walk back through the park.",game/tl/deutsch/scene/News/news_headhome_park_sex.rpy,379,[what]
News_Headmaster_ee6d1e3d,,"As they entered the spacious office, you couldn't help but notice how the decor exuded authority, from the imposing mahogany desk to the rows of leather-bound books that lined the walls.",game/tl/deutsch/scene/News/news_headmaster.rpy,1789,[what]
News_Headmaster_2c6ada8e,,"The headmaster was leaning against his desk, his arms folded in front of him, and he greeted them with a warm smile that didn't quite reach his eyes.",game/tl/deutsch/scene/News/news_headmaster.rpy,1795,[what]
News_Headmaster_8ddada2f,,He stood up and opened his arms as if greeting an old friend.,game/tl/deutsch/scene/News/news_headmaster.rpy,1801,[what]
News_Headmaster_01db3037,h,"Ah, boys, come in!",game/tl/deutsch/scene/News/news_headmaster.rpy,1807,"h friendly ""[what]"""
News_Headmaster_3cc85be0,,"The headmaster said, his voice smooth and welcoming.",game/tl/deutsch/scene/News/news_headmaster.rpy,1813,[what]
News_Headmaster_b9582303,h,Take a seat.,game/tl/deutsch/scene/News/news_headmaster.rpy,1819,"h ""[what]"""
News_Headmaster_fbe91eb8,,"You glanced at Julian before they both sat down in the chairs opposite the headmaster, who retunred to his seat behind the desk.",game/tl/deutsch/scene/News/news_headmaster.rpy,1825,[what]
News_Headmaster_1d2fd07b,,You noticed Julian's hand subtly locking the door as the headmaster gestured for him to do so.,game/tl/deutsch/scene/News/news_headmaster.rpy,1831,[what]
News_Headmaster_e0484661,,"Uneasiness prickled at your skin, but you tried to suppress it, focusing instead on the man's words.",game/tl/deutsch/scene/News/news_headmaster.rpy,1837,[what]
News_Headmaster_338cae08,h,"First, I'd like to assure you both that your well-being is my top priority!",game/tl/deutsch/scene/News/news_headmaster.rpy,1843,"h ""[what]"""
News_Headmaster_f75d2138,,"The headmaster began, leaning back in his chair.",game/tl/deutsch/scene/News/news_headmaster.rpy,1849,[what]
News_Headmaster_6cafb249,h,I'm deeply concerned about the recent events and any impact they may have had on you.,game/tl/deutsch/scene/News/news_headmaster.rpy,1855,"h ""[what]"""
News_Headmaster_fad65491,c,"Thank you, sir.",game/tl/deutsch/scene/News/news_headmaster.rpy,1861,"c suspicious ""[what]"""
News_Headmaster_59a07372,,"You replied, your throat feeling dry.",game/tl/deutsch/scene/News/news_headmaster.rpy,1867,[what]
News_Headmaster_3a9bde1e,h,"However,",game/tl/deutsch/scene/News/news_headmaster.rpy,1873,"h tough ""[what]"""
News_Headmaster_819ad942,,"the headmaster continued,",game/tl/deutsch/scene/News/news_headmaster.rpy,1879,[what]
News_Headmaster_78ba8dbd,h,"the school's reputation is at stake here, and by extension, your future careers.",game/tl/deutsch/scene/News/news_headmaster.rpy,1885,"h ""[what]"""
News_Headmaster_688bf210,h,I need your support to put this incident behind us.,game/tl/deutsch/scene/News/news_headmaster.rpy,1891,"h ""[what]"""
News_Headmaster_3ea68fba,h,"I wanted to discuss your... situation yesterday. It has caused quite a stir, as you can imagine.",game/tl/deutsch/scene/News/news_headmaster.rpy,1897,"h neutral ""[what]"""
News_Headmaster_e8b6ec9c,,"You swallowed hard, bracing yourself for whatever came next.",game/tl/deutsch/scene/News/news_headmaster.rpy,1903,[what]
News_Headmaster_572447ce,c,I don't understand. I left before any of this happened.,game/tl/deutsch/scene/News/news_headmaster.rpy,1909,"c suspicious ""[what]"""
News_Headmaster_b27af973,h,Indeed. I have talked to Vincent about the images of him floating social media.,game/tl/deutsch/scene/News/news_headmaster.rpy,1915,"h neutral ""[what]"""
News_Headmaster_a0a25d76,h,"He understands my approach here, and understands the approach.",game/tl/deutsch/scene/News/news_headmaster.rpy,1921,"h friendly ""[what]"""
News_Headmaster_193b1142,h,"But since we apparently have the attention of the media currently, I do not want anything \""else\"" to surface, that could harm our reputation.",game/tl/deutsch/scene/News/news_headmaster.rpy,1927,"h tough ""[what]"""
News_Headmaster_4fc77518,h,Do you understand?,game/tl/deutsch/scene/News/news_headmaster.rpy,1933,"h suspicious ""[what]"""
News_Headmaster_d7f74fdb,c,I guess so...,game/tl/deutsch/scene/News/news_headmaster.rpy,1939,"c suspicious ""[what]"""
News_Headmaster_7aea992a,h,Good!,game/tl/deutsch/scene/News/news_headmaster.rpy,1945,"h happy ""[what]"""
News_Headmaster_832fb0d6,h,"Of course,",game/tl/deutsch/scene/News/news_headmaster.rpy,1951,"h friendly ""[what]"""
News_Headmaster_661cf10f,,"The headmaster continued, warmth still in his voice.",game/tl/deutsch/scene/News/news_headmaster.rpy,1957,[what]
News_Headmaster_24ab18f9,h,It's not your fault. Accidents happen.,game/tl/deutsch/scene/News/news_headmaster.rpy,1963,"h ""[what]"""
News_Headmaster_ae84d3ce,h,"But the university's reputation is at stake, and so is your future here.",game/tl/deutsch/scene/News/news_headmaster.rpy,1969,"h tough ""[what]"""
News_Headmaster_a526eee5,c,Are you talking about what happened yesterday after the wrestling match - or something else?,game/tl/deutsch/scene/News/news_headmaster.rpy,1975,"c suspicious ""[what]"""
News_Headmaster_5853fd7f,,The headmaster looked at you with an unreadable expression.,game/tl/deutsch/scene/News/news_headmaster.rpy,1981,[what]
News_Headmaster_cc55d928,h,Is there anything else you could - or would - share with the media?,game/tl/deutsch/scene/News/news_headmaster.rpy,1987,"h suspicious ""[what]"""
News_Headmaster_2c23ce7e,c,"Sir,",game/tl/deutsch/scene/News/news_headmaster.rpy,1993,"c sad ""[what]"""
News_Headmaster_e72d9b2a,,"You began, your throat dry,",game/tl/deutsch/scene/News/news_headmaster.rpy,1999,[what]
News_Headmaster_9564e558,c,"I understand, but—",game/tl/deutsch/scene/News/news_headmaster.rpy,2005,"c ""[what]"""
News_Headmaster_da808199,h,"Listen,",game/tl/deutsch/scene/News/news_headmaster.rpy,2011,"h friendly ""[what]"""
News_Headmaster_fc3b4c8f,,"The headmaster cut you off, leaning forward with a charismatic smile.",game/tl/deutsch/scene/News/news_headmaster.rpy,2017,[what]
News_Headmaster_15be7af4,h,All I ask is for your support.,game/tl/deutsch/scene/News/news_headmaster.rpy,2023,"h ""[what]"""
News_Headmaster_c3a090b0,h,"Your review of the \""accident\"" - any \""accident\"" - could be vital in mitigating any damage to our name.",game/tl/deutsch/scene/News/news_headmaster.rpy,2029,"h ""[what]"""
News_Headmaster_8f73bd59,h,"We're in this together, aren't we?",game/tl/deutsch/scene/News/news_headmaster.rpy,2035,"h flirt ""[what]"""
News_Headmaster_2ab0a19e,,You felt a shiver run down his spine as the headmaster's tone shifted ever so slightly.,game/tl/deutsch/scene/News/news_headmaster.rpy,2041,[what]
News_Headmaster_3ba13291,,"The man's charisma was undeniable, but there was an underlying threat in his words that you couldn't ignore.",game/tl/deutsch/scene/News/news_headmaster.rpy,2047,[what]
News_Headmaster_c69aa6bd,h,Good.,game/tl/deutsch/scene/News/news_headmaster.rpy,2053,"h friendly ""[what]"""
News_Headmaster_6eb9262b,,"The headmaster replied, nodding.",game/tl/deutsch/scene/News/news_headmaster.rpy,2059,[what]
News_Headmaster_a898f5fe,h,I trust that you both will be discreet about this matter and do your best to ensure it doesn't escalate further.,game/tl/deutsch/scene/News/news_headmaster.rpy,2065,"h ""[what]"""
News_Headmaster_f138c962,c,"Absolutely, sir!",game/tl/deutsch/scene/News/news_headmaster.rpy,2071,"c tough ""[what]"""
News_Headmaster_bf76c44b,,"You agreed, although your mind raced with questions and doubts.",game/tl/deutsch/scene/News/news_headmaster.rpy,2077,[what]
News_Headmaster_4905fb43,,What did the headmaster truly want from them?,game/tl/deutsch/scene/News/news_headmaster.rpy,2083,[what]
News_Headmaster_7dd98e04,,And what would the consequences be if they didn't comply?,game/tl/deutsch/scene/News/news_headmaster.rpy,2089,[what]
News_Headmaster_0bc53e9c,,The headmaster looked at you stone-faced.,game/tl/deutsch/scene/News/news_headmaster.rpy,2095,[what]
News_Headmaster_0276e51e,,"He said nothing, and the tension in the room became unbearable.",game/tl/deutsch/scene/News/news_headmaster.rpy,2101,[what]
News_Headmaster_5aea2ec0,,"Just when you were about to stand up and simply leave the room, he held up a hand to stop you.",game/tl/deutsch/scene/News/news_headmaster.rpy,2107,[what]
News_Headmaster_72283f8e,,You just remembered the door is still locked.,game/tl/deutsch/scene/News/news_headmaster.rpy,2113,[what]
News_Headmaster_7954a086,,Would he stop you by force?,game/tl/deutsch/scene/News/news_headmaster.rpy,2119,[what]
News_Headmaster_32a32140,h,"If you go now, you will leave forever.",game/tl/deutsch/scene/News/news_headmaster.rpy,2125,"h angry ""[what]"""
News_Headmaster_fd8ad0be,,"You look at him with hatred in your eyes, ready to face the consequences.",game/tl/deutsch/scene/News/news_headmaster.rpy,2131,[what]
News_Headmaster_20d78051,c,You are going to expel me?,game/tl/deutsch/scene/News/news_headmaster.rpy,2137,"c surprised ""[what]"""
News_Headmaster_821caa35,,"The moment you said it, those consequences just became painfully real.",game/tl/deutsch/scene/News/news_headmaster.rpy,2143,[what]
News_Headmaster_de8eaa6f,,Where would you go? What would you do?,game/tl/deutsch/scene/News/news_headmaster.rpy,2149,[what]
News_Headmaster_2b8208a0,,Would another college accept you?,game/tl/deutsch/scene/News/news_headmaster.rpy,2155,[what]
News_Headmaster_4135a200,,Are you just about to throw your future away?,game/tl/deutsch/scene/News/news_headmaster.rpy,2161,[what]
News_Headmaster_0ecbbef0,,Maybe your inner conflict became visible on your face.,game/tl/deutsch/scene/News/news_headmaster.rpy,2167,[what]
News_Headmaster_4c5ee03a,,You have never been a good poker player.,game/tl/deutsch/scene/News/news_headmaster.rpy,2173,[what]
News_Headmaster_e31f2478,,"The headmaster's expression changed, becoming charismatic and friendly again.",game/tl/deutsch/scene/News/news_headmaster.rpy,2179,[what]
News_Headmaster_75e07da2,h,Let's not make any rash decisions we might regret later.,game/tl/deutsch/scene/News/news_headmaster.rpy,2185,"h friendly ""[what]"""
News_Headmaster_644410f8,,He took a deep breath.,game/tl/deutsch/scene/News/news_headmaster.rpy,2191,[what]
News_Headmaster_177693f9,h,"You are upset, I understand that.",game/tl/deutsch/scene/News/news_headmaster.rpy,2197,"h ""[what]"""
News_Headmaster_6dfaf51a,h,But I need you to understand something:,game/tl/deutsch/scene/News/news_headmaster.rpy,2203,"h ""[what]"""
News_Headmaster_a71cbc44,h,"It is not just your future at stake here, but the college's reputation.",game/tl/deutsch/scene/News/news_headmaster.rpy,2209,"h neutral ""[what]"""
News_Headmaster_ee9d2964,,"Before you can answer, he held up his hand again.",game/tl/deutsch/scene/News/news_headmaster.rpy,2215,[what]
News_Headmaster_9b18b4b1,h,Anyway.,game/tl/deutsch/scene/News/news_headmaster.rpy,2221,"h ""[what]"""
News_Headmaster_3b8941f2,,"The headmaster changed to a conversational tone again, as if nothing happened.",game/tl/deutsch/scene/News/news_headmaster.rpy,2227,[what]
News_Headmaster_04f00a76,h,Let's talk about your refugee.,game/tl/deutsch/scene/News/news_headmaster.rpy,2233,"h neutral ""[what]"""
News_Headmaster_8c387486,c,Refugee?,game/tl/deutsch/scene/News/news_headmaster.rpy,2239,"c suspicious ""[what]"""
News_Headmaster_403b688d,,You are confused. Which refugee is he talking about?,game/tl/deutsch/scene/News/news_headmaster.rpy,2245,[what]
News_Headmaster_13d25705,j,Ron.,game/tl/deutsch/scene/News/news_headmaster.rpy,2251,"j sad ""[what]"""
News_Headmaster_b0cda103,,Julian immediately understood whom the headmaster was referring to.,game/tl/deutsch/scene/News/news_headmaster.rpy,2257,[what]
News_Headmaster_3407d4ef,c,"Oh, right.",game/tl/deutsch/scene/News/news_headmaster.rpy,2263,"c surprised ""[what]"""
News_Headmaster_6ab518ff,h,Unfortunately you did not deliver what I asked you for.,game/tl/deutsch/scene/News/news_headmaster.rpy,2269,"h sad ""[what]"""
News_Headmaster_1aaac942,,The headmaster looked at Julian.,game/tl/deutsch/scene/News/news_headmaster.rpy,2275,[what]
News_Headmaster_251900e3,j,The video footage.,game/tl/deutsch/scene/News/news_headmaster.rpy,2281,"j down ""[what]"""
News_Headmaster_c3c3ab90,h,Yes. I am very disappointed in you.,game/tl/deutsch/scene/News/news_headmaster.rpy,2287,"h neutral ""[what]"""
News_Headmaster_0711ed7c,h,I appreciate your video donation you sent me.,game/tl/deutsch/scene/News/news_headmaster.rpy,2293,"h friendly ""[what]"""
News_Headmaster_5eae9532,c,The webcam footage?,game/tl/deutsch/scene/News/news_headmaster.rpy,2299,"c angry ""[what]"""
News_Headmaster_b44eb90c,h,Exactly.,game/tl/deutsch/scene/News/news_headmaster.rpy,2305,"h ""[what]"""
News_Headmaster_d97eab81,h,"However, we still have to decide what to do with him.",game/tl/deutsch/scene/News/news_headmaster.rpy,2311,"h tough ""[what]"""
News_Headmaster_2f7e35d9,,The headmaster looked at you.,game/tl/deutsch/scene/News/news_headmaster.rpy,2317,[what]
News_Headmaster_aebe2cc1,h,It seems like you are having some ... difficulties.,game/tl/deutsch/scene/News/news_headmaster.rpy,2323,"h evil ""[what]"""
News_Headmaster_7637d640,h,"If you cooperate, I will make sure he gets his own room as soon as a dorm becomes available and therefore getting him off your heels.",game/tl/deutsch/scene/News/news_headmaster.rpy,2329,"h friendly ""[what]"""
News_Headmaster_9277f65b,,You shrugged.,game/tl/deutsch/scene/News/news_headmaster.rpy,2335,[what]
News_Headmaster_18d82b81,c,I don't mind keeping him as a play toy.,game/tl/deutsch/scene/News/news_headmaster.rpy,2341,"c evil ""[what]"""
News_Headmaster_fe08ff57,,"Julian looked at your in shock, while the headmaster burst out laughing.",game/tl/deutsch/scene/News/news_headmaster.rpy,2347,[what]
News_Headmaster_98bd0ac1,h,Maybe we can come to an understanding after all.,game/tl/deutsch/scene/News/news_headmaster.rpy,2353,"h laugh ""[what]"""
News_Headmaster_e3a61bd3,,He looked at you with new interest.,game/tl/deutsch/scene/News/news_headmaster.rpy,2359,[what]
News_Headmaster_1943e4ce,h,I might have underestimated you after all.,game/tl/deutsch/scene/News/news_headmaster.rpy,2365,"h suspicious ""[what]"""
News_Headmaster_c6d2b84c,h,Technically the dorm room you live in now is only for two persons.,game/tl/deutsch/scene/News/news_headmaster.rpy,2371,"h evil ""[what]"""
News_Headmaster_c6e55f1d,h,So unfortunately I will have to remove someone from there.,game/tl/deutsch/scene/News/news_headmaster.rpy,2377,"h sad ""[what]"""
News_Headmaster_923c8e02,h,"You know, fire regulations and stuff...",game/tl/deutsch/scene/News/news_headmaster.rpy,2383,"h ""[what]"""
News_Headmaster_ae0bdc12,j,No! You can't do that!,game/tl/deutsch/scene/News/news_headmaster.rpy,2389,"j angry ""[what]"""
News_Headmaster_4d2c041e,,Julian is shaking visibly.,game/tl/deutsch/scene/News/news_headmaster.rpy,2395,[what]
News_Headmaster_655adf93,j,You said he could stay if I ... if I ...,game/tl/deutsch/scene/News/news_headmaster.rpy,2401,"j sad ""[what]"""
News_Headmaster_88caba82,,Julian wasn't able to finish the sentence.,game/tl/deutsch/scene/News/news_headmaster.rpy,2407,[what]
News_Headmaster_5b6807b3,,The headmaster finished the sentece with an evil smile.,game/tl/deutsch/scene/News/news_headmaster.rpy,2413,[what]
News_Headmaster_11b85c56,h,If you fucked him. And proofe it to me.,game/tl/deutsch/scene/News/news_headmaster.rpy,2419,"h evil ""[what]"""
News_Headmaster_8795cea3,,"Julian looked down, blushing visibly, his hand clunched to fists.",game/tl/deutsch/scene/News/news_headmaster.rpy,2425,[what]
News_Headmaster_dcca574a,h,Which you did.,game/tl/deutsch/scene/News/news_headmaster.rpy,2431,"h desire ""[what]"""
News_Headmaster_dfa49305,h,I am a man of my word.,game/tl/deutsch/scene/News/news_headmaster.rpy,2437,"h friendly ""[what]"""
News_Headmaster_9f4bc41c,,The headmaster paused for a moment.,game/tl/deutsch/scene/News/news_headmaster.rpy,2443,[what]
News_Headmaster_6c9754fd,,Julian looked up uncertain.,game/tl/deutsch/scene/News/news_headmaster.rpy,2449,[what]
News_Headmaster_a469acc6,h,So he can stay as promised.,game/tl/deutsch/scene/News/news_headmaster.rpy,2455,"h ""[what]"""
News_Headmaster_f0a82b6e,h,But - the dorm is still dedicated for two people only.,game/tl/deutsch/scene/News/news_headmaster.rpy,2461,"h evil ""[what]"""
News_Headmaster_1631d0b7,h,It would be irresponsible to let you live there together.,game/tl/deutsch/scene/News/news_headmaster.rpy,2467,"h sad ""[what]"""
News_Headmaster_8faa8ec7,c,What do you want?,game/tl/deutsch/scene/News/news_headmaster.rpy,2473,"c angry ""[what]"""
News_Headmaster_85fc2297,h,"First of all, please keep Nathan out of it.",game/tl/deutsch/scene/News/news_headmaster.rpy,2479,"h neutral ""[what]"""
News_Headmaster_3dabcb23,h,He has enough to deal with as it is.,game/tl/deutsch/scene/News/news_headmaster.rpy,2485,"h sad ""[what]"""
News_Headmaster_0c8fc0f8,h,"If everyone would know he is my son, it would just make everything more complicated for him.",game/tl/deutsch/scene/News/news_headmaster.rpy,2491,"h ""[what]"""
News_Headmaster_7c08cd5b,j,Hold on. Nathan is your son?,game/tl/deutsch/scene/News/news_headmaster.rpy,2497,"j surprised ""[what]"""
News_Headmaster_d70f9f6a,,"The headmaster looks sharply at Julian, who immediately seemed to sink into his chair.",game/tl/deutsch/scene/News/news_headmaster.rpy,2503,[what]
News_Headmaster_c3ff5e35,j,Never mind. Sorry for the interruption!,game/tl/deutsch/scene/News/news_headmaster.rpy,2509,"j sad ""[what]"""
News_Headmaster_ea35b20a,h,Second:,game/tl/deutsch/scene/News/news_headmaster.rpy,2515,"h tough ""[what]"""
News_Headmaster_c87c7827,,The headmaster's cold eyes are fixed on you again.,game/tl/deutsch/scene/News/news_headmaster.rpy,2521,[what]
News_Headmaster_3a3e6ff3,h,"[name],",game/tl/deutsch/scene/News/news_headmaster.rpy,2527,"h evil ""[what]"""
News_Headmaster_e5a16e5d,,"the headmaster said suddenly, his voice cutting through your lingering unease.",game/tl/deutsch/scene/News/news_headmaster.rpy,2533,[what]
News_Headmaster_183ae358,h,I have a proposition for you.,game/tl/deutsch/scene/News/news_headmaster.rpy,2539,"h ""[what]"""
News_Headmaster_4204bc15,,The mischievious grin on the headmaster's face gives you a goose skin.,game/tl/deutsch/scene/News/news_headmaster.rpy,2545,[what]
News_Headmaster_71c4ef1e,,"You glanced at Julian, who looked just as confused as you felt.",game/tl/deutsch/scene/News/news_headmaster.rpy,2551,[what]
News_Headmaster_4a20a537,,"The headmaster stood up and walked around his desk, stopping in front of them with an air of authority.",game/tl/deutsch/scene/News/news_headmaster.rpy,2557,[what]
News_Headmaster_8a9a9972,h,"Julian, strip!",game/tl/deutsch/scene/News/news_headmaster.rpy,2563,"h ""[what]"""
News_Headmaster_15bb0932,,"He ordered, his voice firm and commanding.",game/tl/deutsch/scene/News/news_headmaster.rpy,2569,[what]
News_Headmaster_b2fc06b1,,"Julian's eyes widened, but he complied without question, dropping his shirt and removing his pants methodically.",game/tl/deutsch/scene/News/news_headmaster.rpy,2575,[what]
News_Headmaster_94b1d119,,"You watched, irritated by the sudden turn of events, anger simmering beneath the surface.",game/tl/deutsch/scene/News/news_headmaster.rpy,2581,[what]
News_Headmaster_cc7d7423,h,"[name],",game/tl/deutsch/scene/News/news_headmaster.rpy,2587,"h friendly ""[what]"""
News_Headmaster_6f03b7fa,,"the headmaster said, turning his attention back to you.",game/tl/deutsch/scene/News/news_headmaster.rpy,2593,[what]
News_Headmaster_9e65539d,h,"Would you like to fuck Julian as compensation for the recent \""incident?\""",game/tl/deutsch/scene/News/news_headmaster.rpy,2599,"h ""[what]"""
News_Headmaster_407c992c,,"Your jaw dropped, and your eyes darted between Julian's flushed face and the headmaster's unreadable expression.",game/tl/deutsch/scene/News/news_headmaster.rpy,2605,[what]
News_Headmaster_95071865,,You couldn't believe what you was hearing.,game/tl/deutsch/scene/News/news_headmaster.rpy,2611,[what]
News_Headmaster_07ca7d9c,,This had to be some twisted joke.,game/tl/deutsch/scene/News/news_headmaster.rpy,2617,[what]
News_Headmaster_7453b96b,c,"Sir, I... Is this a test?",game/tl/deutsch/scene/News/news_headmaster.rpy,2623,"c suspicious ""[what]"""
News_Headmaster_d5693790,,"You stammered, searching for any hint of humor on the headmaster's face.",game/tl/deutsch/scene/News/news_headmaster.rpy,2629,[what]
News_Headmaster_4f8f7963,,There was none.,game/tl/deutsch/scene/News/news_headmaster.rpy,2635,[what]
News_Headmaster_b99ca3b5,,"Julian slowly dropped his pants, and you could not stop yourself from watching it.",game/tl/deutsch/scene/News/news_headmaster.rpy,2641,[what]
News_Headmaster_9c9deea0,,Ever since you first met Julian you imagined how it would feel to push into him...,game/tl/deutsch/scene/News/news_headmaster.rpy,2647,[what]
News_Headmaster_6fb9f143,,You feel the excitement rise in your pants while you cannot stop looking at Julian's exposed body; his uneasiness only adding to temptation.,game/tl/deutsch/scene/News/news_headmaster.rpy,2653,[what]
News_Headmaster_902a3635,,"Once again you get painfully aware of the chastity cage, hindering your dick from becoming erected, while your body tries to pump blood into it nevertheless.",game/tl/deutsch/scene/News/news_headmaster.rpy,2659,[what]
News_Headmaster_745958b7,h,"Speaking of support,",game/tl/deutsch/scene/News/news_headmaster.rpy,2665,"h friendly ""[what]"""
News_Headmaster_68fe885b,,"The headmaster said smoothly, changing the topic.",game/tl/deutsch/scene/News/news_headmaster.rpy,2671,[what]
News_Headmaster_9303a542,,"His fingers danced over his desk, finally landing on a small key that he held up between them.",game/tl/deutsch/scene/News/news_headmaster.rpy,2677,[what]
News_Headmaster_6b57121a,h,"Now, [name], would you like to unlock the cage?",game/tl/deutsch/scene/News/news_headmaster.rpy,2683,"h friendly ""[what]"""
News_Headmaster_0fc82295,h,I understand that you're still wearing the chastity cage from the incident.,game/tl/deutsch/scene/News/news_headmaster.rpy,2689,"h ""[what]"""
News_Headmaster_e6d009d5,h,Would you like to unlock it now?,game/tl/deutsch/scene/News/news_headmaster.rpy,2695,"h ""[what]"""
News_Headmaster_d6b0eb89,,"Your eyes widened, taken aback by the question.",game/tl/deutsch/scene/News/news_headmaster.rpy,2701,[what]
News_Headmaster_1b4422bc,,"The idea of undressing in front of Julian and the headmaster made him feel exposed and vulnerable, despite Julian already being naked.",game/tl/deutsch/scene/News/news_headmaster.rpy,2707,[what]
News_Headmaster_b5a1fbd7,,"He hesitated, trying to find the right words.",game/tl/deutsch/scene/News/news_headmaster.rpy,2713,[what]
News_Headmaster_d787c52f,c,"Uh, I don't know if... I mean...",game/tl/deutsch/scene/News/news_headmaster.rpy,2719,"c shy ""[what]"""
News_Headmaster_f567d762,,"You stammered, his cheeks flushing with embarrassment.",game/tl/deutsch/scene/News/news_headmaster.rpy,2725,[what]
News_Headmaster_f5c178d2,,"With the click of the chastity cage unlocking, you hesitated for a moment before pulling the device off.",game/tl/deutsch/scene/News/news_headmaster.rpy,2731,[what]
News_Headmaster_b26765d9,,"A wave of relief washed over him, quickly followed by embarrassment as he realized his exposed state.",game/tl/deutsch/scene/News/news_headmaster.rpy,2737,[what]
News_Headmaster_f96b50e0,h,"Your cooperation is crucial, [name].",game/tl/deutsch/scene/News/news_headmaster.rpy,2743,"h neutral ""[what]"""
News_Headmaster_43d06d95,,"The headmaster repeated, imitating your earlier hesitation.",game/tl/deutsch/scene/News/news_headmaster.rpy,2749,[what]
News_Headmaster_72b51163,h,"Think about your future, and the school's reputation.",game/tl/deutsch/scene/News/news_headmaster.rpy,2755,"h friendly ""[what]"""
News_Headmaster_a390c683,,You could feel the pressure mounting.,game/tl/deutsch/scene/News/news_headmaster.rpy,2761,[what]
News_Headmaster_6c632167,,The headmaster wasn't giving him much of a choice.,game/tl/deutsch/scene/News/news_headmaster.rpy,2767,[what]
News_Headmaster_d44306ab,,"You clenched your fists and swallowed hard, trying to quell the storm of emotions within you.",game/tl/deutsch/scene/News/news_headmaster.rpy,2773,[what]
News_Headmaster_eb40e17c,,"Gulping, you weighed your options.",game/tl/deutsch/scene/News/news_headmaster.rpy,2779,[what]
News_Headmaster_ff74d2d1,,"The headmaster held all the cards, and it seemed like there was no way out.",game/tl/deutsch/scene/News/news_headmaster.rpy,2785,[what]
News_Headmaster_8eb7e46b,,"With a defeated sigh, you nodded, feeling sick to your stomach.",game/tl/deutsch/scene/News/news_headmaster.rpy,2791,[what]
News_Headmaster_cd415f77,c,Fine.,game/tl/deutsch/scene/News/news_headmaster.rpy,2797,"c suspicious ""[what]"""
News_Headmaster_a88ae1d5,,"You relented, unable to meet either of their gazes.",game/tl/deutsch/scene/News/news_headmaster.rpy,2803,[what]
News_Headmaster_dfc4db0f,c,I'll do it.,game/tl/deutsch/scene/News/news_headmaster.rpy,2809,"c sad ""[what]"""
News_Headmaster_3e639b91,h,Excellent.,game/tl/deutsch/scene/News/news_headmaster.rpy,2815,"h desire ""[what]"""
News_Headmaster_a3b0b6e0,,The headmaster's grin widened.,game/tl/deutsch/scene/News/news_headmaster.rpy,2821,[what]
News_Headmaster_bdbba25a,c,I ... I cannot do this?,game/tl/deutsch/scene/News/news_headmaster.rpy,2827,"c sad ""[what]"""
News_Headmaster_394a693e,h,Do what?,game/tl/deutsch/scene/News/news_headmaster.rpy,2833,"h suspicious ""[what]"""
News_Headmaster_1dc18353,c,I have never...,game/tl/deutsch/scene/News/news_headmaster.rpy,2839,"c down ""[what]"""
News_Headmaster_5d3a0357,h,You never fucked someone?,game/tl/deutsch/scene/News/news_headmaster.rpy,2845,"h surprised ""[what]"""
News_Headmaster_91c42dd3,h,"Well, I watched Nathan fuck you just yesterday.",game/tl/deutsch/scene/News/news_headmaster.rpy,2851,"h evil ""[what]"""
News_Headmaster_fada996d,h,"So you are not a virgin anymore, are you?",game/tl/deutsch/scene/News/news_headmaster.rpy,2857,"h ""[what]"""
News_Headmaster_3b417843,,"You look down to the ground, embarassed.",game/tl/deutsch/scene/News/news_headmaster.rpy,2863,[what]
News_Headmaster_2cfc6e13,,You successfully suppressed the fact that the headmaster was watching you the whole time.,game/tl/deutsch/scene/News/news_headmaster.rpy,2869,[what]
News_Headmaster_ef820c09,,"The headmaster looks at you with a mixture of curiosity, interest, and amusement.",game/tl/deutsch/scene/News/news_headmaster.rpy,2875,[what]
News_Headmaster_691b6497,,You were sure he was not going to let you off the hook now.,game/tl/deutsch/scene/News/news_headmaster.rpy,2881,[what]
News_Headmaster_1b0c7548,,To your surprise he unlocks the door.,game/tl/deutsch/scene/News/news_headmaster.rpy,2887,[what]
News_Headmaster_5216439e,h,Of course I do not want you to do anything you do not want to do!,game/tl/deutsch/scene/News/news_headmaster.rpy,2893,"h ""[what]"""
News_Headmaster_bc15c0c4,h,Remember that when you talk to the media!,game/tl/deutsch/scene/News/news_headmaster.rpy,2899,"h angry ""[what]"""
News_Headmaster_e7cf44f7,c,"Yes, sir. Thank you, sir!",game/tl/deutsch/scene/News/news_headmaster.rpy,2905,"c sad ""[what]"""
News_Headmaster_33a06f54,,"You rush out of the office, looking back for a swift moment.",game/tl/deutsch/scene/News/news_headmaster.rpy,2911,[what]
News_Headmaster_e53795ab,,"You catch Julian's gaze, his eyes widened in shock, as the headmaster gets and unbutton his pants.",game/tl/deutsch/scene/News/news_headmaster.rpy,2917,[what]
News_Headmaster_5e41a7f0,h,Everything has to be done by myself!,game/tl/deutsch/scene/News/news_headmaster.rpy,2923,"h evil ""[what]"""
News_Headmaster_901c05da,,"The headmaster leaned back in his chair, studying you closely.",game/tl/deutsch/scene/News/news_headmaster.rpy,2929,[what]
News_Headmaster_ad7d225c,h,I think it's essential to ensure that there are no hard feelings between you two.,game/tl/deutsch/scene/News/news_headmaster.rpy,2935,"h friendly ""[what]"""
News_Headmaster_33384d3e,,"He paused for a moment, allowing the silence to hang in the air.",game/tl/deutsch/scene/News/news_headmaster.rpy,2941,[what]
News_Headmaster_c9c65f38,h,"After all, we can't have unresolved tension interfering with your cooperation now, can we?",game/tl/deutsch/scene/News/news_headmaster.rpy,2947,"h ""[what]"""
News_Headmaster_5db7a807,,"With a deep breath, you nodded hesitantly before slowly removing your remainingh clothes, acutely aware of Julian's gaze on his bare skin.",game/tl/deutsch/scene/News/news_headmaster.rpy,2953,[what]
News_Headmaster_80d22d1b,,"With a deep breath, you nodded hesitantly before slowly removing your own clothes, acutely aware of Julian's gaze on his bare skin.",game/tl/deutsch/scene/News/news_headmaster.rpy,2959,[what]
News_Headmaster_e526f4a2,,"Your heart raced as your stood there naked, feeling exposed and vulnerable.",game/tl/deutsch/scene/News/news_headmaster.rpy,2965,[what]
News_Headmaster_3a5056b4,h,Thank you.,game/tl/deutsch/scene/News/news_headmaster.rpy,2971,"h evil ""[what]"""
News_Headmaster_4454883a,,"The headmaster said, running a hand through his hair proudly.",game/tl/deutsch/scene/News/news_headmaster.rpy,2977,[what]
News_Headmaster_7fb91ba3,h,"Go ahead, [name]!",game/tl/deutsch/scene/News/news_headmaster.rpy,2983,"h evil ""[what]"""
News_Headmaster_7f75b1f2,,"The headmaster prompted, his eyes gleaming with anticipation, while unbottoning his own shirt.",game/tl/deutsch/scene/News/news_headmaster.rpy,2989,[what]
News_Headmaster_4f46963f,c,"Julian, I'm sorry.",game/tl/deutsch/scene/News/news_headmaster.rpy,2995,"c sad ""[what]"""
News_Headmaster_79c0fa39,,"You whispered, your heart pounding in your chest.",game/tl/deutsch/scene/News/news_headmaster.rpy,3001,[what]
News_Headmaster_1720cedd,,"You took a step forward, reaching out to touch Julian's shoulder, your movements hesitant and uneasy.",game/tl/deutsch/scene/News/news_headmaster.rpy,3007,[what]
News_Headmaster_34777f6c,j,Me too.,game/tl/deutsch/scene/News/news_headmaster.rpy,3013,"j sad ""[what]"""
News_Headmaster_263ec897,,"Julian murmured back, his own expression conflicted.",game/tl/deutsch/scene/News/news_headmaster.rpy,3019,[what]
News_Headmaster_d8d80b18,,"You hesitated, your hand on Julian's shoulder.",game/tl/deutsch/scene/News/news_headmaster.rpy,3025,[what]
News_Headmaster_f10ccb84,,Julians eyes widen as you slowly approach his mouth.,game/tl/deutsch/scene/News/news_headmaster.rpy,3031,[what]
News_Headmaster_9d8ba57c,,"The tip of you tongue gently and slowly glide over Julian's tightly pressed lips, begging for entrance.",game/tl/deutsch/scene/News/news_headmaster.rpy,3037,[what]
News_Headmaster_6bba8ec0,,"Your arms embrace Julian's stiff body, feeling his tense muscles.",game/tl/deutsch/scene/News/news_headmaster.rpy,3043,[what]
News_Headmaster_ae24f2f1,h,Open it!,game/tl/deutsch/scene/News/news_headmaster.rpy,3049,"h tough ""[what]"""
News_Headmaster_b743efc8,,"The headmaster commands, while breathing heavily.",game/tl/deutsch/scene/News/news_headmaster.rpy,3055,[what]
News_Headmaster_e984061c,,Julian's body stiffens even more as he slowly opens his mouth for you.,game/tl/deutsch/scene/News/news_headmaster.rpy,3061,[what]
News_Headmaster_51537c35,,"Your tongue enters and you moan slightly, as you finally can taste him, while your tonge slowly enters deeper into this uncharted territory.",game/tl/deutsch/scene/News/news_headmaster.rpy,3067,[what]
News_Headmaster_d0554609,j,[RelVal],game/tl/deutsch/scene/News/news_headmaster.rpy,3073,"j sad ""[what]"""
News_Headmaster_143db832,,Julian jumps as you smack him firmly on his naked butt.,game/tl/deutsch/scene/News/news_headmaster.rpy,3079,[what]
News_Headmaster_fa518eae,j,Hey!,game/tl/deutsch/scene/News/news_headmaster.rpy,3085,"j laugh ""[what]"""
News_Headmaster_3fda2803,,"You both laugh, lowering the tension.",game/tl/deutsch/scene/News/news_headmaster.rpy,3091,[what]
News_Headmaster_47ca9c8a,j,Stop it!,game/tl/deutsch/scene/News/news_headmaster.rpy,3097,"j laugh ""[what]"""
News_Headmaster_1a6e269e,,Julian shouts as you smack him again.,game/tl/deutsch/scene/News/news_headmaster.rpy,3103,[what]
News_Headmaster_98ab9c26,j,[RelVal],game/tl/deutsch/scene/News/news_headmaster.rpy,3109,"j friendly ""[what]"""
News_Headmaster_6290c368,,Julian inhales sharply as you gently touch his dick.,game/tl/deutsch/scene/News/news_headmaster.rpy,3115,[what]
News_Headmaster_6253826e,,"You can feel it grow as you start to move it forth and back, you own penis twitching in anticipation.",game/tl/deutsch/scene/News/news_headmaster.rpy,3121,[what]
News_Headmaster_5c42cf5f,h,"Now, turn around and bend over the desk.",game/tl/deutsch/scene/News/news_headmaster.rpy,3127,"h desire ""[what]"""
News_Headmaster_433b1dc3,,"He said, his eyes never leaving the two boys while he drops his pants.",game/tl/deutsch/scene/News/news_headmaster.rpy,3133,[what]
News_Headmaster_e8fe2d88,,"Julian did as he was told, feeling anger and humiliation burning inside him as he presented his ass to both men.",game/tl/deutsch/scene/News/news_headmaster.rpy,3139,[what]
News_Headmaster_2f70683a,,"The cool wood of the desk against his skin sent shivers down his spine, making him tremble with unease.",game/tl/deutsch/scene/News/news_headmaster.rpy,3145,[what]
News_Headmaster_758c8ced,,You watched as Julian's ass flexed and trembled enticingly before you.,game/tl/deutsch/scene/News/news_headmaster.rpy,3151,[what]
News_Headmaster_bb6b7296,,Your arousal was evident but mixed with confusion and discomfort.,game/tl/deutsch/scene/News/news_headmaster.rpy,3157,[what]
News_Headmaster_123eabf0,,"The headmaster stand up and slowly walked around the desk, running a hand down your back as he positioned himself behind you.",game/tl/deutsch/scene/News/news_headmaster.rpy,3163,[what]
News_Headmaster_955de669,h,"You know what to do,",game/tl/deutsch/scene/News/news_headmaster.rpy,3169,"h desire ""[what]"""
News_Headmaster_1e3e8cc3,,he whispered in your ear while placing a tube of lube in your hand.,game/tl/deutsch/scene/News/news_headmaster.rpy,3175,[what]
News_Headmaster_36127346,,You feel the headmaster's cock pressing against you from the back.,game/tl/deutsch/scene/News/news_headmaster.rpy,3181,[what]
News_Headmaster_f1ec06ba,,It was big!,game/tl/deutsch/scene/News/news_headmaster.rpy,3187,[what]
News_Headmaster_4dd362bc,,"Not unpropotional thick, but long!",game/tl/deutsch/scene/News/news_headmaster.rpy,3193,[what]
News_Headmaster_9333755f,,You can't avoid to wonder what it might feel like to be fucked by such a huge cock.,game/tl/deutsch/scene/News/news_headmaster.rpy,3199,[what]
News_Headmaster_11b7fd64,,"You have just been fucked for the first time, and while it was not as you imagined it, you are already longing for more.",game/tl/deutsch/scene/News/news_headmaster.rpy,3205,[what]
News_Headmaster_f552ba56,,You wonder if it hurts.,game/tl/deutsch/scene/News/news_headmaster.rpy,3211,[what]
News_Headmaster_7dab7986,,So this is it.,game/tl/deutsch/scene/News/news_headmaster.rpy,3217,[what]
News_Headmaster_d084d677,,The first time you fuck someone.,game/tl/deutsch/scene/News/news_headmaster.rpy,3223,[what]
News_Headmaster_447e0187,,Surely not how you'd have imagined it to happen.,game/tl/deutsch/scene/News/news_headmaster.rpy,3229,[what]
News_Headmaster_5b852395,,"With shaking hands, you reached out to cup Julian's ass cheeks, squeezing them gently before pushing his thumb into the center of his entrance, moistening it with the lube.",game/tl/deutsch/scene/News/news_headmaster.rpy,3235,[what]
News_Headmaster_5a08cfa2,,"A groan escaped from Julian's throat at the unexpected intrusion but he didn't move away, instead bracing himself for what was coming next.",game/tl/deutsch/scene/News/news_headmaster.rpy,3241,[what]
News_Headmaster_1525dad6,,"Sliding his cock against the tight ring of muscle, you let out a breath and pushed in slowly, both of you gasping as you filled him up.",game/tl/deutsch/scene/News/news_headmaster.rpy,3247,[what]
News_Headmaster_93450273,,The pain was sharp but mingled with a strange sort of pleasure that Julian couldn't quite place.,game/tl/deutsch/scene/News/news_headmaster.rpy,3253,[what]
News_Headmaster_d3a3b74c,,"As they began to move together, their bodies grinding against each other in rhythm, Julian closed his eyes tightly, trying to block out everything but the sensation of being filled and the sounds of their moans and gasps.",game/tl/deutsch/scene/News/news_headmaster.rpy,3259,[what]
News_Headmaster_88c2d2ca,,"The room seemed to shrink around them, the air thick with tension and unease.",game/tl/deutsch/scene/News/news_headmaster.rpy,3265,[what]
News_Headmaster_dc07513e,,"As you pushed into Julian, he fought back tears, hating the situation they were in and how powerless he felt.",game/tl/deutsch/scene/News/news_headmaster.rpy,3271,[what]
News_Headmaster_bc6b7463,,"Julian's eyes remained locked with his, and you could see the same mix of fear and determination that you felt mirrored in his gaze.",game/tl/deutsch/scene/News/news_headmaster.rpy,3277,[what]
News_Headmaster_74a61a1b,,"The headmaster watched on intently, his cock hardening in his pants at the sight of them together.",game/tl/deutsch/scene/News/news_headmaster.rpy,3283,[what]
News_Headmaster_332bff2d,,"He approached slowly, running a hand down Julian's back before stroking himself.",game/tl/deutsch/scene/News/news_headmaster.rpy,3289,[what]
News_Headmaster_bfa72d5a,,"Soon enough, he too joined in, pushing his hard cock hard into Julian's mouth, dampening Julian's groans.",game/tl/deutsch/scene/News/news_headmaster.rpy,3295,[what]
News_Headmaster_7aea992a_1,h,Good!,game/tl/deutsch/scene/News/news_headmaster.rpy,3301,"h happy ""[what]"""
News_Headmaster_036eba5e,,"The headmaster murmured, his pleasure evident as Julian serviced him.",game/tl/deutsch/scene/News/news_headmaster.rpy,3307,[what]
News_Headmaster_6a43824c,h,Keep going.,game/tl/deutsch/scene/News/news_headmaster.rpy,3313,"h desire ""[what]"""
News_Headmaster_f46b3282,,"The room was filled with the sound of skin slapping against skin, punctuated by heavy breathing and occasional grunts.",game/tl/deutsch/scene/News/news_headmaster.rpy,3319,[what]
News_Headmaster_205e766d,,"Sweat trickled down their bodies, mingling together as they moved in unison.",game/tl/deutsch/scene/News/news_headmaster.rpy,3325,[what]
News_Headmaster_1fc4a5d4,,"Shame and disgust swirled through your mind as you continued, each thrust bringing you closer to an end you both feared and longed for.",game/tl/deutsch/scene/News/news_headmaster.rpy,3331,[what]
News_Headmaster_b6bc710c,,"Your heart ached for Julian, for the pain and humiliation they both had to endure.",game/tl/deutsch/scene/News/news_headmaster.rpy,3337,[what]
News_Headmaster_aee6aa6a,h,"Almost done, boys!",game/tl/deutsch/scene/News/news_headmaster.rpy,3343,"h ""[what]"""
News_Headmaster_2c832dd5,,"The headmaster said, his breath hitching.",game/tl/deutsch/scene/News/news_headmaster.rpy,3349,[what]
News_Headmaster_e670eb79,,"He gripped Julian's hair roughly, forcing him to take more of him into his mouth.",game/tl/deutsch/scene/News/news_headmaster.rpy,3355,[what]
News_Headmaster_72727a9d,,"With a final thrust from both yourself and the headmaster, you came together, filling Julian with their seed as you cried out in ecstasy.",game/tl/deutsch/scene/News/news_headmaster.rpy,3361,[what]
News_Headmaster_58e331f8,,"And suddenly, it was over.",game/tl/deutsch/scene/News/news_headmaster.rpy,3367,[what]
News_Headmaster_e41503fa,,"They pulled out of him, leaving him panting and shivering on the desk, spent.",game/tl/deutsch/scene/News/news_headmaster.rpy,3373,[what]
News_Headmaster_48e59fa1,,"The headmaster cleaned up with a satisfied grin while you held Julian close, his heart racing wildly in his chest.",game/tl/deutsch/scene/News/news_headmaster.rpy,3379,[what]
News_Headmaster_d0285126,,Your body trembled with the effort it took to control your emotions as your withdrew from Julian.,game/tl/deutsch/scene/News/news_headmaster.rpy,3385,[what]
News_Headmaster_5650f747,,The room felt cold and hostile around them.,game/tl/deutsch/scene/News/news_headmaster.rpy,3391,[what]
News_Headmaster_af0180b1,h,Remember:,game/tl/deutsch/scene/News/news_headmaster.rpy,3397,"h tough ""[what]"""
News_Headmaster_0b971748,,"The headmaster warned, his eyes narrowing.",game/tl/deutsch/scene/News/news_headmaster.rpy,3403,[what]
News_Headmaster_1f2977ae,h,"If either of you do anything that could damage the university's reputation, there will be consequences.",game/tl/deutsch/scene/News/news_headmaster.rpy,3409,"h ""[what]"""
News_Headmaster_ef19a5cc,h,We clear?,game/tl/deutsch/scene/News/news_headmaster.rpy,3415,"h ""[what]"""
News_Headmaster_49ecfe95,h,Clear.,game/tl/deutsch/scene/News/news_headmaster.rpy,3421,"h sad ""[what]"""
News_Headmaster_16b4099b,,"You choked out, struggling to stand on shaky legs.",game/tl/deutsch/scene/News/news_headmaster.rpy,3427,[what]
News_Headmaster_77253606,h,Good.,game/tl/deutsch/scene/News/news_headmaster.rpy,3433,"h neutral ""[what]"""
News_Headmaster_f8bae74d,,You all begin to dress when the headmaster addresses you directly.,game/tl/deutsch/scene/News/news_headmaster.rpy,3439,[what]
News_Headmaster_92d8456b,h,You have done very well so far.,game/tl/deutsch/scene/News/news_headmaster.rpy,3445,"h friendly ""[what]"""
News_Headmaster_9e1d8372,h,Your marks have increased significantly.,game/tl/deutsch/scene/News/news_headmaster.rpy,3451,"h ""[what]"""
News_Headmaster_030d7f41,h,And I appreciate your willingness to support the school.,game/tl/deutsch/scene/News/news_headmaster.rpy,3457,"h ""[what]"""
News_Headmaster_09ebf856,h,Therefore I feel I can trust you with an important topic.,game/tl/deutsch/scene/News/news_headmaster.rpy,3463,"h happy ""[what]"""
News_Headmaster_79425e15,h,"Follow me, there is something I want to show you.",game/tl/deutsch/scene/News/news_headmaster.rpy,3469,"h neutral ""[what]"""
News_Headmaster_d00fbc94,c,I am not interested!,game/tl/deutsch/scene/News/news_headmaster.rpy,3475,"c suspicious ""[what]"""
News_Headmaster_49858edf,h,Initially I intended to show you something.,game/tl/deutsch/scene/News/news_headmaster.rpy,3481,"h tough ""[what]"""
News_Headmaster_00673ac3,h,"Unfortunately, I do not feel I can trust you with that.",game/tl/deutsch/scene/News/news_headmaster.rpy,3487,"h sad ""[what]"""
News_Headmaster_9f4bc41c_1,,The headmaster paused for a moment.,game/tl/deutsch/scene/News/news_headmaster.rpy,3493,[what]
News_Headmaster_2207fb8d,h,You can go.,game/tl/deutsch/scene/News/news_headmaster.rpy,3499,"h neutral ""[what]"""
News_Headmaster_239fe59a,,He waved dismissive with his hand.,game/tl/deutsch/scene/News/news_headmaster.rpy,3505,[what]
News_Headmaster_b5bd15ce,h,"Not you, Julian.",game/tl/deutsch/scene/News/news_headmaster.rpy,3511,"h evil ""[what]"""
News_Headmaster_20880847,,Julian stops dead in his track.,game/tl/deutsch/scene/News/news_headmaster.rpy,3517,[what]
News_Headmaster_dadbef67,h,You still have a donation to do.,game/tl/deutsch/scene/News/news_headmaster.rpy,3523,"h ""[what]"""
News_Headmaster_15194b50,j,"No, please!",game/tl/deutsch/scene/News/news_headmaster.rpy,3529,"j sad ""[what]"""
News_Headmaster_01cdc956,,The headmaster's eyes locked onto you again.,game/tl/deutsch/scene/News/news_headmaster.rpy,3535,[what]
News_Headmaster_84c1ae84,h,I said you can go!,game/tl/deutsch/scene/News/news_headmaster.rpy,3541,"h angry ""[what]"""
News_Intro_4646843b,,You wake up with a painful sensation - your morning glory prevented by the chastity cage.,game/tl/deutsch/scene/News/news_intro.rpy,219,[what]
News_Intro_ef7d065e,c,Damn!,game/tl/deutsch/scene/News/news_intro.rpy,225,"c angry ""[what]"""
News_Intro_6ae74d8d,c,"Oh, that's stupid!",game/tl/deutsch/scene/News/news_intro.rpy,231,"c tough ""[what]"""
News_Intro_8505c354,,"You stumble out of bed, your muscles screaming in protest.",game/tl/deutsch/scene/News/news_intro.rpy,237,[what]
News_Intro_4ad9fe2d,,"Looking around with bleary eyes, you sees your roommates have already gone.",game/tl/deutsch/scene/News/news_intro.rpy,243,[what]
News_Intro_2344865f,,"The room is dark, shadows reaching out from the corners.",game/tl/deutsch/scene/News/news_intro.rpy,249,[what]
News_Intro_a3ad34a6,,"The bright light from the lamp filled the room, illuminating every corner and casting crisp shadows.",game/tl/deutsch/scene/News/news_intro.rpy,255,[what]
News_Intro_df58b409,,"The cool air flowed through his open window, causing the curtains to billow gently in its wake.",game/tl/deutsch/scene/News/news_intro.rpy,261,[what]
News_Intro_9621aa71,,"You sat up in bed, taking in the sight of his room as if for the first time.",game/tl/deutsch/scene/News/news_intro.rpy,267,[what]
News_Intro_bab5d7b1,c,"Ugh,",game/tl/deutsch/scene/News/news_intro.rpy,273,"c sad ""[what]"""
News_Intro_5c8c26a4,,"you grumbled, rubbing your face with your hands.",game/tl/deutsch/scene/News/news_intro.rpy,279,[what]
News_Intro_33f16584,c,Why me?,game/tl/deutsch/scene/News/news_intro.rpy,285,"c sad ""[what]"""
News_Intro_1adb362d,,"You glanced around the empty room, realizing that neither Ron or Julian hadn't returned yet.",game/tl/deutsch/scene/News/news_intro.rpy,291,[what]
News_Intro_2d7180bc,,"Curling into yourself, you tried to block out the lingering humiliation, but the images of the gym and the ropes binding you refused to fade.",game/tl/deutsch/scene/News/news_intro.rpy,297,[what]
News_Intro_ccf57810,c,"Stupid headmaster,",game/tl/deutsch/scene/News/news_intro.rpy,303,"c angry ""[what]"""
News_Intro_1c519d30,,"You muttered under your breath, anger mixing with self-pity.",game/tl/deutsch/scene/News/news_intro.rpy,309,[what]
News_Intro_ab8a5a33,c,What does he even know about wrestling?,game/tl/deutsch/scene/News/news_intro.rpy,315,"c angry ""[what]"""
News_Intro_235d2230,,"You sighed, dragging yourself out of bed and stumbling to the bathroom.",game/tl/deutsch/scene/News/news_intro.rpy,321,[what]
News_Intro_ce2b47dc,,"As you stared at your reflection in the mirror, you couldn't help but wish that you'd never joined the wrestling tournament.",game/tl/deutsch/scene/News/news_intro.rpy,327,[what]
News_Intro_67feb994,c,"[name],",game/tl/deutsch/scene/News/news_intro.rpy,333,"c tough ""[what]"""
News_Intro_714a88bb,,"You whispered to yourself, gripping the sink tightly.",game/tl/deutsch/scene/News/news_intro.rpy,339,[what]
News_Intro_36c4635a,c,Get it together.,game/tl/deutsch/scene/News/news_intro.rpy,345,"c tough ""[what]"""
News_Intro_b7b0a134,,"The freezing water was like a slap in the face, shocking him awake and filling him with conflicting emotions.",game/tl/deutsch/scene/News/news_intro.rpy,351,[what]
News_Intro_ed405b06,,A subtle pain in your butt reminds you on how you got fucked by Nathan.,game/tl/deutsch/scene/News/news_intro.rpy,357,[what]
News_Intro_f92c8292,c,Hugh!,game/tl/deutsch/scene/News/news_intro.rpy,363,"c surprised ""[what]"""
News_Intro_510bfa86,,"You look at your own surprised face, as realization hits you.",game/tl/deutsch/scene/News/news_intro.rpy,369,[what]
News_Intro_cc4e2da5,c,I just lost my virginity.,game/tl/deutsch/scene/News/news_intro.rpy,375,"c ""[what]"""
News_Intro_59d7da4c,c,Not exactly how I imagined it to happen!,game/tl/deutsch/scene/News/news_intro.rpy,381,"c suspicious ""[what]"""
News_Intro_ee0d8847,,You chuckled.,game/tl/deutsch/scene/News/news_intro.rpy,387,[what]
News_Intro_4f0419b8,c,Could have been worse though.,game/tl/deutsch/scene/News/news_intro.rpy,393,"c happy ""[what]"""
News_Intro_f11a6107,c,"Time to face the world again,",game/tl/deutsch/scene/News/news_intro.rpy,399,"c tough ""[what]"""
News_Intro_81dc75b6,,"You told your reflection, determination shining in your eyes.",game/tl/deutsch/scene/News/news_intro.rpy,405,[what]
News_Intro_Julian_11b76be1,,"When you came back into the dorm room, Julian was sitting on his bed.",game/tl/deutsch/scene/News/news_intro_julian.rpy,417,[what]
News_Intro_Julian_edaf818c,,He must have entered the room while you have been in the bathroom.,game/tl/deutsch/scene/News/news_intro_julian.rpy,423,[what]
News_Intro_Julian_5f61504c,j,"Hey, you're finally up,",game/tl/deutsch/scene/News/news_intro_julian.rpy,429,"j neutral ""[what]"""
News_Intro_Julian_81b4fea1,,"Julian said, sitting cross-legged on his bed with an unreadable expression.",game/tl/deutsch/scene/News/news_intro_julian.rpy,435,[what]
News_Intro_Julian_d52d0ebd,c,"Ugh, what happened today?",game/tl/deutsch/scene/News/news_intro_julian.rpy,441,"c neutral ""[what]"""
News_Intro_Julian_dffda62d,,Your voice is still tinged with sleep.,game/tl/deutsch/scene/News/news_intro_julian.rpy,447,[what]
News_Intro_Julian_caf6bcad,j,"Quite a bit, actually.",game/tl/deutsch/scene/News/news_intro_julian.rpy,453,"j happy ""[what]"""
News_Intro_Julian_323a06a2,,Julian's eyes reflected a strange mix of amusement and concern.,game/tl/deutsch/scene/News/news_intro_julian.rpy,459,[what]
News_Intro_Julian_f02722c0,j,Pictures of yesterday's...incident went viral. The headmaster's been struggling to explain his new curriculum.,game/tl/deutsch/scene/News/news_intro_julian.rpy,465,"j neutral ""[what]"""
News_Intro_Julian_4e8c292a,,"You sat up, his curiosity piqued.",game/tl/deutsch/scene/News/news_intro_julian.rpy,471,[what]
News_Intro_Julian_d6da721b,c,And?,game/tl/deutsch/scene/News/news_intro_julian.rpy,477,"c suspicious ""[what]"""
News_Intro_Julian_05195dba,j,"Get this,",game/tl/deutsch/scene/News/news_intro_julian.rpy,483,"j evil ""[what]"""
News_Intro_Julian_2f8bf589,,"Julian continued, excitement bubbling beneath his words.",game/tl/deutsch/scene/News/news_intro_julian.rpy,489,[what]
News_Intro_Julian_fe7fa64d,j,He released a statement saying the cages are voluntary. Says anyone can have them removed at any time in his office.,game/tl/deutsch/scene/News/news_intro_julian.rpy,495,"j ""[what]"""
News_Intro_Julian_4258a8d3,c,Really?,game/tl/deutsch/scene/News/news_intro_julian.rpy,501,"c surprised ""[what]"""
News_Intro_Julian_12c20df6,,"You blinked, disbelief etched onto your face.",game/tl/deutsch/scene/News/news_intro_julian.rpy,507,[what]
News_Intro_Julian_8a7aac15,j,"Yep, and there's more. The university's invited the entire wrestling team to a day at a beach resort as an apology.",game/tl/deutsch/scene/News/news_intro_julian.rpy,513,"j happy ""[what]"""
News_Intro_Julian_d53e8fa0,c,"Wait, seriously? A beach resort?",game/tl/deutsch/scene/News/news_intro_julian.rpy,519,"c ""[what]"""
News_Intro_Julian_45b26937,,"You couldn't help but smile at the thought, your anticipation for the spa day already beginning to overshadow your lingering unease.",game/tl/deutsch/scene/News/news_intro_julian.rpy,525,[what]
News_Intro_Julian_845ea0a7,j,"Seriously. This whole thing's been a PR nightmare for them, I guess.",game/tl/deutsch/scene/News/news_intro_julian.rpy,531,"j ""[what]"""
News_Intro_Julian_fb2ace2e,j,"So, we get a free spa day out of it.",game/tl/deutsch/scene/News/news_intro_julian.rpy,537,"j ""[what]"""
News_Intro_Julian_61ec0039,,"You let out a laugh, the weight of yesterday's events momentarily lifted from your shoulders.",game/tl/deutsch/scene/News/news_intro_julian.rpy,543,[what]
News_Intro_Julian_9cede7ce,c,"Well, I suppose that's one good thing to come out of this mess.",game/tl/deutsch/scene/News/news_intro_julian.rpy,549,"c happy ""[what]"""
News_Intro_Julian_8e4dea0f,j,Right?,game/tl/deutsch/scene/News/news_intro_julian.rpy,555,"j ""[what]"""
News_Intro_Julian_9377c721,,Julian's eyes sparkled in agreement.,game/tl/deutsch/scene/News/news_intro_julian.rpy,561,[what]
News_Intro_Julian_d9dbdf11,j,"A day filled with sun, sand, and relaxation sounds perfect right about now.",game/tl/deutsch/scene/News/news_intro_julian.rpy,567,"j ""[what]"""
News_Intro_Julian_f6c25bc1,j,Definitely!,game/tl/deutsch/scene/News/news_intro_julian.rpy,573,"j happy ""[what]"""
News_Intro_Julian_1602beb1,,"You agreed, warmth blossoming in your chest at the prospect of spending a carefree day with your friends.",game/tl/deutsch/scene/News/news_intro_julian.rpy,579,[what]
News_Intro_Julian_435cb233,,"The beach, the sun, and the soothing waves—how could you not look forward to it?",game/tl/deutsch/scene/News/news_intro_julian.rpy,585,[what]
News_Intro_Julian_53b978e1,j,Let's just hope it helps us forget about everything else for a little while.,game/tl/deutsch/scene/News/news_intro_julian.rpy,591,"j neutral ""[what]"""
News_Intro_Julian_bf8de3ca,,"Julian added, a shadow of worry crossing his face.",game/tl/deutsch/scene/News/news_intro_julian.rpy,597,[what]
News_Intro_Julian_a586cfaf,,The events of the party - and what happens afterwards - came back into your mind.,game/tl/deutsch/scene/News/news_intro_julian.rpy,603,[what]
News_Intro_Julian_13112002,c,Are... are we good?,game/tl/deutsch/scene/News/news_intro_julian.rpy,609,"c suspicious ""[what]"""
News_Intro_Julian_59d966a7,,"Julian looked at you, his eyes narrowed and his mouth pressed.",game/tl/deutsch/scene/News/news_intro_julian.rpy,615,[what]
News_Intro_Julian_a2cb9fdd,j,Sure! Why shouldn't we be good?,game/tl/deutsch/scene/News/news_intro_julian.rpy,621,"j angry ""[what]"""
News_Intro_Julian_21e1cfc6,,"Surely there are several reasons, but you decide not to press the matter any further.",game/tl/deutsch/scene/News/news_intro_julian.rpy,627,[what]
News_Intro_Julian_fd13d9a0,,Julian looked at you with a sad expression in his face.,game/tl/deutsch/scene/News/news_intro_julian.rpy,633,[what]
News_Intro_Julian_1af6326b,j,It wasn't your fault.,game/tl/deutsch/scene/News/news_intro_julian.rpy,639,"j sad ""[what]"""
News_Intro_Julian_f087d691,j,I messed everything up at the party. I know that.,game/tl/deutsch/scene/News/news_intro_julian.rpy,645,"j ""[what]"""
News_Intro_Julian_7bfaf93a,j,When told Ron about my plan to drug him...,game/tl/deutsch/scene/News/news_intro_julian.rpy,651,"j tough ""[what]"""
News_Intro_Julian_efc5d830,j,It was a stupid idea. I should never have done that.,game/tl/deutsch/scene/News/news_intro_julian.rpy,657,"j ""[what]"""
News_Intro_Julian_3c6fba41,j,You did the right thing to tell him.,game/tl/deutsch/scene/News/news_intro_julian.rpy,663,"j sad ""[what]"""
News_Intro_Julian_da65f859,j,What happened after the party...,game/tl/deutsch/scene/News/news_intro_julian.rpy,669,"j sad ""[what]"""
News_Intro_Julian_12bad756,j,I did what I thought was the right thing to do.,game/tl/deutsch/scene/News/news_intro_julian.rpy,675,"j ""[what]"""
News_Intro_Julian_7af6bf17,j,Even though I was awfully mistaken.,game/tl/deutsch/scene/News/news_intro_julian.rpy,681,"j ""[what]"""
News_Intro_Julian_187f71e3,j,I know that now.,game/tl/deutsch/scene/News/news_intro_julian.rpy,687,"j down ""[what]"""
News_Intro_Julian_e43d2a04,j,What we did to Ron that evening...,game/tl/deutsch/scene/News/news_intro_julian.rpy,693,"j sad ""[what]"""
News_Intro_Julian_b4027fc0,j,I don't know if I can ever forgive me.,game/tl/deutsch/scene/News/news_intro_julian.rpy,699,"j ""[what]"""
News_Intro_Julian_bb98b3f4,j,"Whatever the headmaster has up on his sleeves for me as a punishment, I deserve worse!",game/tl/deutsch/scene/News/news_intro_julian.rpy,705,"j down ""[what]"""
News_Intro_Julian_02c23936,c,Don't say that.,game/tl/deutsch/scene/News/news_intro_julian.rpy,711,"c sad nude ""[what]"""
News_Intro_Julian_c72eed96,j,But it is true!,game/tl/deutsch/scene/News/news_intro_julian.rpy,717,"j ""[what]"""
News_Intro_Julian_9ca4399f,c,As you sad: Let's hope we can forget about it at the beach resort.,game/tl/deutsch/scene/News/news_intro_julian.rpy,723,"c sad ""[what]"""
News_Intro_Julian_488a3635,,"Your excitement now tinged with an undercurrent of uncertainty. But for now, he'd hold onto the promise of that sun-drenched day, letting it guide him through the lingering shadows.",game/tl/deutsch/scene/News/news_intro_julian.rpy,729,[what]
News_Intro_Julian_0dfb7d7c,j,"By the way,",game/tl/deutsch/scene/News/news_intro_julian.rpy,735,"j neutral ""[what]"""
News_Intro_Julian_9d2864b6,,"Julian said, pausing for a moment before continuing.",game/tl/deutsch/scene/News/news_intro_julian.rpy,741,[what]
News_Intro_Julian_d1e8295d,j,The headmaster wants to speak with both of us.,game/tl/deutsch/scene/News/news_intro_julian.rpy,747,"j ""[what]"""
News_Intro_Julian_775c01b8,,"Your excitement vanished as quickly as it had appeared, replaced by a knot of anxiety in your stomach.",game/tl/deutsch/scene/News/news_intro_julian.rpy,753,[what]
News_Intro_Julian_7ed37913,,"The meeting with the headmaster loomed over you like an ominous cloud, casting a shadow on the beach resort plans.",game/tl/deutsch/scene/News/news_intro_julian.rpy,759,[what]
News_Intro_Julian_cfe70721,c,What?!,game/tl/deutsch/scene/News/news_intro_julian.rpy,765,"c surprised nude ""[what]"""
News_Intro_Julian_913b2785,j,I don't know. But it sounded important.,game/tl/deutsch/scene/News/news_intro_julian.rpy,771,"j neutral ""[what]"""
News_Intro_Julian_a1eb4118,c,Great.,game/tl/deutsch/scene/News/news_intro_julian.rpy,777,"c tough ""[what]"""
News_Intro_Julian_5f78cb1a,,Sarcasm dripped from your words as you imagined what could possibly be so important that the headmaster needed to see them personally.,game/tl/deutsch/scene/News/news_intro_julian.rpy,783,[what]
News_Intro_Julian_f1cad335,,"Their meeting loomed over you like a dark cloud, casting shadows on your sunny thoughts.",game/tl/deutsch/scene/News/news_intro_julian.rpy,789,[what]
News_Intro_Julian_85f6a889,j,Come on.,game/tl/deutsch/scene/News/news_intro_julian.rpy,795,"j tough ""[what]"""
News_Intro_Julian_57485249,,He stands up from his bed.,game/tl/deutsch/scene/News/news_intro_julian.rpy,801,[what]
News_Intro_Julian_23901fc1,j,Let's get this over with.,game/tl/deutsch/scene/News/news_intro_julian.rpy,807,"j ""[what]"""
News_Intro_Julian_147cd935,,"You got dressed quickly and both of you walked down the hall toward the headmaster's office, each step heavier than the last.",game/tl/deutsch/scene/News/news_intro_julian.rpy,813,[what]
News_Intro_Julian_b88c1ab0,,"Your heart pounded in your chest; uncertainty gnawed at him, chewing away any remnants of excitement.",game/tl/deutsch/scene/News/news_intro_julian.rpy,819,[what]
News_Intro_Ron_9ce337e1,,"You were still nursing your bruised ego when Ron burst through the door, excitement evident in his eyes.",game/tl/deutsch/scene/News/news_intro_ron.rpy,333,[what]
News_Intro_Ron_f397680e,r,"Man, you won't believe what happened today!",game/tl/deutsch/scene/News/news_intro_ron.rpy,339,"r happy ""[what]"""
News_Intro_Ron_519390ac,r,"Pictures of your...uh, accident went viral.",game/tl/deutsch/scene/News/news_intro_ron.rpy,345,"r ""[what]"""
News_Intro_Ron_72b50a45,r,"After you have been gone, Vincent volunteered to be tied up instead.",game/tl/deutsch/scene/News/news_intro_ron.rpy,351,"r ""[what]"""
News_Intro_Ron_318f0a8b,r,"People made pictures of him, tied up and caged and all.",game/tl/deutsch/scene/News/news_intro_ron.rpy,357,"r happy ""[what]"""
News_Intro_Ron_c1aee87e,r,Those images went viral in no time!,game/tl/deutsch/scene/News/news_intro_ron.rpy,363,"r evil ""[what]"""
News_Intro_Ron_21edd8eb,r,The headmaster's been having a rough time explaining his new curriculum.,game/tl/deutsch/scene/News/news_intro_ron.rpy,369,"r ""[what]"""
News_Intro_Ron_37766649,c,Seriously?,game/tl/deutsch/scene/News/news_intro_ron.rpy,375,"c suspicious ""[what]"""
News_Intro_Ron_766344a5,,"You asked, trying to suppress your own amusement at the thought of the headmaster squirming.",game/tl/deutsch/scene/News/news_intro_ron.rpy,381,[what]
News_Intro_Ron_8143d687,r,"Yep. And it gets better,",game/tl/deutsch/scene/News/news_intro_ron.rpy,387,"r ""[what]"""
News_Intro_Ron_bbd7f32c,,"Ron continued, unable to contain his enthusiasm.",game/tl/deutsch/scene/News/news_intro_ron.rpy,393,[what]
News_Intro_Ron_df6129fc,r,He published a statement saying the cages are voluntary and anyone can have them removed at any time in his office.,game/tl/deutsch/scene/News/news_intro_ron.rpy,399,"r ""[what]"""
News_Intro_Ron_c962c430,r,"Plus, the whole wrestling team is invited to a day at the beach resort by the university!",game/tl/deutsch/scene/News/news_intro_ron.rpy,405,"r ""[what]"""
News_Intro_Ron_3937c401,c,"Wait, really? A spa day?",game/tl/deutsch/scene/News/news_intro_ron.rpy,411,"c ""[what]"""
News_Intro_Ron_30e8c777,,You couldn't help but feel a jolt of surprise and excitement at this development.,game/tl/deutsch/scene/News/news_intro_ron.rpy,417,[what]
News_Intro_Ron_7b44d900,,You have never been to a fancy resort before and the idea of indulging in a day of relaxation sounded too good to be true.,game/tl/deutsch/scene/News/news_intro_ron.rpy,423,[what]
News_Intro_Ron_43ad6be6,r,Absolutely! It's like they're trying to make up for everything that happened.,game/tl/deutsch/scene/News/news_intro_ron.rpy,429,"r ""[what]"""
News_Intro_Ron_2dde63c4,r,"Imagine all those massages, beach volleyball, and cocktails...",game/tl/deutsch/scene/News/news_intro_ron.rpy,435,"r flirt ""[what]"""
News_Intro_Ron_af08ac16,r,We deserve it after this hellish week.,game/tl/deutsch/scene/News/news_intro_ron.rpy,441,"r evil ""[what]"""
News_Intro_Ron_64d82647,,Ron hesitates for a moment.,game/tl/deutsch/scene/News/news_intro_ron.rpy,447,[what]
News_Intro_Ron_0ca61517,r,I guess you have earned it more than everyone else.,game/tl/deutsch/scene/News/news_intro_ron.rpy,453,"r suspicious ""[what]"""
News_Intro_Ron_7bc9e45c,r,After what happened...,game/tl/deutsch/scene/News/news_intro_ron.rpy,459,"r sad ""[what]"""
News_Intro_Ron_27a8f96d,c,"Well, it was my own choice.",game/tl/deutsch/scene/News/news_intro_ron.rpy,465,"c neutral ""[what]"""
News_Intro_Ron_43cf1fd3,c,"I could have said \""no\"" after all.",game/tl/deutsch/scene/News/news_intro_ron.rpy,471,"c ""[what]"""
News_Intro_Ron_8a4a03da,r,You really think you could have done that?,game/tl/deutsch/scene/News/news_intro_ron.rpy,477,"r suspicious ""[what]"""
News_Intro_Ron_f1576c43,c,I still can't believe he forced this upon me!,game/tl/deutsch/scene/News/news_intro_ron.rpy,483,"c angry ""[what]"""
News_Intro_Ron_466402d7,,"As much as you wanted to revel in this newfound opportunity, another thought lingered in your mind – Nathan.",game/tl/deutsch/scene/News/news_intro_ron.rpy,489,[what]
News_Intro_Ron_98e43209,,Did he know about the spa day?,game/tl/deutsch/scene/News/news_intro_ron.rpy,495,[what]
News_Intro_Ron_b828956b,,Would he join them?,game/tl/deutsch/scene/News/news_intro_ron.rpy,501,[what]
News_Intro_Ron_78c925cb,,Or would he stay away knowing the headmaster would probably be there?,game/tl/deutsch/scene/News/news_intro_ron.rpy,507,[what]
News_Intro_Ron_601bf5e7,,What would Ned say to your interaction with Nathan?,game/tl/deutsch/scene/News/news_intro_ron.rpy,513,[what]
News_Intro_Ron_78c298ef,,"If he ever found out, that is.",game/tl/deutsch/scene/News/news_intro_ron.rpy,519,[what]
News_Intro_Ron_ede5464b,,Probably best not to tell him about.,game/tl/deutsch/scene/News/news_intro_ron.rpy,525,[what]
News_Intro_Ron_acd0084b,,What would Ron say about the nightly encounter with Nathan?,game/tl/deutsch/scene/News/news_intro_ron.rpy,531,[what]
News_Intro_Ron_b59e7664,,Maybe you should tell him?,game/tl/deutsch/scene/News/news_intro_ron.rpy,537,[what]
News_Intro_Ron_60dae23e,,You decide it is not the right moment now.,game/tl/deutsch/scene/News/news_intro_ron.rpy,543,[what]
News_Intro_Ron_cd537e49,,Maybe another time.,game/tl/deutsch/scene/News/news_intro_ron.rpy,549,[what]
News_Intro_Ron_469cd171,,Maybe.,game/tl/deutsch/scene/News/news_intro_ron.rpy,555,[what]
News_Intro_Ron_4c0788a5,,"It is not your fault he fucked you, right?",game/tl/deutsch/scene/News/news_intro_ron.rpy,561,[what]
News_Intro_Ron_927914d3,,Not much you could have done about it after all...,game/tl/deutsch/scene/News/news_intro_ron.rpy,567,[what]
News_Intro_Ron_302d54ed,r,"Hey, there's one more thing,",game/tl/deutsch/scene/News/news_intro_ron.rpy,573,"r suspicious ""[what]"""
News_Intro_Ron_1e045a10,,Ron added hesitantly.,game/tl/deutsch/scene/News/news_intro_ron.rpy,579,[what]
News_Intro_Ron_41b6cb9c,r,The headmaster wants to speak with us.,game/tl/deutsch/scene/News/news_intro_ron.rpy,585,"r ""[what]"""
News_Intro_Ron_79b4b640,r,"I don't know why or what it's about, but he wants to meet us at his home.",game/tl/deutsch/scene/News/news_intro_ron.rpy,591,"r suspicious ""[what]"""
News_Intro_Ron_34641e25,r,You think he wants to expel me?,game/tl/deutsch/scene/News/news_intro_ron.rpy,597,"r sad ""[what]"""
News_Intro_Ron_2fad006e,c,"I doubt it. If so, he would meet you at the office, not at his home.",game/tl/deutsch/scene/News/news_intro_ron.rpy,603,"c suspicious ""[what]"""
News_Intro_Ron_33d31d2f,r,You are right!,game/tl/deutsch/scene/News/news_intro_ron.rpy,609,"r happy ""[what]"""
News_Intro_Ron_c92c4121,r,I wonder how his house looks like.,game/tl/deutsch/scene/News/news_intro_ron.rpy,615,"r suspicious ""[what]"""
News_Intro_Ron_8f4587bd,,"At the mention of the headmaster, your excitement faded immediately, replaced by a knot of uncertainty in your stomach.",game/tl/deutsch/scene/News/news_intro_ron.rpy,621,[what]
News_Intro_Ron_e2e55e7d,,What could the headmaster possibly want to talk about?,game/tl/deutsch/scene/News/news_intro_ron.rpy,627,[what]
News_Intro_Ron_7e832ffc,,Was it regarding the punishment or the pictures?,game/tl/deutsch/scene/News/news_intro_ron.rpy,633,[what]
News_Intro_Ron_665b2f32,,Did he blame you for the backlash?,game/tl/deutsch/scene/News/news_intro_ron.rpy,639,[what]
News_Intro_Ron_f67ed7d7,c,"Thanks for letting me know, Ron.",game/tl/deutsch/scene/News/news_intro_ron.rpy,645,"c neutral ""[what]"""
News_Intro_Ron_3d1d0867,,"As Ron continued to chatter about the upcoming spa day, you couldn't help but feel torn between excitement and apprehension, unsure of what awaited him in the headmaster's home.",game/tl/deutsch/scene/News/news_intro_ron.rpy,651,[what]
na_fight_fb326301,na,That was a good fight!,game/tl/deutsch/scene/Wrestling/na_fight.rpy,387,"na smile nude ""[what]"""
na_fight_b1c28fdb,c,Ready for the next round?,game/tl/deutsch/scene/Wrestling/na_fight.rpy,393,"c neutral nude ""[what]"""
na_fight_9048842d,na,Bring it on!,game/tl/deutsch/scene/Wrestling/na_fight.rpy,399,"na friendly nude ""[what]"""
na_fight_6d5f4f1f,c,You never stood a chance!,game/tl/deutsch/scene/Wrestling/na_fight.rpy,405,"c happy nude ""[what]"""
na_fight_9259f1d0,c,Ready to be humilated - again?,game/tl/deutsch/scene/Wrestling/na_fight.rpy,411,"c evil nude ""[what]"""
na_fight_96119b30,na,No need to be rude!,game/tl/deutsch/scene/Wrestling/na_fight.rpy,417,"na sad nude ""[what]"""
na_fight_8b40f0ad,na,[RelVal],game/tl/deutsch/scene/Wrestling/na_fight.rpy,423,"na sad nude ""[what]"""
na_fight_4e3ec7e8,c,That was a good fight!,game/tl/deutsch/scene/Wrestling/na_fight.rpy,429,"c flirt nude ""[what]"""
na_fight_20cdac08,na,Thank you. I'll try harder this time.,game/tl/deutsch/scene/Wrestling/na_fight.rpy,435,"na shy nude ""[what]"""
na_fight_a415f896,na,[RelVal],game/tl/deutsch/scene/Wrestling/na_fight.rpy,441,"na friendly nude ""[what]"""
na_fight_6f07d8cf,na,Good fight!,game/tl/deutsch/scene/Wrestling/na_fight.rpy,447,"na friendly nude ""[what]"""
na_fight_2f01b47d,c,Indeed. You are tougher than you look.,game/tl/deutsch/scene/Wrestling/na_fight.rpy,453,"c smile nude ""[what]"""
na_fight_52523393,na,Thank you.,game/tl/deutsch/scene/Wrestling/na_fight.rpy,459,"na happy nude ""[what]"""
na_fight_9957b8e5,na,"I is all about the technique, you know.",game/tl/deutsch/scene/Wrestling/na_fight.rpy,465,"na friendly nude ""[what]"""
na_fight_44a461a8,c,Maybe you can teach me a trick or two.,game/tl/deutsch/scene/Wrestling/na_fight.rpy,471,"c flirt nude ""[what]"""
na_fight_b39cf594,na,"Yeah, maybe.",game/tl/deutsch/scene/Wrestling/na_fight.rpy,477,"na flirt nude ""[what]"""
na_fight_b4dd7d32,na,[RelVal],game/tl/deutsch/scene/Wrestling/na_fight.rpy,483,"na flirt nude ""[what]"""
na_fight_f34df61c,c,You just caught me off balance!,game/tl/deutsch/scene/Wrestling/na_fight.rpy,489,"c angry nude ""[what]"""
na_fight_8778381e,na,Sure. You want a revenge then?,game/tl/deutsch/scene/Wrestling/na_fight.rpy,495,"na happy nude ""[what]"""
na_fight_08c25da4,c,You can count on that!,game/tl/deutsch/scene/Wrestling/na_fight.rpy,501,"c evil nude ""[what]"""
na_fight_906f4999,c,This will not stand!,game/tl/deutsch/scene/Wrestling/na_fight.rpy,507,"c hate nude ""[what]"""
na_fight_11ebbc7f,c,I will crush you!,game/tl/deutsch/scene/Wrestling/na_fight.rpy,513,"c angry nude ""[what]"""
na_fight_80145aaa,na,"Dude, this is just a game!",game/tl/deutsch/scene/Wrestling/na_fight.rpy,519,"na shy nude ""[what]"""
na_fight_f0c00b4d,c,"No, not for me!",game/tl/deutsch/scene/Wrestling/na_fight.rpy,525,"c angry nude ""[what]"""
na_fight_97791d48,na,[RelVal],game/tl/deutsch/scene/Wrestling/na_fight.rpy,531,"na worry nude ""[what]"""
na_fight_614b2564,na,Stop it! Please!,game/tl/deutsch/scene/Wrestling/na_fight.rpy,537,"na pain nude ""[what]"""
na_fight_5086ee6b,c,You give up?,game/tl/deutsch/scene/Wrestling/na_fight.rpy,543,"c smile nude ""[what]"""
na_fight_414c1560,na,Yes! Yes! Let Me go!,game/tl/deutsch/scene/Wrestling/na_fight.rpy,549,"na pain nude ""[what]"""
na_fight_225c6557,na,Please!,game/tl/deutsch/scene/Wrestling/na_fight.rpy,555,"na sad nude ""[what]"""
na_fight_037f4dec,z,Enough!,game/tl/deutsch/scene/Wrestling/na_fight.rpy,561,"z angry ""[what]"""
na_fight_cbeeecc0,c,What the...?,game/tl/deutsch/scene/Wrestling/na_fight.rpy,567,"c surprised nude ""[what]"""
na_fight_ff226a59,na,Are you alright?,game/tl/deutsch/scene/Wrestling/na_fight.rpy,573,"na worry nude ""[what]"""
na_fight_9785f636,c,"Yes, I am good.",game/tl/deutsch/scene/Wrestling/na_fight.rpy,579,"c smile nude ""[what]"""
na_fight_b78876a8,c,Only my pride got hurt.,game/tl/deutsch/scene/Wrestling/na_fight.rpy,585,"c shy nude ""[what]"""
na_fight_3e610224,na,"Yeah, well. You got another chance to settle it.",game/tl/deutsch/scene/Wrestling/na_fight.rpy,591,"na friendly nude ""[what]"""
na_fight_18e6eff9,na,Maybe you needed that.,game/tl/deutsch/scene/Wrestling/na_fight.rpy,597,"na tough nude ""[what]"""
na_fight_d8360869,c,Shut up.,game/tl/deutsch/scene/Wrestling/na_fight.rpy,603,"c tough nude ""[what]"""
na_fight_3cadd4d7,na,That wasn't necessary.,game/tl/deutsch/scene/Wrestling/na_fight.rpy,609,"na sad nude ""[what]"""
na_fight_b876dd26,c,What exactly?,game/tl/deutsch/scene/Wrestling/na_fight.rpy,615,"c suspicious nude ""[what]"""
na_fight_4aa43917,na,I told you I'd give up.,game/tl/deutsch/scene/Wrestling/na_fight.rpy,621,"na tough nude ""[what]"""
na_fight_43fff28f,na,WHy did you not stop it?,game/tl/deutsch/scene/Wrestling/na_fight.rpy,627,"na sad nude ""[what]"""
na_fight_041f646d,c,I am sorry. I was so caught up in the fight...,game/tl/deutsch/scene/Wrestling/na_fight.rpy,633,"c sad nude ""[what]"""
na_fight_eb931350,na,It's okay.,game/tl/deutsch/scene/Wrestling/na_fight.rpy,639,"na neutral nude ""[what]"""
na_fight_65a64e2e,na,Apology accepted.,game/tl/deutsch/scene/Wrestling/na_fight.rpy,645,"na friendly nude ""[what]"""
na_fight_a415f896_1,na,[RelVal],game/tl/deutsch/scene/Wrestling/na_fight.rpy,651,"na friendly nude ""[what]"""
na_fight_1a1d6885,c,Stop whining!,game/tl/deutsch/scene/Wrestling/na_fight.rpy,657,"c angry nude ""[what]"""
na_fight_031b755f,c,This is a fight. A battle.,game/tl/deutsch/scene/Wrestling/na_fight.rpy,663,"c tough nude ""[what]"""
na_fight_bd8ca1cf,c,"If you can't handle it, maybe you should give up right away.",game/tl/deutsch/scene/Wrestling/na_fight.rpy,669,"c evil nude ""[what]"""
na_fight_a3d047c5,na,We will see who is going to whine next!,game/tl/deutsch/scene/Wrestling/na_fight.rpy,675,"na hate nude ""[what]"""
na_fight_ada70b29,na,[RelVal],game/tl/deutsch/scene/Wrestling/na_fight.rpy,681,"na hate nude ""[what]"""
na_fight_c53016a7,na,"You did not really pass out, did you?",game/tl/deutsch/scene/Wrestling/na_fight.rpy,687,"na suspicious nude ""[what]"""
na_fight_ee9daa91,c,"No, I was just surprised by your move, that's all.",game/tl/deutsch/scene/Wrestling/na_fight.rpy,693,"c friendly nude ""[what]"""
na_fight_f310f6a7,na,"Oh, good. You got me worried for a sec.",game/tl/deutsch/scene/Wrestling/na_fight.rpy,699,"na flirt nude ""[what]"""
na_fight_939e0004,c,"No, really. No harm done.",game/tl/deutsch/scene/Wrestling/na_fight.rpy,705,"c friendly nude ""[what]"""
na_fight_d9844be1,na,I'll try harder next time then.,game/tl/deutsch/scene/Wrestling/na_fight.rpy,711,"na evil nude ""[what]"""
na_fight_59ab4059,c,"Yeah, you can try. But you won't catch me by surprise like that again.",game/tl/deutsch/scene/Wrestling/na_fight.rpy,717,"c angry nude ""[what]"""
na_fight_3c5c68e5,na,We will see. I still got some tricks in my sleeve left.,game/tl/deutsch/scene/Wrestling/na_fight.rpy,723,"na tough nude ""[what]"""
na_fight_997883dd,c,"I don't need any tricks to defeat you, anytime!",game/tl/deutsch/scene/Wrestling/na_fight.rpy,729,"c tough nude ""[what]"""
na_fight_08820b15,na,Let my arm go!,game/tl/deutsch/scene/Wrestling/na_fight.rpy,735,"na angry nude ""[what]"""
na_fight_8a60bf29,c,As you wish!,game/tl/deutsch/scene/Wrestling/na_fight.rpy,741,"c evil nude ""[what]"""
na_fight_684504ae,,"You release his arm all of a sudden, which he is pulling hard to break free. That causes him to loose balance.",game/tl/deutsch/scene/Wrestling/na_fight.rpy,747,[what]
na_fight_1aaba3f6,na,What the?,game/tl/deutsch/scene/Wrestling/na_fight.rpy,753,"na surprised nude ""[what]"""
na_fight_2f511f53,,"You use the moment and before he really understands what happened, you are on top of him.",game/tl/deutsch/scene/Wrestling/na_fight.rpy,759,[what]
na_fight_22ea1774,c,Gotcha!,game/tl/deutsch/scene/Wrestling/na_fight.rpy,765,"c happy nude ""[what]"""
na_fight_d2c83283,na,"Uhh, get your crotch out of my face!",game/tl/deutsch/scene/Wrestling/na_fight.rpy,771,"na pain nude ""[what]"""
na_fight_9c1021d0,c,Don't pretend you don't like it!,game/tl/deutsch/scene/Wrestling/na_fight.rpy,777,"c evil nude ""[what]"""
na_fight_888555bf,,You grab his head and press it even more against your crotch.,game/tl/deutsch/scene/Wrestling/na_fight.rpy,783,[what]
na_fight_bd9377b7,z,Enough!,game/tl/deutsch/scene/Wrestling/na_fight.rpy,789,"z neutral ""[what]"""
na_fight_53d09142,z,Point for [name].,game/tl/deutsch/scene/Wrestling/na_fight.rpy,1597,"z neutral ""[what]"""
na_fight_c524306f,na,That's not fair!,game/tl/deutsch/scene/Wrestling/na_fight.rpy,801,"na angry nude ""[what]"""
na_fight_25cc85a5,c,Shit!,game/tl/deutsch/scene/Wrestling/na_fight.rpy,807,"c angry nude ""[what]"""
na_fight_fc89c92f,na,You can struggle as much as you want to.,game/tl/deutsch/scene/Wrestling/na_fight.rpy,813,"na flirt nude ""[what]"""
na_fight_a528aed2,na,I got your neck. Literally.,game/tl/deutsch/scene/Wrestling/na_fight.rpy,819,"na evil nude ""[what]"""
na_fight_d4163d01,z,Point for Nathan.,game/tl/deutsch/scene/Wrestling/na_fight.rpy,825,"z neutral ""[what]"""
na_fight_aa171f1e,c,God damn it!,game/tl/deutsch/scene/Wrestling/na_fight.rpy,831,"c angry nude ""[what]"""
na_fight_4140a495,z,This was an intense fight!,game/tl/deutsch/scene/Wrestling/na_fight.rpy,837,"z friendly ""[what]"""
r_fight_ae75ecdf,c,Hey Ron! Good to see you.,game/tl/deutsch/scene/Wrestling/r_fight.rpy,7,"c happy nude ""[what]"""
r_fight_19258947,r,"Good to see you, too!",game/tl/deutsch/scene/Wrestling/r_fight.rpy,13,"r happy nude ""[what]"""
r_fight_acb7e2c7,c,Ready to fight?,game/tl/deutsch/scene/Wrestling/r_fight.rpy,19,"c evil nude ""[what]"""
r_fight_54066bad,r,I am looking forward to it!,game/tl/deutsch/scene/Wrestling/r_fight.rpy,25,"r flirt nude ""[what]"""
r_fight_d9aaa60b,c,Ready to loose?,game/tl/deutsch/scene/Wrestling/r_fight.rpy,31,"c tough nude ""[what]"""
r_fight_bade990d,,Without warning Ron slaps [name] in his face.,game/tl/deutsch/scene/Wrestling/r_fight.rpy,37,[what]
r_fight_91762a35,c,Ouch! What the fuck?!,game/tl/deutsch/scene/Wrestling/r_fight.rpy,43,"c angry nude ""[what]"""
r_fight_037f4dec,z,Enough!,game/tl/deutsch/scene/Wrestling/r_fight.rpy,49,"z angry ""[what]"""
r_fight_20007773,z,"Ronald, once more and you will be disqualified.",game/tl/deutsch/scene/Wrestling/r_fight.rpy,55,"z angry ""[what]"""
r_fight_1b77812d,r,Whatever.,game/tl/deutsch/scene/Wrestling/r_fight.rpy,61,"r tough ""[what]"""
r_fight_e610dcfc,r,"You won't be too hard with me, will you?",game/tl/deutsch/scene/Wrestling/r_fight.rpy,67,"r flirt nude ""[what]"""
r_fight_a6e06221,c,Depends. Do you want me to?,game/tl/deutsch/scene/Wrestling/r_fight.rpy,73,"c flirt nude ""[what]"""
r_fight_52e48ff0,r,Do your worst!,game/tl/deutsch/scene/Wrestling/r_fight.rpy,79,"r evil nude ""[what]"""
r_fight_61052637,c,As you wish!,game/tl/deutsch/scene/Wrestling/r_fight.rpy,85,"c happy nude ""[what]"""
r_fight_a1bbd2d5,r,I won't make this easy for you!,game/tl/deutsch/scene/Wrestling/r_fight.rpy,91,"r angry nude ""[what]"""
r_fight_25b8cf08,c,Doesn't matter. You don't stand a chance!,game/tl/deutsch/scene/Wrestling/r_fight.rpy,97,"c evil nude ""[what]"""
r_fight_965532d8,r,You want me to go hard on you?,game/tl/deutsch/scene/Wrestling/r_fight.rpy,109,"r desire nude ""[what]"""
r_fight_0f88e3b9,c,Stop talking like that!,game/tl/deutsch/scene/Wrestling/r_fight.rpy,115,"c laugh nude ""[what]"""
r_fight_67f4dcde,c,Or I will be hard soon!,game/tl/deutsch/scene/Wrestling/r_fight.rpy,121,"c desire nude ""[what]"""
r_fight_2d7f50bb,r,I would like to see that!,game/tl/deutsch/scene/Wrestling/r_fight.rpy,127,"r flirt nude ""[what]"""
r_fight_012383da,c,Yeah. Maybe not while the whole school is watching.,game/tl/deutsch/scene/Wrestling/r_fight.rpy,133,"c shy nude ""[what]"""
r_fight_b2fee6b2,r,I don't care.,game/tl/deutsch/scene/Wrestling/r_fight.rpy,139,"r desire nude ""[what]"""
r_fight_200b29b2,c,You are a very special someone!,game/tl/deutsch/scene/Wrestling/r_fight.rpy,145,"c smile nude ""[what]"""
r_fight_6d3fa935,r,I know!,game/tl/deutsch/scene/Wrestling/r_fight.rpy,151,"r happy nude ""[what]"""
r_fight_cfbbc1bc,r,I will humiliate you in front of the whole school!,game/tl/deutsch/scene/Wrestling/r_fight.rpy,157,"r angry nude ""[what]"""
r_fight_15d65418,c,You can try...,game/tl/deutsch/scene/Wrestling/r_fight.rpy,163,"c angry nude ""[what]"""
r_fight_e33f644a,,"When Ron attacked, it looks like he has the upper hand.",game/tl/deutsch/scene/Wrestling/r_fight.rpy,175,[what]
r_fight_9a2fc366,,But with a swift movement you managed to lock Ron's arms with his legs.,game/tl/deutsch/scene/Wrestling/r_fight.rpy,181,[what]
r_fight_715f80e3,r,What the... how did you do that?,game/tl/deutsch/scene/Wrestling/r_fight.rpy,187,"r suspicious nude ""[what]"""
r_fight_9fe2bf3d,,"Ron struggles, but you just has to increase the pressure a little to make Ron wince.",game/tl/deutsch/scene/Wrestling/r_fight.rpy,193,[what]
r_fight_ab4ef851,r,Ouch!,game/tl/deutsch/scene/Wrestling/r_fight.rpy,199,"r pain nude ""[what]"""
r_fight_2c3afdeb,z,Apart!,game/tl/deutsch/scene/Wrestling/r_fight.rpy,205,"z tough ""[what]"""
r_fight_adbe6480,,"Ron is on top of you, but the match is still open.",game/tl/deutsch/scene/Wrestling/r_fight.rpy,217,[what]
r_fight_13cd79b2,,"While they struggle, your leg went up...",game/tl/deutsch/scene/Wrestling/r_fight.rpy,223,[what]
r_fight_b2a17a75,,... and hit him right in the guts.,game/tl/deutsch/scene/Wrestling/r_fight.rpy,229,[what]
r_fight_3a1b580b,r,Ahhh!,game/tl/deutsch/scene/Wrestling/r_fight.rpy,235,"r pain nude ""[what]"""
r_fight_8527a702,r,Fuck!,game/tl/deutsch/scene/Wrestling/r_fight.rpy,241,"r pain nude ""[what]"""
r_fight_9d0278ff,c,Oh no! I am so sorry!,game/tl/deutsch/scene/Wrestling/r_fight.rpy,247,"c sad nude ""[what]"""
r_fight_39d139ad,r,You really need to be more careful there!,game/tl/deutsch/scene/Wrestling/r_fight.rpy,253,"r sad nude ""[what]"""
r_fight_b6e2e8a6,c,I did not mean to!,game/tl/deutsch/scene/Wrestling/r_fight.rpy,259,"c down nude ""[what]"""
r_fight_005e10a3,c,I am so sorry!,game/tl/deutsch/scene/Wrestling/r_fight.rpy,1963,"c sad nude ""[what]"""
r_fight_e1c3de81,r,It's okay. Just... give me a minute.,game/tl/deutsch/scene/Wrestling/r_fight.rpy,271,"r down nude ""[what]"""
r_fight_a6367154,z,Point for Ron!,game/tl/deutsch/scene/Wrestling/r_fight.rpy,277,"z tough ""[what]"""
r_fight_eb6b334c,z,And next time you will be disqualified. Understood?,game/tl/deutsch/scene/Wrestling/r_fight.rpy,283,"z angry ""[what]"""
r_fight_ba52e0e2,c,"Yes, sir.",game/tl/deutsch/scene/Wrestling/r_fight.rpy,289,"c down nude ""[what]"""
r_fight_ee0b0992,c,Oh no! I am so sorry!,game/tl/deutsch/scene/Wrestling/r_fight.rpy,295,"c smile nude ""[what]"""
r_fight_0986f3cf,r,You bastard! You did this on purpose!,game/tl/deutsch/scene/Wrestling/r_fight.rpy,301,"r pain nude ""[what]"""
r_fight_d4d0ce21,c,I would never do that!,game/tl/deutsch/scene/Wrestling/r_fight.rpy,307,"c evil nude ""[what]"""
r_fight_b0e765a1,r,You did much worse than that already!,game/tl/deutsch/scene/Wrestling/r_fight.rpy,313,"r down nude ""[what]"""
r_fight_4417b5e6,c,Get over it!,game/tl/deutsch/scene/Wrestling/r_fight.rpy,319,"c smile nude ""[what]"""
r_fight_a6367154_1,z,Point for Ron!,game/tl/deutsch/scene/Wrestling/r_fight.rpy,325,"z tough ""[what]"""
r_fight_eb6b334c_1,z,And next time you will be disqualified. Understood?,game/tl/deutsch/scene/Wrestling/r_fight.rpy,331,"z angry ""[what]"""
r_fight_ba52e0e2_1,c,"Yes, sir.",game/tl/deutsch/scene/Wrestling/r_fight.rpy,337,"c down nude ""[what]"""
r_fight_55964cb0,r,"You know, you could let me win this time.",game/tl/deutsch/scene/Wrestling/r_fight.rpy,349,"r smile nude ""[what]"""
r_fight_88ac8894,,He looks at you with his big sad eyes.,game/tl/deutsch/scene/Wrestling/r_fight.rpy,355,[what]
r_fight_1d536772,r,"It is the least you could do for me, after the pain you caused.",game/tl/deutsch/scene/Wrestling/r_fight.rpy,361,"r flirt nude ""[what]"""
r_fight_676f2742,,"You see him smirk, and see a twinkle in his eyes.",game/tl/deutsch/scene/Wrestling/r_fight.rpy,367,[what]
r_fight_b4854d15,,He is just joking.,game/tl/deutsch/scene/Wrestling/r_fight.rpy,373,[what]
r_fight_146b8e53,,You smile as well and close in him.,game/tl/deutsch/scene/Wrestling/r_fight.rpy,379,[what]
r_fight_fc089018,c,"Oh, really?",game/tl/deutsch/scene/Wrestling/r_fight.rpy,385,"c flirt nude ""[what]"""
r_fight_aeeb7759,,"You can tell, he is a bit intimidated by your sudden approach. But he stands his ground and smiles.",game/tl/deutsch/scene/Wrestling/r_fight.rpy,391,[what]
r_fight_bab923cb,r,Really.,game/tl/deutsch/scene/Wrestling/r_fight.rpy,397,"r flirt nude ""[what]"""
r_fight_07dba3d0,,"The two of you now are so close to each other, you almost touch.",game/tl/deutsch/scene/Wrestling/r_fight.rpy,403,[what]
r_fight_5501c0a2,,"It was Ron who finally closed in, pressing his body against yours.",game/tl/deutsch/scene/Wrestling/r_fight.rpy,409,[what]
r_fight_51cd73e5,,"Without even thinking about it, you place your hands on his hips.",game/tl/deutsch/scene/Wrestling/r_fight.rpy,415,[what]
r_fight_807cab51,,There was no fight anymore.,game/tl/deutsch/scene/Wrestling/r_fight.rpy,421,[what]
r_fight_72063f0c,,No audience.,game/tl/deutsch/scene/Wrestling/r_fight.rpy,427,[what]
r_fight_3f5df327,,No referee.,game/tl/deutsch/scene/Wrestling/r_fight.rpy,433,[what]
r_fight_95dde0b9,,Only the two of you.,game/tl/deutsch/scene/Wrestling/r_fight.rpy,439,[what]
r_fight_26bc122b,c,"Ever since I saw you for the first time, I couldn't keep my eyes off you anymore.",game/tl/deutsch/scene/Wrestling/r_fight.rpy,445,"c flirt nude ""[what]"""
r_fight_dfc1b064,r,"The first time we met, you looked at me like a hungry wolf.",game/tl/deutsch/scene/Wrestling/r_fight.rpy,451,"r laugh nude ""[what]"""
r_fight_33e0a9ef,c,"More like a vampire, for my thirst for you will never stop!",game/tl/deutsch/scene/Wrestling/r_fight.rpy,457,"c laugh nude ""[what]"""
r_fight_3025bd5f,r,You still owe me an answer!,game/tl/deutsch/scene/Wrestling/r_fight.rpy,463,"r flirt nude ""[what]"""
r_fight_9e0b1e45,c,I am truly sorry about what happened just know.,game/tl/deutsch/scene/Wrestling/r_fight.rpy,469,"c down nude ""[what]"""
r_fight_4dae3ebd,c,"And I promise to you, I will not hurt you again.",game/tl/deutsch/scene/Wrestling/r_fight.rpy,475,"c smile nude ""[what]"""
r_fight_0deb3dfb,a,Your chance to win this round has decreased.,game/tl/deutsch/scene/Wrestling/r_fight.rpy,481,"a neutral ""[what]"""
r_fight_57e620b9,r,[RelVal],game/tl/deutsch/scene/Wrestling/r_fight.rpy,1969,"r happy nude ""[what]"""
r_fight_3c9a99db,c,"What if I want to see you struggle, helpless beneath me?",game/tl/deutsch/scene/Wrestling/r_fight.rpy,493,"c desire nude ""[what]"""
r_fight_3435d48e,c,"Would you not like that, too?",game/tl/deutsch/scene/Wrestling/r_fight.rpy,499,"c flirt nude ""[what]"""
r_fight_ff7581d1,,Ron is breathing heavily now.,game/tl/deutsch/scene/Wrestling/r_fight.rpy,505,[what]
r_fight_db67d438,,Your stone-hard dick pressing against Ron's similar hard one.,game/tl/deutsch/scene/Wrestling/r_fight.rpy,511,[what]
r_fight_628014b1,r,You are right. Let's do this.,game/tl/deutsch/scene/Wrestling/r_fight.rpy,517,"r tough nude ""[what]"""
r_fight_a7211671,,"The moment you two separate, the surroundings swep over you like a Tsunami.",game/tl/deutsch/scene/Wrestling/r_fight.rpy,523,[what]
r_fight_3aaeb263,,"The voices, the audience - all eyes upon you and Ron.",game/tl/deutsch/scene/Wrestling/r_fight.rpy,529,[what]
r_fight_20fd80d1,,Your boner as well as Ron's are clearly visible in the tight suit.,game/tl/deutsch/scene/Wrestling/r_fight.rpy,535,[what]
r_fight_72e97d46,c,Uhm... I think ... we should ...,game/tl/deutsch/scene/Wrestling/r_fight.rpy,541,"c shy nude ""[what]"""
r_fight_3685f836,r,Fight!,game/tl/deutsch/scene/Wrestling/r_fight.rpy,547,"r shy nude ""[what]"""
r_fight_75626f17,c,Fight! Right! That's what we are here for after all.,game/tl/deutsch/scene/Wrestling/r_fight.rpy,553,"c flirt nude ""[what]"""
r_fight_028fb297,,"You laugh, but it sounded fake even to yourself.",game/tl/deutsch/scene/Wrestling/r_fight.rpy,559,[what]
r_fight_4b70f5d4,r,This was just luck!,game/tl/deutsch/scene/Wrestling/r_fight.rpy,565,"r angry nude ""[what]"""
r_fight_dcf7c553,c,Admit it. I am just better than you.,game/tl/deutsch/scene/Wrestling/r_fight.rpy,571,"c evil nude ""[what]"""
r_fight_84564e12,c,In all regards!,game/tl/deutsch/scene/Wrestling/r_fight.rpy,577,"c evil nude ""[what]"""
r_fight_6ea1c174,c,You are nothing!,game/tl/deutsch/scene/Wrestling/r_fight.rpy,1975,"c hate nude ""[what]"""
r_fight_0efc3326,c,You want me go easy on you next round?,game/tl/deutsch/scene/Wrestling/r_fight.rpy,589,"c friendly nude ""[what]"""
r_fight_38e24498,r,Shut up and fight!,game/tl/deutsch/scene/Wrestling/r_fight.rpy,595,"r angry ""[what]"""
r_fight_bc5e53b6,r,"Oh, what happened?",game/tl/deutsch/scene/Wrestling/r_fight.rpy,601,"r happy nude ""[what]"""
r_fight_0e615e09,r,Did you just loose?,game/tl/deutsch/scene/Wrestling/r_fight.rpy,607,"r evil nude ""[what]"""
r_fight_5ad22fec,c,I am just warming up.,game/tl/deutsch/scene/Wrestling/r_fight.rpy,613,"c angry nude ""[what]"""
r_fight_be08b2c8,r,I thought you were going easy in me?!,game/tl/deutsch/scene/Wrestling/r_fight.rpy,1981,"r surprised nude ""[what]"""
r_fight_9364bab6,c,But I am!,game/tl/deutsch/scene/Wrestling/r_fight.rpy,625,"c evil nude ""[what]"""
r_fight_316b37b8,r,Doesn't feel like it.,game/tl/deutsch/scene/Wrestling/r_fight.rpy,631,"r angry nude ""[what]"""
r_fight_59c1807d,r,Whooaa!,game/tl/deutsch/scene/Wrestling/r_fight.rpy,637,"r surprised nude ""[what]"""
r_fight_48c3ca78,c,Get off me!,game/tl/deutsch/scene/Wrestling/r_fight.rpy,643,"c angry nude ""[what]"""
r_fight_8b1201b3,r,I think you misplaced your hand!,game/tl/deutsch/scene/Wrestling/r_fight.rpy,649,"r flirt nude ""[what]"""
r_fight_9fdeb286,c,Ups. Sorry.,game/tl/deutsch/scene/Wrestling/r_fight.rpy,655,"c flirt nude ""[what]"""
r_fight_1d5fbec3,,"Instead of removing your hand from his butt, you squeeze it a little.",game/tl/deutsch/scene/Wrestling/r_fight.rpy,661,[what]
r_fight_0835ddbb,r,Stop it!,game/tl/deutsch/scene/Wrestling/r_fight.rpy,667,"r laugh ""[what]"""
r_fight_c1469bd8,r,You give up?,game/tl/deutsch/scene/Wrestling/r_fight.rpy,673,"r evil nude ""[what]"""
r_fight_bb6e1e82,c,I can still win this!,game/tl/deutsch/scene/Wrestling/r_fight.rpy,679,"c angry nude ""[what]"""
r_fight_dded0011,z,Seperate!,game/tl/deutsch/scene/Wrestling/r_fight.rpy,685,"z friendly ""[what]"""
r_fight_d8a5239d,c,Damn!,game/tl/deutsch/scene/Wrestling/r_fight.rpy,691,"c down ""[what]"""
r_fight_75286d9e,c,Sorry.,game/tl/deutsch/scene/Wrestling/r_fight.rpy,697,"c shy nude ""[what]"""
r_fight_90b46c0f,r,Sorry for what?,game/tl/deutsch/scene/Wrestling/r_fight.rpy,703,"r suspicious nude ""[what]"""
r_fight_8045942e,c,I said I would go easy on you.,game/tl/deutsch/scene/Wrestling/r_fight.rpy,709,"c sad nude ""[what]"""
r_fight_e90e60e3,r,"Yes, and you did do so. I can tell.",game/tl/deutsch/scene/Wrestling/r_fight.rpy,715,"r friendly nude ""[what]"""
r_fight_c3237fe5,r,seems like I have no chance against someone as strong as you are.,game/tl/deutsch/scene/Wrestling/r_fight.rpy,721,"r flirt nude ""[what]"""
r_fight_44020bc7,c,Why do I get the feeling you let me win purpose?,game/tl/deutsch/scene/Wrestling/r_fight.rpy,727,"c suspicious nude ""[what]"""
r_fight_a048ed47,r,Maybe. You want to punish me for that?,game/tl/deutsch/scene/Wrestling/r_fight.rpy,733,"r desire nude ""[what]"""
r_fight_54dc0262,c,Maybe later?,game/tl/deutsch/scene/Wrestling/r_fight.rpy,739,"c flirt nude ""[what]"""
r_fight_f65a41bf,r,You know where you can find me...,game/tl/deutsch/scene/Wrestling/r_fight.rpy,745,"r flirt nude ""[what]"""
r_fight_c7954eae,r,You really DID get easy on me.,game/tl/deutsch/scene/Wrestling/r_fight.rpy,751,"r happy nude ""[what]"""
r_fight_b1585829,r,Or maybe...,game/tl/deutsch/scene/Wrestling/r_fight.rpy,757,"r suspicious nude ""[what]"""
r_fight_7e4305eb,r,Let me feel you muscles.,game/tl/deutsch/scene/Wrestling/r_fight.rpy,763,"r desire nude ""[what]"""
r_fight_a537cfa5,c,You think I am not strong enough?,game/tl/deutsch/scene/Wrestling/r_fight.rpy,769,"c flirt nude ""[what]"""
r_fight_b59e8a2d,,Ron feels my biceps.,game/tl/deutsch/scene/Wrestling/r_fight.rpy,775,[what]
r_fight_b2076203,r,"No, that cannot be it.",game/tl/deutsch/scene/Wrestling/r_fight.rpy,781,"r friendly nude ""[what]"""
r_fight_ed59efaa,r,So why did you just loose?,game/tl/deutsch/scene/Wrestling/r_fight.rpy,787,"r suspicious nude ""[what]"""
r_fight_9ef9173a,c,Maybe I was distracted?,game/tl/deutsch/scene/Wrestling/r_fight.rpy,793,"c desire nude ""[what]"""
r_fight_34a4333d,r,"Yeah, you was too occupied to touch my butt, you just forgot to fight!",game/tl/deutsch/scene/Wrestling/r_fight.rpy,799,"r laugh nude ""[what]"""
r_fight_8de39e5f,c,Talking about priorities...,game/tl/deutsch/scene/Wrestling/r_fight.rpy,805,"c evil nude ""[what]"""
r_fight_3514332e,r,You cheated!,game/tl/deutsch/scene/Wrestling/r_fight.rpy,811,"r hate nude ""[what]"""
r_fight_0b1ccb8a,c,I am just better than you!,game/tl/deutsch/scene/Wrestling/r_fight.rpy,817,"c happy nude ""[what]"""
r_fight_20406445,r,"No, you are not!",game/tl/deutsch/scene/Wrestling/r_fight.rpy,823,"r angry nude ""[what]"""
r_fight_f41f42f6,j,Calm down!,game/tl/deutsch/scene/Wrestling/r_fight.rpy,829,"j tough nude ""[what]"""
r_fight_ef133cdd,r,You liked that?,game/tl/deutsch/scene/Wrestling/r_fight.rpy,835,"r hate nude ""[what]"""
r_fight_6866d884,r,You want more?,game/tl/deutsch/scene/Wrestling/r_fight.rpy,841,"r angry nude ""[what]"""
r_fight_3ec870f5,c,You were just lucky!,game/tl/deutsch/scene/Wrestling/r_fight.rpy,847,"c flirt nude ""[what]"""
r_fight_b2c36f40,r,"Comne here, you bastard?",game/tl/deutsch/scene/Wrestling/r_fight.rpy,853,"r hate nude ""[what]"""
r_fight_5e66400b,c,I am waiting!,game/tl/deutsch/scene/Wrestling/r_fight.rpy,859,"c angry nude ""[what]"""
r_fight_a1f04be8,j,Don't let him in your head!,game/tl/deutsch/scene/Wrestling/r_fight.rpy,865,"j angry nude ""[what]"""
r_fight_fe87d5ef,j,You listen to me?,game/tl/deutsch/scene/Wrestling/r_fight.rpy,871,"j tough nude ""[what]"""
r_fight_e2c1ab44,r,You are right.,game/tl/deutsch/scene/Wrestling/r_fight.rpy,877,"r sad nude ""[what]"""
r_fight_8a033305,r,But we are not done yet!,game/tl/deutsch/scene/Wrestling/r_fight.rpy,883,"r hate nude ""[what]"""
r_fight_4a2af057,c,Bring it on then!,game/tl/deutsch/scene/Wrestling/r_fight.rpy,889,"c happy nude ""[what]"""
r_fight_466553aa,r,You got me!,game/tl/deutsch/scene/Wrestling/r_fight.rpy,895,"r happy nude ""[what]"""
r_fight_7711a2a0,r,Get off me!,game/tl/deutsch/scene/Wrestling/r_fight.rpy,901,"r hate nude ""[what]"""
r_fight_9e9a3606,c,You lost. Of course you lost.,game/tl/deutsch/scene/Wrestling/r_fight.rpy,907,"c evil nude ""[what]"""
r_fight_c4bc3410,c,Because you are a looser!,game/tl/deutsch/scene/Wrestling/r_fight.rpy,913,"c happy nude ""[what]"""
r_fight_93bae709,r,Fuck off!,game/tl/deutsch/scene/Wrestling/r_fight.rpy,919,"r angry nude ""[what]"""
r_fight_64bf7baf,r,You really should focus more on the fight than on my butt!,game/tl/deutsch/scene/Wrestling/r_fight.rpy,931,"r flirt nude ""[what]"""
r_fight_d82d0c76,c,Oh... Sorry.,game/tl/deutsch/scene/Wrestling/r_fight.rpy,937,"c shy nude ""[what]"""
r_fight_c3862023,c,It is just so tempting!,game/tl/deutsch/scene/Wrestling/r_fight.rpy,943,"c desire nude ""[what]"""
r_fight_a24eb2e6,r,Don't touch my butt!,game/tl/deutsch/scene/Wrestling/r_fight.rpy,949,"r angry nude ""[what]"""
r_fight_d806b717,c,"You take your win, I take your butt!",game/tl/deutsch/scene/Wrestling/r_fight.rpy,955,"c evil nude ""[what]"""
r_fight_cc6ae237,r,Stop it!,game/tl/deutsch/scene/Wrestling/r_fight.rpy,961,"r hate nude ""[what]"""
r_fight_d26c8e01,z,Aaand the winner is...,game/tl/deutsch/scene/Wrestling/r_fight.rpy,973,"z friendly ""[what]"""
r_fight_23fde650,z,[name]!,game/tl/deutsch/scene/Wrestling/r_fight.rpy,979,"z happy ""[what]"""
r_fight_40d68e08,z,Ronald!,game/tl/deutsch/scene/Wrestling/r_fight.rpy,985,"z happy ""[what]"""
v_fight_1cf66b1d,v,You said something?,game/tl/deutsch/scene/Wrestling/v_fight.rpy,145,"v suspicious nude ""[what]"""
v_fight_5f3046db,c,Nope.,game/tl/deutsch/scene/Wrestling/v_fight.rpy,151,"c neutral nude ""[what]"""
v_fight_227f2218,v,This is gonna be fun!,game/tl/deutsch/scene/Wrestling/v_fight.rpy,157,"v friendly nude ""[what]"""
v_fight_1da7ef2d,v,I will crush you!,game/tl/deutsch/scene/Wrestling/v_fight.rpy,169,"v angry nude ""[what]"""
v_fight_62360f0c,v,Noo!,game/tl/deutsch/scene/Wrestling/v_fight.rpy,181,"v angry nude ""[what]"""
v_fight_e63a64d2,v,"You did not really think you could beat me, do you?",game/tl/deutsch/scene/Wrestling/v_fight.rpy,193,"v tough nude ""[what]"""
v_fight_f57323ef,c,Shut up!,game/tl/deutsch/scene/Wrestling/v_fight.rpy,205,"c angry nude ""[what]"""
v_fight_cbf81fbb,v,Damn it!,game/tl/deutsch/scene/Wrestling/v_fight.rpy,211,"v angry nude ""[what]"""
v_fight_9444558b,v,How did that happen?,game/tl/deutsch/scene/Wrestling/v_fight.rpy,217,"v suspicious nude ""[what]"""
v_fight_5cd3cc10,v,I am just getting warm!,game/tl/deutsch/scene/Wrestling/v_fight.rpy,223,"v happy nude ""[what]"""
v_fight_d6af3522,v,I slipped!,game/tl/deutsch/scene/Wrestling/v_fight.rpy,741,"v angry nude ""[what]"""
v_fight_a74277c7,v,That was a good fight!,game/tl/deutsch/scene/Wrestling/v_fight.rpy,747,"v happy nude ""[what]"""
v_fight_d587b8c4,v,That was just luck!,game/tl/deutsch/scene/Wrestling/v_fight.rpy,271,"v angry nude ""[what]"""
v_fight_7534c31b,c,Of course!,game/tl/deutsch/scene/Wrestling/v_fight.rpy,277,"c friendly nude ""[what]"""
v_fight_e971809f,v,You want to go down once more?,game/tl/deutsch/scene/Wrestling/v_fight.rpy,283,"v happy nude ""[what]"""
v_fight_9fa3b5ed,c,Looks like I am on top now.,game/tl/deutsch/scene/Wrestling/v_fight.rpy,289,"c friendly nude ""[what]"""
v_fight_dce279c0,v,I could get used to it!,game/tl/deutsch/scene/Wrestling/v_fight.rpy,301,"v flirt nude ""[what]"""
v_fight_e912c326,v,Don't get used to it!,game/tl/deutsch/scene/Wrestling/v_fight.rpy,307,"v angry nude ""[what]"""
v_fight_0480142d,v,And he goes down!,game/tl/deutsch/scene/Wrestling/v_fight.rpy,313,"v happy nude ""[what]"""
v_fight_021451ba,c,Damn it!,game/tl/deutsch/scene/Wrestling/v_fight.rpy,325,"c angry nude ""[what]"""
v_fight_d447115c,z,"Ladies and Gentlemen, we have a winner!",game/tl/deutsch/scene/Wrestling/v_fight.rpy,331,"z friendly ""[what]"""
v_fight_d2807db1,z,And the winner is [name]!,game/tl/deutsch/scene/Wrestling/v_fight.rpy,337,"z happy ""[what]"""
v_fight_699050dd,z,And the winner is Vincent!,game/tl/deutsch/scene/Wrestling/v_fight.rpy,343,"z happy ""[what]"""
wrestling_ceremony_loser_b10a3524,h,You have lost by [w_win] out of eight matches!,game/tl/deutsch/scene/Wrestling/wrestling_ceremony_loser.rpy,7,"h angry ""[what]"""
wrestling_ceremony_loser_bef2e44a,,"The Headmaster's words ring painfully in your head, even after he's finished speaking.",game/tl/deutsch/scene/Wrestling/wrestling_ceremony_loser.rpy,13,[what]
wrestling_ceremony_loser_9a664cc5,,"Doing badly on an assignment is always a bummer, for sure...",game/tl/deutsch/scene/Wrestling/wrestling_ceremony_loser.rpy,19,[what]
wrestling_ceremony_loser_30661e46,,But he's making it seem like you let down the entire college by losing a wrestling match.,game/tl/deutsch/scene/Wrestling/wrestling_ceremony_loser.rpy,25,[what]
wrestling_ceremony_loser_567fad56,,"More importantly, you've gotten on his bad side...something you don't need right now.",game/tl/deutsch/scene/Wrestling/wrestling_ceremony_loser.rpy,31,[what]
wrestling_ceremony_loser_1635fc9c,,The Headmaster makes your life difficult enough even when you're doing well by his standards.,game/tl/deutsch/scene/Wrestling/wrestling_ceremony_loser.rpy,37,[what]
wrestling_ceremony_loser_52ae02cb,,"So, with your head hanging low, the question is...",game/tl/deutsch/scene/Wrestling/wrestling_ceremony_loser.rpy,43,[what]
wrestling_ceremony_loser_67333740,,What's the punishment for failure this time?,game/tl/deutsch/scene/Wrestling/wrestling_ceremony_loser.rpy,49,[what]
wrestling_ceremony_loser_0ff24b2e,h,"The college's new cirriculum has room for mistakes, [name], don't worry.",game/tl/deutsch/scene/Wrestling/wrestling_ceremony_loser.rpy,55,"h friendly ""[what]"""
wrestling_ceremony_loser_047bd009,h,But it also has room for appropriate punishments...to make sure you stay focused on success.,game/tl/deutsch/scene/Wrestling/wrestling_ceremony_loser.rpy,61,"h tough ""[what]"""
wrestling_ceremony_loser_9832713b,,"The Headmaster's eyes suddenly move to look at Max and Vincent, and you immediately gulp.",game/tl/deutsch/scene/Wrestling/wrestling_ceremony_loser.rpy,67,[what]
wrestling_ceremony_loser_6305645e,h,"Max, Vincent, since you're both constantly giving it all to our school's physical education...",game/tl/deutsch/scene/Wrestling/wrestling_ceremony_loser.rpy,73,"h friendly ""[what]"""
wrestling_ceremony_loser_0d47ce0d,h,Why don't you both help me administer [name]'s punishment? Bring him over to the climbing rope.,game/tl/deutsch/scene/Wrestling/wrestling_ceremony_loser.rpy,79,"h smile ""[what]"""
wrestling_ceremony_loser_d5624919,,"As the two grinning boys approach you and grab your arms, you fall limp in their hold as they drag you across the gym.",game/tl/deutsch/scene/Wrestling/wrestling_ceremony_loser.rpy,85,[what]
wrestling_ceremony_loser_94692324,,There was no point in fighting. This is what losing gets you.,game/tl/deutsch/scene/Wrestling/wrestling_ceremony_loser.rpy,91,[what]
wrestling_ceremony_loser_57944e20,,"Max and Vincent would make sure you couldn't get away, especially when sanctioned by the Headmaster.",game/tl/deutsch/scene/Wrestling/wrestling_ceremony_loser.rpy,97,[what]
wrestling_ceremony_loser_6f42c28f,,"Besides, what was the Headmaster gonna make you do? Climb the rope in front of everyone?",game/tl/deutsch/scene/Wrestling/wrestling_ceremony_loser.rpy,103,[what]
wrestling_ceremony_loser_b682fa89,h,"As I said, we should use [name]'s performance today to set the standards for physical performance at this school...",game/tl/deutsch/scene/Wrestling/wrestling_ceremony_loser.rpy,109,"h tough ""[what]"""
wrestling_ceremony_loser_a9caa480,h,"...and how we will deal with failure, moving forward.",game/tl/deutsch/scene/Wrestling/wrestling_ceremony_loser.rpy,115,"h tough ""[what]"""
wrestling_ceremony_loser_9efc41dd,h,Bind his hands above his head!,game/tl/deutsch/scene/Wrestling/wrestling_ceremony_loser.rpy,121,"h evil ""[what]"""
wrestling_ceremony_loser_ea58c019,,"As the jocks pull your arms up and wrap rope tightly around your wrists, you just groan.",game/tl/deutsch/scene/Wrestling/wrestling_ceremony_loser.rpy,127,[what]
wrestling_ceremony_loser_7e3e6b33,,The way the rope suspends you from the ceiling and strecthes out your torso only adds to how sore you are.,game/tl/deutsch/scene/Wrestling/wrestling_ceremony_loser.rpy,133,[what]
wrestling_ceremony_loser_e8d839e2,,From both the wrestling and everything else that's been going on lately.,game/tl/deutsch/scene/Wrestling/wrestling_ceremony_loser.rpy,139,[what]
wrestling_ceremony_loser_2ac36f21,,The Headmaster was right about one thing...this is a very physically involved college.,game/tl/deutsch/scene/Wrestling/wrestling_ceremony_loser.rpy,145,[what]
wrestling_ceremony_loser_bb380ac1,h,"And just for extra safety...let's make sure your peer is securely locked into the punishment, shall we?",game/tl/deutsch/scene/Wrestling/wrestling_ceremony_loser.rpy,569,"h evil ""[what]"""
wrestling_ceremony_loser_29f631da,,Your eyes nearly bulge out of your head when you see what he hands Max and Vincent...,game/tl/deutsch/scene/Wrestling/wrestling_ceremony_loser.rpy,157,[what]
wrestling_ceremony_loser_8e2840c1,,It looks like...a spreader bar and a ball gag?!,game/tl/deutsch/scene/Wrestling/wrestling_ceremony_loser.rpy,163,[what]
wrestling_ceremony_loser_53bed48f,v,"Oh, hell yeah!",game/tl/deutsch/scene/Wrestling/wrestling_ceremony_loser.rpy,575,"v desire nude ""[what]"""
wrestling_ceremony_loser_0265c47a,ma,He won't be going anywhere with these!,game/tl/deutsch/scene/Wrestling/wrestling_ceremony_loser.rpy,581,"ma laugh ""[what]"""
wrestling_ceremony_loser_5a70015c,,"Max bends down and roughly forces your legs open, as wide as possible, as he latches your ankles to the bar.",game/tl/deutsch/scene/Wrestling/wrestling_ceremony_loser.rpy,181,[what]
wrestling_ceremony_loser_fe2b0697,c,"I'm sorry I didn't win, Headmaster, really!",game/tl/deutsch/scene/Wrestling/wrestling_ceremony_loser.rpy,587,"c afraid nude ""[what]"""
wrestling_ceremony_loser_af217280,c,But I didn't know that...this would happen.,game/tl/deutsch/scene/Wrestling/wrestling_ceremony_loser.rpy,593,"c afraid nude ""[what]"""
wrestling_ceremony_loser_80019939,c,"Please, do I have to-MMMMPHH?!",game/tl/deutsch/scene/Wrestling/wrestling_ceremony_loser.rpy,599,"c afraid nude ""[what]"""
wrestling_ceremony_loser_0e835892,,"Vincent pushes the ball gag right past your teeth as you talk, laughing as he cuts you off.",game/tl/deutsch/scene/Wrestling/wrestling_ceremony_loser.rpy,205,[what]
wrestling_ceremony_loser_9ecd0ce1,v,"This is where you belong, bitch. Don't complain.",game/tl/deutsch/scene/Wrestling/wrestling_ceremony_loser.rpy,605,"v angry nude ""[what]"""
wrestling_ceremony_loser_ebb17bf5,h,"Vulgarity aside, Vincent is right, [name]. You do belong here.",game/tl/deutsch/scene/Wrestling/wrestling_ceremony_loser.rpy,217,"h neutral ""[what]"""
wrestling_ceremony_loser_9072b93f,h,"Perhaps now, you'll give better consideration to the consequences of your actions.",game/tl/deutsch/scene/Wrestling/wrestling_ceremony_loser.rpy,223,"h neutral ""[what]"""
wrestling_ceremony_loser_fefe0783,h,Your choices led you here. Now accept what those choices have wraught.,game/tl/deutsch/scene/Wrestling/wrestling_ceremony_loser.rpy,229,"h neutral ""[what]"""
wrestling_ceremony_loser_e6e4e2c5,,You smirk and shrug your shoulders as the jocks saunter toward you.,game/tl/deutsch/scene/Wrestling/wrestling_ceremony_loser.rpy,235,[what]
wrestling_ceremony_loser_3d36138f,c,I'm down for some punishment...,game/tl/deutsch/scene/Wrestling/wrestling_ceremony_loser.rpy,611,"c desire nude ""[what]"""
wrestling_ceremony_loser_46f554c6,c,"Rope sounds kinda fun, actually.",game/tl/deutsch/scene/Wrestling/wrestling_ceremony_loser.rpy,617,"c desire nude ""[what]"""
wrestling_ceremony_loser_55bb3b4a,,"Vincent and Max pull you over to the rope, and the Headmaster shakes his head in disapproval.",game/tl/deutsch/scene/Wrestling/wrestling_ceremony_loser.rpy,253,[what]
wrestling_ceremony_loser_fcc2bc6d,h,"Usually I would appreciate enthusiasm, [name].",game/tl/deutsch/scene/Wrestling/wrestling_ceremony_loser.rpy,623,"h sad ""[what]"""
wrestling_ceremony_loser_7a1b303e,h,"But you should take this seriously! This is a result of disappointing performance, not some joke.",game/tl/deutsch/scene/Wrestling/wrestling_ceremony_loser.rpy,265,"h tough ""[what]"""
wrestling_ceremony_loser_2f5da84b,h,Hoist his arms up with the rope!,game/tl/deutsch/scene/Wrestling/wrestling_ceremony_loser.rpy,271,"h evil ""[what]"""
wrestling_ceremony_loser_12c957a3,,A grin stretches over your face as your wrists are bound tightly to the climbing rope.,game/tl/deutsch/scene/Wrestling/wrestling_ceremony_loser.rpy,277,[what]
wrestling_ceremony_loser_0757e70e,,"With yourself now suspended in the center of the gym, you can't help but chuckle.",game/tl/deutsch/scene/Wrestling/wrestling_ceremony_loser.rpy,283,[what]
wrestling_ceremony_loser_b1dbacff,c,"No, Headmaster, I don't see it as a joke.",game/tl/deutsch/scene/Wrestling/wrestling_ceremony_loser.rpy,629,"c lust nude ""[what]"""
wrestling_ceremony_loser_5cfdd10a,c,I just see it as the start of what could be a great time!,game/tl/deutsch/scene/Wrestling/wrestling_ceremony_loser.rpy,635,"c lust nude ""[what]"""
wrestling_ceremony_loser_34334c63,c,Is that really so bad?,game/tl/deutsch/scene/Wrestling/wrestling_ceremony_loser.rpy,641,"c evil nude ""[what]"""
wrestling_ceremony_loser_8fcfa167,,"The Headmaster just rolls his eyes, gesturing to the couple of jocks.",game/tl/deutsch/scene/Wrestling/wrestling_ceremony_loser.rpy,307,[what]
wrestling_ceremony_loser_595d35e5,h,If [name] wants to exacerbate his predicament...I have some materials that might help with that.,game/tl/deutsch/scene/Wrestling/wrestling_ceremony_loser.rpy,313,"h angry ""[what]"""
wrestling_ceremony_loser_84bbc23f,,"The Headmaster hands the boys a metal bar with ankle cuffs and a ball gag, and you're actually a little surprised.",game/tl/deutsch/scene/Wrestling/wrestling_ceremony_loser.rpy,319,[what]
wrestling_ceremony_loser_118ea314,,You guess he really was keen on making this punishment something exciting.,game/tl/deutsch/scene/Wrestling/wrestling_ceremony_loser.rpy,325,[what]
wrestling_ceremony_loser_4805310c,,"Vincent pulls your legs apart and pushes the bar in between them, your bulge right in his face as he secures you.",game/tl/deutsch/scene/Wrestling/wrestling_ceremony_loser.rpy,331,[what]
wrestling_ceremony_loser_ebfd3d85,,"Max, on the other hand, stares at you with glee with the ball gag in his hands.",game/tl/deutsch/scene/Wrestling/wrestling_ceremony_loser.rpy,337,[what]
wrestling_ceremony_loser_5c1af932,ma,I've been eager to stuff your mouth with something ever since the party...,game/tl/deutsch/scene/Wrestling/wrestling_ceremony_loser.rpy,647,"ma desire ""[what]"""
wrestling_ceremony_loser_fd972741,c,"Shame it isn't something different, huh?",game/tl/deutsch/scene/Wrestling/wrestling_ceremony_loser.rpy,653,"c evil nude ""[what]"""
wrestling_ceremony_loser_dec155b7,,"Max places the rubber ball between your teeth, and you shoot him a look of pure desire.",game/tl/deutsch/scene/Wrestling/wrestling_ceremony_loser.rpy,355,[what]
wrestling_ceremony_loser_220854ea,,"As he buckles it into place, his body pressed against yours for just a moment, you let out a slight moan.",game/tl/deutsch/scene/Wrestling/wrestling_ceremony_loser.rpy,361,[what]
wrestling_ceremony_loser_c603e83a,h,"Don't get so excited, [name]...",game/tl/deutsch/scene/Wrestling/wrestling_ceremony_loser.rpy,367,"h tough ""[what]"""
wrestling_ceremony_loser_77553d95,h,This exhibit is far from the end of how we'll be handling your failure today...,game/tl/deutsch/scene/Wrestling/wrestling_ceremony_loser.rpy,373,"h evil ""[what]"""
wrestling_ceremony_loser_c12736d5,h,Speaking of which...let us add another element to this display.,game/tl/deutsch/scene/Wrestling/wrestling_ceremony_loser.rpy,379,"h evil ""[what]"""
wrestling_ceremony_loser_69e985a8,,"Out of his pocket, the Headmaster produces a pair of scissors, tossing them to Vincent.",game/tl/deutsch/scene/Wrestling/wrestling_ceremony_loser.rpy,385,[what]
wrestling_ceremony_loser_76f010b5,h,Cut off his uniform.,game/tl/deutsch/scene/Wrestling/wrestling_ceremony_loser.rpy,391,"h desire ""[what]"""
wrestling_ceremony_loser_b15c08b4,,"You immediately protest into the gag, tugging at your restraints uselessly.",game/tl/deutsch/scene/Wrestling/wrestling_ceremony_loser.rpy,397,[what]
wrestling_ceremony_loser_685ca287,,"All the other wrestlers seemed shocked by this, their eyes locked on what is transpiring before them.",game/tl/deutsch/scene/Wrestling/wrestling_ceremony_loser.rpy,403,[what]
wrestling_ceremony_loser_b5c103bb,,Even Max and Vincent seem a little taken aback by this request.,game/tl/deutsch/scene/Wrestling/wrestling_ceremony_loser.rpy,409,[what]
wrestling_ceremony_loser_4cc2eb2a,v,Uhh...are you sure?,game/tl/deutsch/scene/Wrestling/wrestling_ceremony_loser.rpy,659,"v surprised nude ""[what]"""
wrestling_ceremony_loser_86389dc1,h,"Don't worry, our budget has the means to replace one leotard, I assure you.",game/tl/deutsch/scene/Wrestling/wrestling_ceremony_loser.rpy,421,"h laugh ""[what]"""
wrestling_ceremony_loser_7c57b05f,h,Besides...[name]'s body was the mode by which he earned this punishment.,game/tl/deutsch/scene/Wrestling/wrestling_ceremony_loser.rpy,427,"h tough ""[what]"""
wrestling_ceremony_loser_ddc0525d,h,"I believe it is only fair that it is held up to scrutiny...not just my scrutiny, but that of his peers, as well.",game/tl/deutsch/scene/Wrestling/wrestling_ceremony_loser.rpy,433,"h evil ""[what]"""
wrestling_ceremony_loser_9f224f13,,"Vincent just shrugs, seemingly much less interested in the explanation than he is in getting you naked.",game/tl/deutsch/scene/Wrestling/wrestling_ceremony_loser.rpy,439,[what]
wrestling_ceremony_loser_b1d87517,,"As Max tugs your sneakers and socks from your feet, all to excited even by that...",game/tl/deutsch/scene/Wrestling/wrestling_ceremony_loser.rpy,445,[what]
wrestling_ceremony_loser_f63cf00b,,"Vincent snips each of the straps of your uniform, causing the material to snap out of place with each cut.",game/tl/deutsch/scene/Wrestling/wrestling_ceremony_loser.rpy,451,[what]
wrestling_ceremony_loser_06ad70ba,,"He drags the blades of the scissors down the side of the leotard, stretching and ripping the lycra enthusiastically.",game/tl/deutsch/scene/Wrestling/wrestling_ceremony_loser.rpy,457,[what]
wrestling_ceremony_loser_b0475692,,You quickly decide to stop struggling as he does this.,game/tl/deutsch/scene/Wrestling/wrestling_ceremony_loser.rpy,463,[what]
wrestling_ceremony_loser_8e526949,,Everything keeping you restrained is too tight.,game/tl/deutsch/scene/Wrestling/wrestling_ceremony_loser.rpy,469,[what]
wrestling_ceremony_loser_ad78784a,,"Besides, Vincent is being pretty aggressive with the cutting...",game/tl/deutsch/scene/Wrestling/wrestling_ceremony_loser.rpy,475,[what]
wrestling_ceremony_loser_507c4438,,Better to keep your actual skin out of his way.,game/tl/deutsch/scene/Wrestling/wrestling_ceremony_loser.rpy,481,[what]
wrestling_ceremony_loser_ef1d6211,,"Once your uniform is basically in tatters, he pulls the remains away from your body.",game/tl/deutsch/scene/Wrestling/wrestling_ceremony_loser.rpy,487,[what]
wrestling_ceremony_loser_040c6fd3,,"Suddenly, your decision earlier in the day to forgo underwear to wrestle comes rushing back.",game/tl/deutsch/scene/Wrestling/wrestling_ceremony_loser.rpy,493,[what]
wrestling_ceremony_loser_32627f76,,"Now, literally everyone in the class is staring at your cock and balls.",game/tl/deutsch/scene/Wrestling/wrestling_ceremony_loser.rpy,499,[what]
wrestling_ceremony_loser_eb72845a,,Freed from the confines of the leotard.,game/tl/deutsch/scene/Wrestling/wrestling_ceremony_loser.rpy,505,[what]
wrestling_ceremony_loser_effab60c,,And with all the bondage...you're basically a standing advertisement for BDSM.,game/tl/deutsch/scene/Wrestling/wrestling_ceremony_loser.rpy,511,[what]
wrestling_ceremony_loser_04d8ee76,,"Was this higher education, or a porn fantasy gone wrong?",game/tl/deutsch/scene/Wrestling/wrestling_ceremony_loser.rpy,517,[what]
wrestling_ceremony_loser_85fe1dfd,,"With you very literally left hanging, the Headmaster speaks up again.",game/tl/deutsch/scene/Wrestling/wrestling_ceremony_loser.rpy,523,[what]
wrestling_ceremony_loser_015537ab,h,I think now is as good a time as any to make an announcement!,game/tl/deutsch/scene/Wrestling/wrestling_ceremony_loser.rpy,529,"h happy ""[what]"""
wrestling_ceremony_loser_ec95e1d2,h,Concerning the new physical initiative our school will be undertaking that I mentioned earlier...,game/tl/deutsch/scene/Wrestling/wrestling_ceremony_loser.rpy,535,"h smile ""[what]"""
wrestling_ceremony_winner_c3250e06,h,Congratulations! You have won [w_win] out of eight matches!,game/tl/deutsch/scene/Wrestling/wrestling_ceremony_winner.rpy,7,"h happy ""[what]"""
wrestling_ceremony_winner_c0108a28,,"Your eyes widen at his final few words, trying to make sense of them.",game/tl/deutsch/scene/Wrestling/wrestling_ceremony_winner.rpy,13,[what]
wrestling_ceremony_winner_f4055d89,C,You...want me to strip? Here?,game/tl/deutsch/scene/Wrestling/wrestling_ceremony_winner.rpy,19,"C suspicious ""[what]"""
wrestling_ceremony_winner_f41e26f9,h,"Yes, I do! Did you not hear what I said?",game/tl/deutsch/scene/Wrestling/wrestling_ceremony_winner.rpy,25,"h happy ""[what]"""
wrestling_ceremony_winner_e989f88b,c,But...I won the tournament!,game/tl/deutsch/scene/Wrestling/wrestling_ceremony_winner.rpy,31,"c surprised nude ""[what]"""
wrestling_ceremony_winner_2baa3429,h,And that is exactly the reason why you need to take off your uniform!,game/tl/deutsch/scene/Wrestling/wrestling_ceremony_winner.rpy,37,"h smile ""[what]"""
wrestling_ceremony_winner_efd9143b,h,"Your fellow students need someone to look up to, something to work toward...",game/tl/deutsch/scene/Wrestling/wrestling_ceremony_winner.rpy,43,"h smile ""[what]"""
wrestling_ceremony_winner_ca58d770,h,Seeing your bare form in all its glory should give them an example to aspire to.,game/tl/deutsch/scene/Wrestling/wrestling_ceremony_winner.rpy,49,"h evil ""[what]"""
wrestling_ceremony_winner_8bdc6af2,h,"This is your reward, [name]...enjoy the attention.",game/tl/deutsch/scene/Wrestling/wrestling_ceremony_winner.rpy,55,"h evil ""[what]"""
wrestling_ceremony_winner_a57dd461,C,You can't make me do this! Not in front of everyone!,game/tl/deutsch/scene/Wrestling/wrestling_ceremony_winner.rpy,61,"C angry ""[what]"""
wrestling_ceremony_winner_e03c2c08,,"The Headmaster's eyes slowly narrow, shooting you the coldest of stares that sends a chill down your spine.",game/tl/deutsch/scene/Wrestling/wrestling_ceremony_winner.rpy,67,[what]
wrestling_ceremony_winner_62adbb64,H,"This is not a punishment, [name]...I would suggest you not take it as such.",game/tl/deutsch/scene/Wrestling/wrestling_ceremony_winner.rpy,73,"H tough ""[what]"""
wrestling_ceremony_winner_9b2f4661,h,And even though I am proud of your performance today...,game/tl/deutsch/scene/Wrestling/wrestling_ceremony_winner.rpy,79,"h tough ""[what]"""
wrestling_ceremony_winner_b16a83a5,h,This reward is not optional. It is an active part of our new cirriculum that you must accept.,game/tl/deutsch/scene/Wrestling/wrestling_ceremony_winner.rpy,85,"h tough ""[what]"""
wrestling_ceremony_winner_faea8220,h,Besides...I'm sure you have nothing to be modest about.,game/tl/deutsch/scene/Wrestling/wrestling_ceremony_winner.rpy,91,"h flirt ""[what]"""
wrestling_ceremony_winner_94dd1e82,h,You've proven to have quite the impressive body.,game/tl/deutsch/scene/Wrestling/wrestling_ceremony_winner.rpy,97,"h ""[what]"""
wrestling_ceremony_winner_f60db086,h,"So show it off. Let this be your moment to shine, without any clothes to hide your physique.",game/tl/deutsch/scene/Wrestling/wrestling_ceremony_winner.rpy,103,"h tough ""[what]"""
wrestling_ceremony_winner_d77bd3ff,,"You glance around the room at your fellow students, still sweaty in their skintight uniforms.",game/tl/deutsch/scene/Wrestling/wrestling_ceremony_winner.rpy,109,[what]
wrestling_ceremony_winner_6254c27f,,"Some seem unnerved by the Headmaster's words, frightened that they might be next to be brought before the class.",game/tl/deutsch/scene/Wrestling/wrestling_ceremony_winner.rpy,115,[what]
wrestling_ceremony_winner_2b9cfc81,,"Others, though, look on with glee, seemingly eager to see you in the buff.",game/tl/deutsch/scene/Wrestling/wrestling_ceremony_winner.rpy,121,[what]
wrestling_ceremony_winner_8847e294,,"The gym is silent, as the entire room waits on you to follow the Headmaster's request.",game/tl/deutsch/scene/Wrestling/wrestling_ceremony_winner.rpy,127,[what]
wrestling_ceremony_winner_1e95095f,,"You gulp, knowing you have no other choice in the matter if you want to maintain your grades and avoid what might be a worse punishment.",game/tl/deutsch/scene/Wrestling/wrestling_ceremony_winner.rpy,133,[what]
wrestling_ceremony_winner_1a4424d3,,"Besides, some people in this room have already seen you in much more embarrassing circumstances.",game/tl/deutsch/scene/Wrestling/wrestling_ceremony_winner.rpy,139,[what]
wrestling_ceremony_winner_6d8e1d80,,So you slowly and nervously reach down and pull off your sneakers and socks.,game/tl/deutsch/scene/Wrestling/wrestling_ceremony_winner.rpy,145,[what]
wrestling_ceremony_winner_c59f1210,,"The feeling of your bare feet against the glossy wood of the gym floor is strange, only compounding your anxiety.",game/tl/deutsch/scene/Wrestling/wrestling_ceremony_winner.rpy,151,[what]
wrestling_ceremony_winner_65efdaed,,You can practically feel the eyes of your peers glued to you as you lower the shoulder straps of your leotard.,game/tl/deutsch/scene/Wrestling/wrestling_ceremony_winner.rpy,157,[what]
wrestling_ceremony_winner_2ce6d25f,,You're only shaken from this trance when you hear the Headmaster's voice.,game/tl/deutsch/scene/Wrestling/wrestling_ceremony_winner.rpy,163,[what]
wrestling_ceremony_winner_b4055a30,h,"Hurry up, [name]! We haven't got all day!",game/tl/deutsch/scene/Wrestling/wrestling_ceremony_winner.rpy,169,"h angry ""[what]"""
wrestling_ceremony_winner_d499f3cb,,"You cringe slightly, but nod and pull the lycra down your body, exposing your chest and nipples to the class.",game/tl/deutsch/scene/Wrestling/wrestling_ceremony_winner.rpy,175,[what]
wrestling_ceremony_winner_056ee579,,Your hands linger in hesitation for just a moment at your hips.,game/tl/deutsch/scene/Wrestling/wrestling_ceremony_winner.rpy,181,[what]
wrestling_ceremony_winner_b92e8bb4,,You remember that you have nothing on underneath the uniform.,game/tl/deutsch/scene/Wrestling/wrestling_ceremony_winner.rpy,187,[what]
wrestling_ceremony_winner_1795bd78,,"At the time, when you first put it on, it didn't seem like a big deal, but now...",game/tl/deutsch/scene/Wrestling/wrestling_ceremony_winner.rpy,193,[what]
wrestling_ceremony_winner_47384555,,"You bite the bullet and tug the leotard over your cock and ass and down your legs, stepping out of it quickly.",game/tl/deutsch/scene/Wrestling/wrestling_ceremony_winner.rpy,199,[what]
wrestling_ceremony_winner_87108cb1,,"You try to cover yourself with your hands, but the Headmaster's eyes warn you to keep your arms at your sides.",game/tl/deutsch/scene/Wrestling/wrestling_ceremony_winner.rpy,205,[what]
wrestling_ceremony_winner_76e0c7c8,,This is beyond embarrassing!,game/tl/deutsch/scene/Wrestling/wrestling_ceremony_winner.rpy,211,[what]
wrestling_ceremony_winner_ac89a028,,You never expected to be naked in front of EVERYONE you know at this school.,game/tl/deutsch/scene/Wrestling/wrestling_ceremony_winner.rpy,217,[what]
wrestling_ceremony_winner_d10f51a6,,At least...not in this exact situation.,game/tl/deutsch/scene/Wrestling/wrestling_ceremony_winner.rpy,223,[what]
wrestling_ceremony_winner_a21dae6c,h,"Well, I'm glad you finally decided to accept your reward.",game/tl/deutsch/scene/Wrestling/wrestling_ceremony_winner.rpy,229,"h happy ""[what]"""
wrestling_ceremony_winner_8264b493,h,Maybe this new cirriculum will help you better appreciate opportunities like this.,game/tl/deutsch/scene/Wrestling/wrestling_ceremony_winner.rpy,1219,"h evil ""[what]"""
wrestling_ceremony_winner_8fc153e3,,"You can't help but grin at this request, shrugging.",game/tl/deutsch/scene/Wrestling/wrestling_ceremony_winner.rpy,241,[what]
wrestling_ceremony_winner_a653287c,c,If you insist...,game/tl/deutsch/scene/Wrestling/wrestling_ceremony_winner.rpy,247,"c lust nude ""[what]"""
wrestling_ceremony_winner_d8795252,c,I'll put on a show for you all.,game/tl/deutsch/scene/Wrestling/wrestling_ceremony_winner.rpy,253,"c lust nude ""[what]"""
wrestling_ceremony_winner_ed60eac1,,"You kick off your footwear, not really paying attention as your shoes shoot across the gym.",game/tl/deutsch/scene/Wrestling/wrestling_ceremony_winner.rpy,259,[what]
wrestling_ceremony_winner_2c8472f9,,"You eagerly start pulling at your uniform, sharing eye contact with anyone who catches your eye as you strip.",game/tl/deutsch/scene/Wrestling/wrestling_ceremony_winner.rpy,265,[what]
wrestling_ceremony_winner_ea8ca5e4,c,You ready for this?,game/tl/deutsch/scene/Wrestling/wrestling_ceremony_winner.rpy,271,"c desire nude ""[what]"""
wrestling_ceremony_winner_06affa91,,"As the lycra comes off your body, you feel the gym air against your dick and balls and smirk.",game/tl/deutsch/scene/Wrestling/wrestling_ceremony_winner.rpy,277,[what]
wrestling_ceremony_winner_6af0b8c5,,You had hoped that leaving your underwear in your dorm would make the wrestling matches feel better.,game/tl/deutsch/scene/Wrestling/wrestling_ceremony_winner.rpy,283,[what]
wrestling_ceremony_winner_43f54b6e,,Rubbing up against all these guys for the day? You were into that.,game/tl/deutsch/scene/Wrestling/wrestling_ceremony_winner.rpy,289,[what]
wrestling_ceremony_winner_4a1c2395,,Getting this uniform off would just let you feel EVERYTHING.,game/tl/deutsch/scene/Wrestling/wrestling_ceremony_winner.rpy,295,[what]
wrestling_ceremony_winner_7c9d9181,,"Maybe the Headmaster will let you keep wrestling, so these guys can really see what you're packing during a match.",game/tl/deutsch/scene/Wrestling/wrestling_ceremony_winner.rpy,301,[what]
wrestling_ceremony_winner_a075b5a5,,"You hold your arms out to your sides proudly, flaunting your nudity to everyone in the room.",game/tl/deutsch/scene/Wrestling/wrestling_ceremony_winner.rpy,307,[what]
wrestling_ceremony_winner_2d0438b2,,"If the Headmaster wanted people to see your body, you were more than happy to oblige them.",game/tl/deutsch/scene/Wrestling/wrestling_ceremony_winner.rpy,693,[what]
wrestling_ceremony_winner_cbf3368b,c,This is the body of a wrestling champ...impresssed?,game/tl/deutsch/scene/Wrestling/wrestling_ceremony_winner.rpy,1225,"c evil nude ""[what]"""
wrestling_ceremony_winner_a8acfd54,h,I see you're really taking advantage of your moment in the spotlight...,game/tl/deutsch/scene/Wrestling/wrestling_ceremony_winner.rpy,325,"h smile ""[what]"""
wrestling_ceremony_winner_a52fd7c5,h,I think you'll really thrive in my new education initiative for the college. Congratulations again.,game/tl/deutsch/scene/Wrestling/wrestling_ceremony_winner.rpy,331,"h smile ""[what]"""
wrestling_ceremony_winner_f4c9e570,h,Now that you're naked...it's time to display you like a champion.,game/tl/deutsch/scene/Wrestling/wrestling_ceremony_winner.rpy,699,"h desire ""[what]"""
wrestling_ceremony_winner_8bdef2cf,c,What...what do you mean?,game/tl/deutsch/scene/Wrestling/wrestling_ceremony_winner.rpy,343,"c afraid nude ""[what]"""
wrestling_ceremony_winner_1fb1f088,h,"That rope over there, the one hanging from the ceiling that we have students climb in class.",game/tl/deutsch/scene/Wrestling/wrestling_ceremony_winner.rpy,349,"h neutral ""[what]"""
wrestling_ceremony_winner_45b97b7b,h,I need volunteers to bind our champion's hands with it.,game/tl/deutsch/scene/Wrestling/wrestling_ceremony_winner.rpy,705,"h desire ""[what]"""
wrestling_ceremony_winner_f379e5e4,,"As your jaw drops slightly in shock, you see Max and Vincent almost immediately step forward.",game/tl/deutsch/scene/Wrestling/wrestling_ceremony_winner.rpy,361,[what]
wrestling_ceremony_winner_7c9a4ac5,ma,"We've got you, boss.",game/tl/deutsch/scene/Wrestling/wrestling_ceremony_winner.rpy,711,"ma laugh nude ""[what]"""
wrestling_ceremony_winner_8ab66ad8,v,Leave it to the real sports stars!,game/tl/deutsch/scene/Wrestling/wrestling_ceremony_winner.rpy,373,"v evil nude ""[what]"""
wrestling_ceremony_winner_e7553a55,,Before the Headmaster even tells them exactly what to do...,game/tl/deutsch/scene/Wrestling/wrestling_ceremony_winner.rpy,379,[what]
wrestling_ceremony_winner_a1f7fe82,,"The jocks jog over and grabyou by the arms, hauling your naked ass toward the rope!",game/tl/deutsch/scene/Wrestling/wrestling_ceremony_winner.rpy,385,[what]
wrestling_ceremony_winner_a22b9f54,,"You squirm against their grips, flailing around uselessly.",game/tl/deutsch/scene/Wrestling/wrestling_ceremony_winner.rpy,391,[what]
wrestling_ceremony_winner_93c5250e,c,"Hey, what's the deal?! Why am I being tied up?!",game/tl/deutsch/scene/Wrestling/wrestling_ceremony_winner.rpy,397,"c rage nude ""[what]"""
wrestling_ceremony_winner_79c5f912,h,"Don't think of it like being 'tied up,' persay...",game/tl/deutsch/scene/Wrestling/wrestling_ceremony_winner.rpy,403,"h smile ""[what]"""
wrestling_ceremony_winner_5bfe8829,h,Think of it more as the most effective way to make sure your whole body is on visible to everyone.,game/tl/deutsch/scene/Wrestling/wrestling_ceremony_winner.rpy,409,"h lust ""[what]"""
wrestling_ceremony_winner_4cf26c4d,,You let out angry groans and huffs as Vincent yanks your wrists above your head and forces them together...,game/tl/deutsch/scene/Wrestling/wrestling_ceremony_winner.rpy,415,[what]
wrestling_ceremony_winner_c08c5ccd,,"And Max wraps the rope around them tightly, knotting them a few times to make sure you can't pull them free.",game/tl/deutsch/scene/Wrestling/wrestling_ceremony_winner.rpy,421,[what]
wrestling_ceremony_winner_1a74eaac,,"You sigh, looking up at your suspended wrists.",game/tl/deutsch/scene/Wrestling/wrestling_ceremony_winner.rpy,427,[what]
wrestling_ceremony_winner_c28df388,,"Even though the rope is pretty thick for climbing, there's really no way you can wiggle yourself out of it.",game/tl/deutsch/scene/Wrestling/wrestling_ceremony_winner.rpy,433,[what]
wrestling_ceremony_winner_bf240770,,"To make matters worse, you hear the Headmaster's voice again.",game/tl/deutsch/scene/Wrestling/wrestling_ceremony_winner.rpy,439,[what]
wrestling_ceremony_winner_fd812640,h,"I also brought some extra education materials to really...accentaute your display, [name].",game/tl/deutsch/scene/Wrestling/wrestling_ceremony_winner.rpy,445,"h happy ""[what]"""
wrestling_ceremony_winner_0ea0d0b6,,"The Headmaster brings over a metal bar to the enthusiastic jocks, one with cuffs on either end, handing it to Vincent.",game/tl/deutsch/scene/Wrestling/wrestling_ceremony_winner.rpy,451,[what]
wrestling_ceremony_winner_9be8b6d9,h,To make sure his legs don't accidentally get in the way of showing his...physical endowments to the other students.,game/tl/deutsch/scene/Wrestling/wrestling_ceremony_winner.rpy,457,"h lust ""[what]"""
wrestling_ceremony_winner_d589f026,h,Modesty is often overrated anyway.,game/tl/deutsch/scene/Wrestling/wrestling_ceremony_winner.rpy,463,"h laugh ""[what]"""
wrestling_ceremony_winner_f857e34b,v,"I'll make sure he's showing the goods, sir.",game/tl/deutsch/scene/Wrestling/wrestling_ceremony_winner.rpy,469,"v evil nude ""[what]"""
wrestling_ceremony_winner_c9069251,,"He then turns to Max, handing him...a ball gag?!",game/tl/deutsch/scene/Wrestling/wrestling_ceremony_winner.rpy,475,[what]
wrestling_ceremony_winner_6f36fd81,h,"Talking would just distract from the view, don't you think, Max?",game/tl/deutsch/scene/Wrestling/wrestling_ceremony_winner.rpy,481,"h evil ""[what]"""
wrestling_ceremony_winner_21af4728,ma,"Couldn't agree more, Headmaster.",game/tl/deutsch/scene/Wrestling/wrestling_ceremony_winner.rpy,717,"ma laugh nude ""[what]"""
wrestling_ceremony_winner_dd1ec710,,"As Vincent spreads your legs to attach your ankles to the spreader bar, you are left in complete shock.",game/tl/deutsch/scene/Wrestling/wrestling_ceremony_winner.rpy,493,[what]
wrestling_ceremony_winner_9a412fe1,c,This is crazy! This is my reward for-MMMMPH?!,game/tl/deutsch/scene/Wrestling/wrestling_ceremony_winner.rpy,499,"c angry nude ""[what]"""
wrestling_ceremony_winner_4dfbcc67,,"Max jams the rubber ball between your teeth, buckling the leather straps tightly behind your head with an annoying grin.",game/tl/deutsch/scene/Wrestling/wrestling_ceremony_winner.rpy,505,[what]
wrestling_ceremony_winner_88ab8771,h,"Don't be mistaken, it's an honor to be displayed like this!",game/tl/deutsch/scene/Wrestling/wrestling_ceremony_winner.rpy,511,"h laugh ""[what]"""
wrestling_ceremony_winner_b799a798,h,Your body is serving as an inspiration for everyone around you!,game/tl/deutsch/scene/Wrestling/wrestling_ceremony_winner.rpy,517,"h smile ""[what]"""
wrestling_ceremony_winner_1ee31317,h,Hopefully they'll work a little harder in their cousres now...,game/tl/deutsch/scene/Wrestling/wrestling_ceremony_winner.rpy,523,"h happy ""[what]"""
wrestling_ceremony_winner_7dd90a38,h,...and pay special attention to how they apply themselves physically at our school...,game/tl/deutsch/scene/Wrestling/wrestling_ceremony_winner.rpy,529,"h evil ""[what]"""
wrestling_ceremony_winner_f0ce866f,h,"...so perhaps, one day, they'll get to be celebrated and rewarded, just like you are now.",game/tl/deutsch/scene/Wrestling/wrestling_ceremony_winner.rpy,535,"h happy ""[what]"""
wrestling_ceremony_winner_9fbb2f7d,,"Vincent can't help but laugh and grip your bare ass once before walking away, making you yelp into the gag.",game/tl/deutsch/scene/Wrestling/wrestling_ceremony_winner.rpy,541,[what]
wrestling_ceremony_winner_dff531e5,,"You can already feel your cock quickly growing erect, waving in the air slightly as you squirm uncomfortably in the restraints.",game/tl/deutsch/scene/Wrestling/wrestling_ceremony_winner.rpy,547,[what]
wrestling_ceremony_winner_f0dac5f0,,Or should you say...squirm against the education materials?,game/tl/deutsch/scene/Wrestling/wrestling_ceremony_winner.rpy,553,[what]
wrestling_ceremony_winner_bdbce0bf,,"Honestly, you can't tell if you're getting hard from being exposed in front of so many people...",game/tl/deutsch/scene/Wrestling/wrestling_ceremony_winner.rpy,559,[what]
wrestling_ceremony_winner_bd812a6d,,...the very exploratory touching from Max and Vincent as they tied you up...,game/tl/deutsch/scene/Wrestling/wrestling_ceremony_winner.rpy,565,[what]
wrestling_ceremony_winner_10eac6a6,,...or the view of everyone in their tight wrestling regalia.,game/tl/deutsch/scene/Wrestling/wrestling_ceremony_winner.rpy,571,[what]
wrestling_ceremony_winner_4224cb7d,,"At this point, does it really matter what caused it?",game/tl/deutsch/scene/Wrestling/wrestling_ceremony_winner.rpy,577,[what]
wrestling_ceremony_winner_009e149f,,"It's just another addition to your inspirational, celebratory display for the school, right?",game/tl/deutsch/scene/Wrestling/wrestling_ceremony_winner.rpy,583,[what]
wrestling_ceremony_winner_e3853c99,,You can hear the murmurs and hushed tones of conversation from all the others.,game/tl/deutsch/scene/Wrestling/wrestling_ceremony_winner.rpy,589,[what]
wrestling_ceremony_winner_c111cf96,,"Talking about the situation, your body, the Headmaster.",game/tl/deutsch/scene/Wrestling/wrestling_ceremony_winner.rpy,595,[what]
wrestling_ceremony_winner_66e3c756,,An array of emotions are in the class: like your display is a comedy for some and a tragedy for others.,game/tl/deutsch/scene/Wrestling/wrestling_ceremony_winner.rpy,601,[what]
wrestling_ceremony_winner_33d5e0c1,,They grow quiet once the Headmaster begins speaking again.,game/tl/deutsch/scene/Wrestling/wrestling_ceremony_winner.rpy,607,[what]
wrestling_ceremony_winner_ca1970ae,H,"Congratulations, [name]!",game/tl/deutsch/scene/Wrestling/wrestling_ceremony_winner.rpy,723,"H happy ""[what]"""
wrestling_ceremony_winner_aab980d9,H,Hopefully you now know how your stellar performance has become a catalyst for great things to come!,game/tl/deutsch/scene/Wrestling/wrestling_ceremony_winner.rpy,729,"H happy ""[what]"""
wrestling_ceremony_winner_90bb43be,H,"To truly appreciate your achievement, you'll be displayed here in the gym until the end of instruction today.",game/tl/deutsch/scene/Wrestling/wrestling_ceremony_winner.rpy,735,"H happy ""[what]"""
wrestling_ceremony_winner_9684e5ab,,"Great, you think.",game/tl/deutsch/scene/Wrestling/wrestling_ceremony_winner.rpy,631,[what]
wrestling_ceremony_winner_452611ec,,A whole day of being naked in the school gym. A piece of meat to be gawked at.,game/tl/deutsch/scene/Wrestling/wrestling_ceremony_winner.rpy,637,[what]
wrestling_ceremony_winner_80954780,,"You don't mind being the center of attention sometimes, but this is really not what you had in mind.",game/tl/deutsch/scene/Wrestling/wrestling_ceremony_winner.rpy,643,[what]
wrestling_ceremony_winner_a5e7da0a,,"All the eyes on you, your hard dick, your spread out body...it's a lot to take in.",game/tl/deutsch/scene/Wrestling/wrestling_ceremony_winner.rpy,649,[what]
wrestling_ceremony_winner_73e35595,,And all the sweat from wrestling isn't helping either.,game/tl/deutsch/scene/Wrestling/wrestling_ceremony_winner.rpy,655,[what]
wrestling_ceremony_winner_d603d7c9,,"With a sigh into your gag, you raise your head up to look at everyone...",game/tl/deutsch/scene/Wrestling/wrestling_ceremony_winner.rpy,661,[what]
wrestling_ceremony_winner_7d296535,,...trying your best to accept this strange treatment as the reward the Headmaster says it is.,game/tl/deutsch/scene/Wrestling/wrestling_ceremony_winner.rpy,667,[what]
wrestling_ceremony_winner_83d3b8cf,H,"In fact, speaking of things to come...",game/tl/deutsch/scene/Wrestling/wrestling_ceremony_winner.rpy,741,"H happy ""[what]"""
wrestling_ceremony_winner_605da53c,H,Let me formally introduce our school's new learning initiative!,game/tl/deutsch/scene/Wrestling/wrestling_ceremony_winner.rpy,747,"H happy ""[what]"""
wrestling_ceremony_winner_10d81388,H,I think you'll all really enjoy it...,game/tl/deutsch/scene/Wrestling/wrestling_ceremony_winner.rpy,753,"H lust ""[what]"""
w_ceremony_win_cage_e876f180,,"You see the Headmaster look directly at you again, his dark smirk returning.",game/tl/deutsch/scene/Wrestling/wrestling_ceremony_winner.rpy,759,[what]
w_ceremony_win_cage_bd3b0ba6,H,"As for you, [name]...",game/tl/deutsch/scene/Wrestling/wrestling_ceremony_winner.rpy,765,"H evil ""[what]"""
w_ceremony_win_cage_315f0d38,H,"Since you excelled in our wrestling unit, I'd like to offer you a choice.",game/tl/deutsch/scene/Wrestling/wrestling_ceremony_winner.rpy,771,"H friendly ""[what]"""
w_ceremony_win_cage_101e5b8e,H,"I can get your cage on you now, making you the first student to enter this new program...",game/tl/deutsch/scene/Wrestling/wrestling_ceremony_winner.rpy,777,"H ""[what]"""
w_ceremony_win_cage_ce11c16c,H,"Or - I could leave it in your locker, and you could remain as you are until you're freed and have an opportunity to retrieve it yourself.",game/tl/deutsch/scene/Wrestling/wrestling_ceremony_winner.rpy,783,"H ""[what]"""
w_ceremony_win_cage_a7d1441f,H,I genuinely have no idea what others might like to see from this display...,game/tl/deutsch/scene/Wrestling/wrestling_ceremony_winner.rpy,789,"H happy ""[what]"""
w_ceremony_win_cage_1675f70a,H,But I leave it up to you. Do you want to be put into chastity now?,game/tl/deutsch/scene/Wrestling/wrestling_ceremony_winner.rpy,795,"H neutral ""[what]"""
w_ceremony_win_cage_e0984288,,"Honestly, it didn't feel like much of a choice to you.",game/tl/deutsch/scene/Wrestling/wrestling_ceremony_winner.rpy,801,[what]
w_ceremony_win_cage_cf2d3ec8,,"You were already here, presented to the masses.",game/tl/deutsch/scene/Wrestling/wrestling_ceremony_winner.rpy,807,[what]
w_ceremony_win_cage_41d816d8,,Might as well make the Headmaster happy and not get on his bad side.,game/tl/deutsch/scene/Wrestling/wrestling_ceremony_winner.rpy,813,[what]
w_ceremony_win_cage_a4b9d813,,Besides...maybe it'll be some kind of distraction?,game/tl/deutsch/scene/Wrestling/wrestling_ceremony_winner.rpy,819,[what]
w_ceremony_win_cage_6c66b1a6,,"You whimper submissively into the gag, nodding your head.",game/tl/deutsch/scene/Wrestling/wrestling_ceremony_winner.rpy,825,[what]
w_ceremony_win_cage_4772f03d,H,Excellent...I'm glad you're so willing to take our college's new program head-on.,game/tl/deutsch/scene/Wrestling/wrestling_ceremony_winner.rpy,831,"H happy ""[what]"""
w_ceremony_win_cage_6e9f99d3,,"Fortunately (or maybe unfortunately) for you, all the cage talk has made your boner completely disappear.",game/tl/deutsch/scene/Wrestling/wrestling_ceremony_winner.rpy,837,[what]
w_ceremony_win_cage_4d278ad9,,All the easier for the Headmaster's new sporty henchmen to help you get locked up.,game/tl/deutsch/scene/Wrestling/wrestling_ceremony_winner.rpy,843,[what]
w_ceremony_win_cage_6383d96c,,Vincent looks down at your still erected cock.,game/tl/deutsch/scene/Wrestling/wrestling_ceremony_winner.rpy,915,[what]
w_ceremony_win_cage_33c87b7a,v,I think he is a bit too excited to have it attached to him.,game/tl/deutsch/scene/Wrestling/wrestling_ceremony_winner.rpy,1231,"v suspicious nude ""[what]"""
w_ceremony_win_cage_f8d0d36c,,The headmaster grins.,game/tl/deutsch/scene/Wrestling/wrestling_ceremony_winner.rpy,927,[what]
w_ceremony_win_cage_df36286e,H,"Well, there is an easy solution to that, right?",game/tl/deutsch/scene/Wrestling/wrestling_ceremony_winner.rpy,933,"H happy ""[what]"""
w_ceremony_win_cage_40c5f85d,,"Vincent and Max smirk at each other, while closing in at you again.",game/tl/deutsch/scene/Wrestling/wrestling_ceremony_winner.rpy,939,[what]
w_ceremony_win_cage_7717d914,,"Realisation dawns on you, when Max's finger touch your dick.",game/tl/deutsch/scene/Wrestling/wrestling_ceremony_winner.rpy,945,[what]
w_ceremony_win_cage_04f98664,c,Mmmph!,game/tl/deutsch/scene/Wrestling/wrestling_ceremony_winner.rpy,951,"c gag nude ""[what]"""
w_ceremony_win_cage_9a5995ab,,You try to move your hip away from Max' hand as much as the restrains allow you to do.,game/tl/deutsch/scene/Wrestling/wrestling_ceremony_winner.rpy,957,[what]
w_ceremony_win_cage_b7f54ed5,,"By doing so, you press your butt against Vincent's hip.",game/tl/deutsch/scene/Wrestling/wrestling_ceremony_winner.rpy,963,[what]
w_ceremony_win_cage_9849fb15,,You feel his erection throught the smooth and thin fabric.,game/tl/deutsch/scene/Wrestling/wrestling_ceremony_winner.rpy,969,[what]
w_ceremony_win_cage_6b583cb1,,"Max' thumb gently strikes your glans, and your own precum makes this small movement soft and exhilarating.",game/tl/deutsch/scene/Wrestling/wrestling_ceremony_winner.rpy,975,[what]
w_ceremony_win_cage_a8fcafc5,,"You try even more to move your hip away, causing only to rub even more against Vincent's bulge.",game/tl/deutsch/scene/Wrestling/wrestling_ceremony_winner.rpy,981,[what]
w_ceremony_win_cage_e5c425ba,,The voices of the other students and visitors fade out.,game/tl/deutsch/scene/Wrestling/wrestling_ceremony_winner.rpy,987,[what]
w_ceremony_win_cage_1117e116,,"You don't notice even the headmaster anymore, who looks at you like wolf fixating his prey.",game/tl/deutsch/scene/Wrestling/wrestling_ceremony_winner.rpy,993,[what]
w_ceremony_win_cage_47c8e684,,All your hear is Vincent's soft moan each time you rub your hip against his waist.,game/tl/deutsch/scene/Wrestling/wrestling_ceremony_winner.rpy,999,[what]
w_ceremony_win_cage_eb017e23,,"Vincent's hands glide all over your body, while Max's merciless gentle fingers stimulate you.",game/tl/deutsch/scene/Wrestling/wrestling_ceremony_winner.rpy,1005,[what]
w_ceremony_win_cage_a7bbd9c6,,Max' and Vincent's smell mix serve as an aphrodisiac to you.,game/tl/deutsch/scene/Wrestling/wrestling_ceremony_winner.rpy,1011,[what]
w_ceremony_win_cage_71ba6f5d,,"You feel Max boner pressed agains your hip, as he moves even closer and his finger close in around your dick - not as gentle as before anymore, but still pleasing.",game/tl/deutsch/scene/Wrestling/wrestling_ceremony_winner.rpy,1017,[what]
w_ceremony_win_cage_57086bb3,,"You can feel your dick pule in his hands, and you know you have lost the battle.",game/tl/deutsch/scene/Wrestling/wrestling_ceremony_winner.rpy,1023,[what]
w_ceremony_win_cage_36a5a373,,No way you could hold it much longer.,game/tl/deutsch/scene/Wrestling/wrestling_ceremony_winner.rpy,1029,[what]
w_ceremony_win_cage_d2e2e267,,"You wiggle even stronger, even though it brings you even closer to it.",game/tl/deutsch/scene/Wrestling/wrestling_ceremony_winner.rpy,1035,[what]
w_ceremony_win_cage_04f98664_1,c,Mmmph!,game/tl/deutsch/scene/Wrestling/wrestling_ceremony_winner.rpy,1041,"c gag nude ""[what]"""
w_ceremony_win_cage_889abb07,v,"Oh, fuck!",game/tl/deutsch/scene/Wrestling/wrestling_ceremony_winner.rpy,1237,"v pain nude ""[what]"""
w_ceremony_win_cage_37681642,v,I can't hold it any longer!,game/tl/deutsch/scene/Wrestling/wrestling_ceremony_winner.rpy,1053,"v ""[what]"""
w_ceremony_win_cage_55da38b3,,"Vincent's hip now starts to rub up and down on your butt, in a very fast pace.",game/tl/deutsch/scene/Wrestling/wrestling_ceremony_winner.rpy,1059,[what]
w_ceremony_win_cage_c8f10ec2,,"Your own movement also increases, while Vincent exhales an animalistic sound.",game/tl/deutsch/scene/Wrestling/wrestling_ceremony_winner.rpy,1065,[what]
w_ceremony_win_cage_2b2e1cc5,,"Something between a moan, a battle cery and a growl.",game/tl/deutsch/scene/Wrestling/wrestling_ceremony_winner.rpy,1071,[what]
w_ceremony_win_cage_5cc8ce2f,,"The soft fabric sperating his stone-hard dick become wet, while his hip rubs even more violently against yours.",game/tl/deutsch/scene/Wrestling/wrestling_ceremony_winner.rpy,1077,[what]
w_ceremony_win_cage_a6520e67,,"At this point, your own animalistic sound gets muffled by the gag, while you shoot your cum in a high arch through the gymnasium.",game/tl/deutsch/scene/Wrestling/wrestling_ceremony_winner.rpy,1083,[what]
w_ceremony_win_cage_10269ec6,,"You breath heavily, and the gag makes it even harder to breath.",game/tl/deutsch/scene/Wrestling/wrestling_ceremony_winner.rpy,1156,[what]
w_ceremony_win_cage_2de102b7,,"Vincent moves away from you, obviously embarrassed by his own lost of control, and awkwardly trying to hide the very obvious semen spot on his suit.",game/tl/deutsch/scene/Wrestling/wrestling_ceremony_winner.rpy,1162,[what]
w_ceremony_win_cage_09b44791,,You already feel your dick to become soft again. Finally.,game/tl/deutsch/scene/Wrestling/wrestling_ceremony_winner.rpy,1168,[what]
w_ceremony_win_cage_7b98779a,h,"Oh, Vincent! Did you have a little accident there?",game/tl/deutsch/scene/Wrestling/wrestling_ceremony_winner.rpy,1174,"h happy ""[what]"""
w_ceremony_win_cage_7b6eea5c,v,Uhmm...,game/tl/deutsch/scene/Wrestling/wrestling_ceremony_winner.rpy,1243,"v sad nude ""[what]"""
w_ceremony_win_cage_f328c25b,h,Anyway. I think [name] is now ready for the cage.,game/tl/deutsch/scene/Wrestling/wrestling_ceremony_winner.rpy,1186,"h neutral ""[what]"""
w_ceremony_win_cage_469f6d0e,h,"Max, would you be so nice?",game/tl/deutsch/scene/Wrestling/wrestling_ceremony_winner.rpy,1192,"h friendly ""[what]"""
w_ceremony_win_cage_3b15c692,ma,Sure!,game/tl/deutsch/scene/Wrestling/wrestling_ceremony_winner.rpy,1249,"ma happy nude ""[what]"""
w_ceremony_win_cage_8ba44aa7,,"He hands the device to Max, who approaches you with absolute glee.",game/tl/deutsch/scene/Wrestling/wrestling_ceremony_winner.rpy,1089,[what]
w_ceremony_win_cage_a3d3dbdd,,"He gets a tight grip on your genitals, making sure you can't really get far.",game/tl/deutsch/scene/Wrestling/wrestling_ceremony_winner.rpy,1095,[what]
w_ceremony_win_cage_92b6bce9,,"You groan as he locks the ring around the base of your cock, clicking the cage and its lock into place.",game/tl/deutsch/scene/Wrestling/wrestling_ceremony_winner.rpy,1101,[what]
w_ceremony_win_cage_77fee3a0,,"Once he lets go, you feel the heft of the cage for the first time.",game/tl/deutsch/scene/Wrestling/wrestling_ceremony_winner.rpy,1107,[what]
w_ceremony_win_cage_5763b1a4,,"It weighs down you, making everything hang a bit lower than usual.",game/tl/deutsch/scene/Wrestling/wrestling_ceremony_winner.rpy,1113,[what]
w_ceremony_win_cage_58b22c2d,,"It was cold to the touch, sending a shiver through you as it presses against your manhood.",game/tl/deutsch/scene/Wrestling/wrestling_ceremony_winner.rpy,1119,[what]
w_ceremony_win_cage_8dfe0104,ma,"Quite the look for your little pecker, pipsqueak.",game/tl/deutsch/scene/Wrestling/wrestling_ceremony_winner.rpy,1255,"ma laugh nude ""[what]"""
w_ceremony_win_cage_0fe4d267,,"You sigh and nod, accepting your fate as the caged and displayed mascot for the day.",game/tl/deutsch/scene/Wrestling/wrestling_ceremony_winner.rpy,1131,[what]
w_ceremony_win_cage_5e8f7f85,,There's no way you're letting this show of your embarrassment somehow get worse.,game/tl/deutsch/scene/Wrestling/wrestling_ceremony_winner.rpy,849,[what]
w_ceremony_win_cage_ab83467d,,"You grunt angrily into the gag, shaking your head defiantly at the Headmaster as you tug at your bonds.",game/tl/deutsch/scene/Wrestling/wrestling_ceremony_winner.rpy,855,[what]
w_ceremony_win_cage_fd89bdc1,,You see a wave of disappointment come across the Headmaster's face at your reaction.,game/tl/deutsch/scene/Wrestling/wrestling_ceremony_winner.rpy,861,[what]
w_ceremony_win_cage_08067094,H,I had hoped you would be a bit more...enthusiastic about this new initiative.,game/tl/deutsch/scene/Wrestling/wrestling_ceremony_winner.rpy,867,"H angry ""[what]"""
w_ceremony_win_cage_bef7bfe8,H,"With your physical success in class today, I thought you might welcome the treatment.",game/tl/deutsch/scene/Wrestling/wrestling_ceremony_winner.rpy,873,"H ""[what]"""
wrestling_epilogue_74da2b94,,"After many hours left suspended in the gym, you begin to understand why some people really hate physical education.",game/tl/deutsch/scene/Wrestling/wrestling_epilogue.rpy,7,[what]
wrestling_epilogue_c3cee353,,Putting aside the countless onlookers you had throughout the day...,game/tl/deutsch/scene/Wrestling/wrestling_epilogue.rpy,13,[what]
wrestling_epilogue_48bb7e52,,"Whose stares, comments, and even occasional touches on your body only exacerbated your discomfort...",game/tl/deutsch/scene/Wrestling/wrestling_epilogue.rpy,19,[what]
wrestling_epilogue_6f1010f1,,You were really tired of staring at these bleachers and this floor.,game/tl/deutsch/scene/Wrestling/wrestling_epilogue.rpy,25,[what]
wrestling_epilogue_a194d3ca,,"You could feel the sweat coating the skin beneath all your restraints, thanks to your constant squirming.",game/tl/deutsch/scene/Wrestling/wrestling_epilogue.rpy,37,[what]
wrestling_epilogue_7f19e360,,And there is still that ever-present weight on your genitals...can't forget about that.,game/tl/deutsch/scene/Wrestling/wrestling_epilogue.rpy,43,[what]
wrestling_epilogue_773d2f6a,,"Based on what was said about your display and how long it would last, you should be getting out soon.",game/tl/deutsch/scene/Wrestling/wrestling_epilogue.rpy,49,[what]
wrestling_epilogue_aa7c8e0f,,"The final classes of the day should be ending, meaning someone should be by soon to free you.",game/tl/deutsch/scene/Wrestling/wrestling_epilogue.rpy,55,[what]
wrestling_epilogue_11735128,,"Whether it would be the Headmaster, the Administrator, or maybe even Max and Vincent...you weren't sure.",game/tl/deutsch/scene/Wrestling/wrestling_epilogue.rpy,61,[what]
wrestling_epilogue_95670104,,"You aren't crazy about any of those options, honestly.",game/tl/deutsch/scene/Wrestling/wrestling_epilogue.rpy,67,[what]
wrestling_epilogue_9af3f6a6,H,"Attention, everyone! May I have your attention, please? Thank you.",game/tl/deutsch/scene/Wrestling/wrestling_epilogue.rpy,479,"H neutral ""[what]"""
wrestling_epilogue_848eb02e,H,"I understand that the wrestling event stirred up a lot of emotions, but it's time to regain control and leave the sports hall. I expect each and every one of you to calm down and exit the premises without delay.",game/tl/deutsch/scene/Wrestling/wrestling_epilogue.rpy,485,"H angry ""[what]"""
wrestling_epilogue_fcb0b22a,,"The gym was darker now, the shadow of your bound body cast upon the hardwood floor by the setting sun shining through the windows.",game/tl/deutsch/scene/Wrestling/wrestling_epilogue.rpy,31,[what]
wrestling_epilogue_b23c0220,,But nobody came to free you.,game/tl/deutsch/scene/Wrestling/wrestling_epilogue.rpy,491,[what]
wrestling_epilogue_38963069,,You started to worry they might just have forgotten about you.,game/tl/deutsch/scene/Wrestling/wrestling_epilogue.rpy,497,[what]
wrestling_epilogue_6c3fa076,,How long has it been since the light went off?,game/tl/deutsch/scene/Wrestling/wrestling_epilogue.rpy,503,[what]
wrestling_epilogue_5682ae8e,,It felt like hours.,game/tl/deutsch/scene/Wrestling/wrestling_epilogue.rpy,509,[what]
wrestling_epilogue_bc5a6390,,Will you have to stay like this all night?,game/tl/deutsch/scene/Wrestling/wrestling_epilogue.rpy,515,[what]
wrestling_epilogue_cc6cfc26,,"Every muscle, every bone in your body screamed in agony, begging for release.",game/tl/deutsch/scene/Wrestling/wrestling_epilogue.rpy,521,[what]
wrestling_epilogue_72fb9a89,,Or at least a different position.,game/tl/deutsch/scene/Wrestling/wrestling_epilogue.rpy,527,[what]
wrestling_epilogue_5189564a,,But you were totally fixed where you are.,game/tl/deutsch/scene/Wrestling/wrestling_epilogue.rpy,533,[what]
wrestling_epilogue_23898d94,,"What, if they they forgot about you entirely? If nobody comes, even in the morning?",game/tl/deutsch/scene/Wrestling/wrestling_epilogue.rpy,539,[what]
wrestling_epilogue_5f1c76e6,,"When is the next, regular lesson sheduled?",game/tl/deutsch/scene/Wrestling/wrestling_epilogue.rpy,545,[what]
wrestling_epilogue_1dbe7d30,,"Sports lessons usually start in the afternoon, if at all...",game/tl/deutsch/scene/Wrestling/wrestling_epilogue.rpy,551,[what]
wrestling_epilogue_d82ae216,,"Then, you are pulled from your mental spiral by the familiar sound of the gym doors opening.",game/tl/deutsch/scene/Wrestling/wrestling_epilogue.rpy,73,[what]
wrestling_epilogue_0aff0b8c,,"Finally, the end of your day is here...",game/tl/deutsch/scene/Wrestling/wrestling_epilogue.rpy,79,[what]
wrestling_epilogue_063b9582,,...or so you think.,game/tl/deutsch/scene/Wrestling/wrestling_epilogue.rpy,85,[what]
wrestling_epilogue_d64eb25a,,You hear a humming before you see anyone.,game/tl/deutsch/scene/Wrestling/wrestling_epilogue.rpy,91,[what]
wrestling_epilogue_2404147c,,"It's a jaunty tune...very carefree, almost joyful.",game/tl/deutsch/scene/Wrestling/wrestling_epilogue.rpy,97,[what]
wrestling_epilogue_b985e725,,"He is approaching you from behind, so you cannot see him.",game/tl/deutsch/scene/Wrestling/wrestling_epilogue.rpy,103,[what]
wrestling_epilogue_0881496c,na,"Hey there, [name]...",game/tl/deutsch/scene/Wrestling/wrestling_epilogue.rpy,557,"na happy nude ""[what]"""
wrestling_epilogue_e40b4c61,,The voice sounds familiar.,game/tl/deutsch/scene/Wrestling/wrestling_epilogue.rpy,115,[what]
wrestling_epilogue_0fd8be48,,Was his name...Nathan? That sounds right.,game/tl/deutsch/scene/Wrestling/wrestling_epilogue.rpy,121,[what]
wrestling_epilogue_abc165c4,,Strange that he would be the one sent to release you...,game/tl/deutsch/scene/Wrestling/wrestling_epilogue.rpy,127,[what]
wrestling_epilogue_228a3575,,"You two had never spoken before today, and he didn't seem like the type interested in helping the Headmaster.",game/tl/deutsch/scene/Wrestling/wrestling_epilogue.rpy,133,[what]
wrestling_epilogue_568f6912,na,Nice to finally have some alone time with you.,game/tl/deutsch/scene/Wrestling/wrestling_epilogue.rpy,563,"na ""[what]"""
wrestling_epilogue_9c756416,,"You let out a thankful noise through your gag, grateful to finally get out of this embarrassing situation.",game/tl/deutsch/scene/Wrestling/wrestling_epilogue.rpy,145,[what]
wrestling_epilogue_502b29f8,,"But Nathan doesn't reach for your gag, or your restraints.",game/tl/deutsch/scene/Wrestling/wrestling_epilogue.rpy,151,[what]
wrestling_epilogue_d75b67a7,,"Instead, his hands reach from behind on your chest, and start to glide very softly over your skin.",game/tl/deutsch/scene/Wrestling/wrestling_epilogue.rpy,157,[what]
wrestling_epilogue_e5028b3a,na,"Honestly, I'm grateful this little display got put together...",game/tl/deutsch/scene/Wrestling/wrestling_epilogue.rpy,569,"na ""[what]"""
wrestling_epilogue_045a5507,na,Lets me really see you in all your glory.,game/tl/deutsch/scene/Wrestling/wrestling_epilogue.rpy,575,"na ""[what]"""
wrestling_epilogue_70ca7c35,,"You get slightly nervous at the way he's talking about you, starting to squirm a little bit.",game/tl/deutsch/scene/Wrestling/wrestling_epilogue.rpy,175,[what]
wrestling_epilogue_9bd24dfc,na,I've seen you around plenty...thought about saying hello a few times.,game/tl/deutsch/scene/Wrestling/wrestling_epilogue.rpy,581,"na ""[what]"""
wrestling_epilogue_52954041,na,"Never seemed like the right time, you know?",game/tl/deutsch/scene/Wrestling/wrestling_epilogue.rpy,587,"na suspicious nude ""[what]"""
wrestling_epilogue_427f122a,na,"But, well...it was an open invitation for us to come and see you like this.",game/tl/deutsch/scene/Wrestling/wrestling_epilogue.rpy,593,"na happy nude ""[what]"""
wrestling_epilogue_0b0cd1ca,na,"And my father...he, uh...taught me to never say no to an invitation.",game/tl/deutsch/scene/Wrestling/wrestling_epilogue.rpy,599,"na angry nude ""[what]"""
wrestling_epilogue_4a2d1e4a,,"Nathan pauses for a moment, taking his hands off you briefly to look down at the ground.",game/tl/deutsch/scene/Wrestling/wrestling_epilogue.rpy,205,[what]
wrestling_epilogue_51635b3b,,"It's hard to tell, but he seemed...bothered, bringing his dad up.",game/tl/deutsch/scene/Wrestling/wrestling_epilogue.rpy,211,[what]
wrestling_epilogue_44f6adbe,,"He snaps out of it, moving closer so you can feel his breath on your neck.",game/tl/deutsch/scene/Wrestling/wrestling_epilogue.rpy,217,[what]
wrestling_epilogue_06128955,,"His hand moves to your bare chest, resting there as he speaks.",game/tl/deutsch/scene/Wrestling/wrestling_epilogue.rpy,223,[what]
wrestling_epilogue_9ee008af,na,"Pretty exciting, huh?",game/tl/deutsch/scene/Wrestling/wrestling_epilogue.rpy,605,"na happy nude ""[what]"""
wrestling_epilogue_d8c20c94,na,Knowing someone could just walk in on us whenever?,game/tl/deutsch/scene/Wrestling/wrestling_epilogue.rpy,611,"na suspicious nude ""[what]"""
wrestling_epilogue_f34bfa0e,na,Gets me in the mood to do something...risky.,game/tl/deutsch/scene/Wrestling/wrestling_epilogue.rpy,617,"na ""[what]"""
wrestling_epilogue_478fb11b,,"Nathan's hand cascades downward slowly, and you whimper in both fear and anticipation.",game/tl/deutsch/scene/Wrestling/wrestling_epilogue.rpy,247,[what]
wrestling_epilogue_3881503a,,"Suddenly, you yelp as you feel his fingers exploring your groin.",game/tl/deutsch/scene/Wrestling/wrestling_epilogue.rpy,253,[what]
wrestling_epilogue_58bca627,,"They cup your balls, as his hand gently wraps around them and your cock.",game/tl/deutsch/scene/Wrestling/wrestling_epilogue.rpy,679,[what]
wrestling_epilogue_b2f0c881,na,It's great you do not wear your cage already!,game/tl/deutsch/scene/Wrestling/wrestling_epilogue.rpy,685,"na desire nude ""[what]"""
wrestling_epilogue_7e1843e0,,"They cup your balls, as his hand gently wraps around them and your caged cock.",game/tl/deutsch/scene/Wrestling/wrestling_epilogue.rpy,259,[what]
wrestling_epilogue_a421d01e,na,It's too bad you're already wearing your cage...,game/tl/deutsch/scene/Wrestling/wrestling_epilogue.rpy,623,"na sad nude ""[what]"""
wrestling_epilogue_7e9c9239,na,I left mine in my locker for just a little bit...so I could see you first.,game/tl/deutsch/scene/Wrestling/wrestling_epilogue.rpy,629,"na happy nude ""[what]"""
wrestling_epilogue_97662c33,na,Seeing this much of you...let's just say I'm glad I held off on putting it on.,game/tl/deutsch/scene/Wrestling/wrestling_epilogue.rpy,635,"na desire nude ""[what]"""
wrestling_epilogue_87c69c0a,,"With such a sensual touch, you feel your dick straining against the device, and you groan in frustration.",game/tl/deutsch/scene/Wrestling/wrestling_epilogue.rpy,283,[what]
wrestling_epilogue_7f73cd55,,"Peering into Nathan's eyes, you try to figure out what he's planning on doing next.",game/tl/deutsch/scene/Wrestling/wrestling_epilogue.rpy,289,[what]
wrestling_epilogue_ea16ec9f,,"Before you can even come to a conclusion, he answers the question for you.",game/tl/deutsch/scene/Wrestling/wrestling_epilogue.rpy,295,[what]
wrestling_epilogue_378899c1,na,"Might as well show you what I'm working with, huh?",game/tl/deutsch/scene/Wrestling/wrestling_epilogue.rpy,691,"na desire nude ""[what]"""
wrestling_epilogue_f34a29c4,na,Maybe it'll...give you something to really drool over.,game/tl/deutsch/scene/Wrestling/wrestling_epilogue.rpy,697,"na suspicious nude ""[what]"""
wrestling_epilogue_9b50a181,,"He now goew over to your side, and you can see him for the first time.",game/tl/deutsch/scene/Wrestling/wrestling_epilogue.rpy,313,[what]
wrestling_epilogue_88a29465,,You realize he is completely naked already.,game/tl/deutsch/scene/Wrestling/wrestling_epilogue.rpy,319,[what]
wrestling_epilogue_ae9c5180,,"You can tell he enjoys the situation, almost like...he wants someone to catch him doing this.",game/tl/deutsch/scene/Wrestling/wrestling_epilogue.rpy,325,[what]
wrestling_epilogue_21a9d5f4,,"He stands behind you with a smirk, slightly to your side with his erection rubbing against the side of your leg.",game/tl/deutsch/scene/Wrestling/wrestling_epilogue.rpy,331,[what]
wrestling_epilogue_2fd9619e,,"Part of you was jealous, seeing his hardon unincumbered like that...but the other part of you was pretty nervous.",game/tl/deutsch/scene/Wrestling/wrestling_epilogue.rpy,337,[what]
wrestling_epilogue_9a02c1b9,,"The nude Nathan strokes himself a few times, chuckling a bit.",game/tl/deutsch/scene/Wrestling/wrestling_epilogue.rpy,343,[what]
wrestling_epilogue_846b33b9,na,I gotta be honest...this is one of the hottest things I've ever done...,game/tl/deutsch/scene/Wrestling/wrestling_epilogue.rpy,703,"na desire nude ""[what]"""
wrestling_epilogue_27ffc55c,na,And we haven't even done anything yet!,game/tl/deutsch/scene/Wrestling/wrestling_epilogue.rpy,709,"na happy nude ""[what]"""
wrestling_epilogue_65ea531e,na,"But hey, speaking of which...",game/tl/deutsch/scene/Wrestling/wrestling_epilogue.rpy,715,"na suspicious nude ""[what]"""
wrestling_epilogue_91d7c78f,,"His free hand suddenly grips one of your asscheeks, and even more surprisingly...",game/tl/deutsch/scene/Wrestling/wrestling_epilogue.rpy,367,[what]
wrestling_epilogue_8173c4a6,,...you feel his fingers hovering just outside your hole.,game/tl/deutsch/scene/Wrestling/wrestling_epilogue.rpy,373,[what]
wrestling_epilogue_6d3c921b,na,You wanna...have some real fun?,game/tl/deutsch/scene/Wrestling/wrestling_epilogue.rpy,721,"na suspicious nude ""[what]"""
wrestling_epilogue_0caf2f88,,"Somehow, it finally dawns on you...Nathan wants to fuck you.",game/tl/deutsch/scene/Wrestling/wrestling_epilogue.rpy,385,[what]
wrestling_epilogue_359dd67f,,Like...actually fuck you.,game/tl/deutsch/scene/Wrestling/wrestling_epilogue.rpy,391,[what]
wrestling_epilogue_416c88c1,,"As crazy as it is, you've never actually had someone do that to you before.",game/tl/deutsch/scene/Wrestling/wrestling_epilogue.rpy,397,[what]
wrestling_epilogue_5ba254b4,,"You'd experimented a bit back there on your own, of course, but...",game/tl/deutsch/scene/Wrestling/wrestling_epilogue.rpy,403,[what]
wrestling_epilogue_371a7996,,...nothing like this.,game/tl/deutsch/scene/Wrestling/wrestling_epilogue.rpy,409,[what]
wrestling_epilogue_3a220252,,But...is this really how you want it to happen for the first time?,game/tl/deutsch/scene/Wrestling/wrestling_epilogue.rpy,415,[what]
wrestling_epilogue_ec32a473,na,[RelVal],game/tl/deutsch/scene/Wrestling/wrestling_epilogue.rpy,727,"na happy nude ""[what]"""
wrestling_epilogue_df228cab,,"You moan loudly into your gag, nodding vigorously at the boy.",game/tl/deutsch/scene/Wrestling/wrestling_epilogue.rpy,421,[what]
wrestling_epilogue_a42f43c2,,"It might not be the most common circumstance for a first time...captured, caged, and completely helpess.",game/tl/deutsch/scene/Wrestling/wrestling_epilogue.rpy,427,[what]
wrestling_epilogue_f781f4c2,,But at this college...it somehow feels completely on brand.,game/tl/deutsch/scene/Wrestling/wrestling_epilogue.rpy,433,[what]
wrestling_epilogue_06a2d00b,,"Nathan moans himself, pumping his cock a bit faster now in anticipation.",game/tl/deutsch/scene/Wrestling/wrestling_epilogue.rpy,439,[what]
wrestling_epilogue_74f4ecd8,na,Adventurous...I like that.,game/tl/deutsch/scene/Wrestling/wrestling_epilogue.rpy,733,"na desire nude ""[what]"""
wrestling_epilogue_719066a4,,"He spits on his fingers and with no further warning, you feel one of Nathan's fingers push into your entrance, making you groan loudly.",game/tl/deutsch/scene/Wrestling/wrestling_epilogue.rpy,739,[what]
wrestling_epilogue_8b40f0ad,na,[RelVal],game/tl/deutsch/scene/Wrestling/wrestling_epilogue.rpy,745,"na sad nude ""[what]"""
wrestling_epilogue_13deb733,,"While Nathan's proposition was certainly tempting, it also scared the hell out of you.",game/tl/deutsch/scene/Wrestling/wrestling_epilogue.rpy,751,[what]
wrestling_epilogue_5c743f4c,,"You let out a light whimper, the nervousness evident as you share a glance with him.",game/tl/deutsch/scene/Wrestling/wrestling_epilogue.rpy,757,[what]
wrestling_epilogue_532eff22,,"Whe he looks back, you see genuine concern behind his eyes, beyond the lust he presents so forwardly.",game/tl/deutsch/scene/Wrestling/wrestling_epilogue.rpy,763,[what]
wrestling_epilogue_a3b6afc4,na,Don't be scared...,game/tl/deutsch/scene/Wrestling/wrestling_epilogue.rpy,769,"na friendly nude ""[what]"""
wrestling_epilogue_e150d223,na,I promise I'll be as gentle as I can.,game/tl/deutsch/scene/Wrestling/wrestling_epilogue.rpy,775,"na desire nude ""[what]"""
wrestling_epilogue_fcb3ace7,na,"And make it as fun as possible while I'm at it, too.",game/tl/deutsch/scene/Wrestling/wrestling_epilogue.rpy,781,"na happy nude ""[what]"""
wrestling_epilogue_e3e1aaf1,,"You stand a bit taller in your bondage, straightening your back and taking a deep breath.",game/tl/deutsch/scene/Wrestling/wrestling_epilogue.rpy,787,[what]
wrestling_epilogue_b2488377,,"Nodding slowly, you give him the go ahead.",game/tl/deutsch/scene/Wrestling/wrestling_epilogue.rpy,793,[what]
wrestling_epilogue_ae3c97ae,,Trepidation be damned.,game/tl/deutsch/scene/Wrestling/wrestling_epilogue.rpy,799,[what]
wrestling_epilogue_717d85b9,,"Nathan smiles back at you, nodding too.",game/tl/deutsch/scene/Wrestling/wrestling_epilogue.rpy,805,[what]
wrestling_epilogue_0757f1cf,na,That's good...trust is a good start.,game/tl/deutsch/scene/Wrestling/wrestling_epilogue.rpy,811,"na smile nude ""[what]"""
wrestling_epilogue_b9008d38,na,[RelVal],game/tl/deutsch/scene/Wrestling/wrestling_epilogue.rpy,817,"na angry nude ""[what]"""
wrestling_epilogue_4ce72828,,"You shake your head definatly, tugging at your restraints and protesting into the ball gag.",game/tl/deutsch/scene/Wrestling/wrestling_epilogue.rpy,823,[what]
wrestling_epilogue_a411be8a,,You don't want this random guy fucking you like this!,game/tl/deutsch/scene/Wrestling/wrestling_epilogue.rpy,829,[what]
wrestling_epilogue_5162619b,,This whole gym experience has been harrowing enough already...,game/tl/deutsch/scene/Wrestling/wrestling_epilogue.rpy,835,[what]
wrestling_epilogue_b1f3df4b,,"Nathan seems disappointed, but moves his hand away from your ass and moves back to face you.",game/tl/deutsch/scene/Wrestling/wrestling_epilogue.rpy,841,[what]
wrestling_epilogue_1f598e5d,na,I get it...not that kind of kinky.,game/tl/deutsch/scene/Wrestling/wrestling_epilogue.rpy,847,"na sad nude ""[what]"""
wrestling_epilogue_669e0173,na,"Maybe some other time, huh?",game/tl/deutsch/scene/Wrestling/wrestling_epilogue.rpy,853,"na desire nude ""[what]"""
wrestling_epilogue_ebdfc579,,"You see him glance down at his engorged cock for a moment, almost like he's trying to figure out how to solve that problem.",game/tl/deutsch/scene/Wrestling/wrestling_epilogue.rpy,859,[what]
wrestling_epilogue_7c535a95,na,But with these new cages...,game/tl/deutsch/scene/Wrestling/wrestling_epilogue.rpy,865,"na suspicious nude ""[what]"""
wrestling_epilogue_4ffc50b3,na,...I guess we'll see.,game/tl/deutsch/scene/Wrestling/wrestling_epilogue.rpy,871,"na neutral nude ""[what]"""
wrestling_epilogue_9518251b,,"He eyes your own nude form one final time as well, still both curious and eager to continue.",game/tl/deutsch/scene/Wrestling/wrestling_epilogue.rpy,877,[what]
wrestling_epilogue_f4fb2b6e,,But he holds himself back...and you appreciate that.,game/tl/deutsch/scene/Wrestling/wrestling_epilogue.rpy,883,[what]
wrestling_epilogue_2bb2928a,na,"See you around, [name].",game/tl/deutsch/scene/Wrestling/wrestling_epilogue.rpy,889,"na neutral nude ""[what]"""
wrestling_epilogue_db0f40a2,,"He starts to walk away, unfazed by his own nudity as he strolls toward the doors.",game/tl/deutsch/scene/Wrestling/wrestling_epilogue.rpy,895,[what]
wrestling_epilogue_45493864,,"You whimper helplessly behind your gag for a moment, hoping the boy would at least get you out of your predicament while here...",game/tl/deutsch/scene/Wrestling/wrestling_epilogue.rpy,901,[what]
wrestling_epilogue_3f455b65,,"Seemingly wishful thinking, especially from someone you just rejected.",game/tl/deutsch/scene/Wrestling/wrestling_epilogue.rpy,907,[what]
wrestling_epilogue_2c8d50f1,,"Just as it began, the exchange now ends with you alone in the dark gymnasium.",game/tl/deutsch/scene/Wrestling/wrestling_epilogue.rpy,913,[what]
wrestling_epilogue_ebfb58e2,,Hopefully freedom would actually find its way through those doors soon...,game/tl/deutsch/scene/Wrestling/wrestling_epilogue.rpy,919,[what]
wrestling_epilogue_c6f754b3,,"With little warning, you feel one of Nathan's fingers push into your entrance, making you groan loudly.",game/tl/deutsch/scene/Wrestling/wrestling_epilogue.rpy,925,[what]
wrestling_epilogue_79331f5f,,"Your dick strains inside its cage, desperate to find release in more ways than one.",game/tl/deutsch/scene/Wrestling/wrestling_epilogue.rpy,931,[what]
wrestling_epilogue_e4d85694,,Nathan could very literally feel your body's enthusiasm as your hole gripped his finger tightly.,game/tl/deutsch/scene/Wrestling/wrestling_epilogue.rpy,937,[what]
wrestling_epilogue_1997b667,na,Fuck...you really are tight...!,game/tl/deutsch/scene/Wrestling/wrestling_epilogue.rpy,943,"na desire nude ""[what]"""
wrestling_epilogue_dbaeda49,,You hold tight to the rope that suspends you when you feel a second finger push its way inside you.,game/tl/deutsch/scene/Wrestling/wrestling_epilogue.rpy,949,[what]
wrestling_epilogue_ceb16883,,"Your breathing is heavier now, and your heart is beating rapidly.",game/tl/deutsch/scene/Wrestling/wrestling_epilogue.rpy,955,[what]
wrestling_epilogue_1db305c3,,You're not sure if Nathan can tell you're a virgin or not...,game/tl/deutsch/scene/Wrestling/wrestling_epilogue.rpy,961,[what]
wrestling_epilogue_9526f504,,"But, if he can, he certainly doesn't say anything.",game/tl/deutsch/scene/Wrestling/wrestling_epilogue.rpy,967,[what]
wrestling_epilogue_6f30bd42,,Maybe to preserve what modesty and dignity you have left.,game/tl/deutsch/scene/Wrestling/wrestling_epilogue.rpy,973,[what]
wrestling_epilogue_8f77bd39,,"Before you know it, you feel the tip of Nathan's manhood pressed against you, replacing his fingers.",game/tl/deutsch/scene/Wrestling/wrestling_epilogue.rpy,979,[what]
wrestling_epilogue_7db36e07,,You don't even have time to fully process what's happening as he pushes himself into you.,game/tl/deutsch/scene/Wrestling/wrestling_epilogue.rpy,985,[what]
wrestling_epilogue_c2b6a4a4,,"You grind your teeth against the ball gag, and your body goes into some kind of overdrive.",game/tl/deutsch/scene/Wrestling/wrestling_epilogue.rpy,991,[what]
wrestling_epilogue_2bcc8a33,,"Even though Nathan starts out slow, it feels like lightning speed.",game/tl/deutsch/scene/Wrestling/wrestling_epilogue.rpy,997,[what]
wrestling_epilogue_413526f5,,A sort of electricity sends a current of energy through your whole body.,game/tl/deutsch/scene/Wrestling/wrestling_epilogue.rpy,1003,[what]
wrestling_epilogue_aa8d98fc,,It feels like every single individual strand of hair on your body is now standing on end.,game/tl/deutsch/scene/Wrestling/wrestling_epilogue.rpy,1009,[what]
wrestling_epilogue_e472ee84,,"Goosebumps cover your skin as a shiver runs through your spine with every move Nathan makes, no matter how small.",game/tl/deutsch/scene/Wrestling/wrestling_epilogue.rpy,1015,[what]
wrestling_epilogue_5a92d71a,,"You could feel yourself trembling, your legs shaking as they try to keep you balanced against him.",game/tl/deutsch/scene/Wrestling/wrestling_epilogue.rpy,1021,[what]
wrestling_epilogue_25e76213,,"It was painful, obviously...Nathan was anything but small.",game/tl/deutsch/scene/Wrestling/wrestling_epilogue.rpy,1027,[what]
wrestling_epilogue_e6b1406a,,"But the mental noise and physical stimulation was so overwhelming, it almost drowned it out.",game/tl/deutsch/scene/Wrestling/wrestling_epilogue.rpy,1033,[what]
wrestling_epilogue_dada6b5d,,"Nathan quickly began thrusting, and you could tell he is making some guttural noises...",game/tl/deutsch/scene/Wrestling/wrestling_epilogue.rpy,1039,[what]
wrestling_epilogue_15945929,,...you know he's telling you how good it feels and how tight you are...,game/tl/deutsch/scene/Wrestling/wrestling_epilogue.rpy,1045,[what]
wrestling_epilogue_b5a17a8d,,But your brain was entirely focused on one thing:,game/tl/deutsch/scene/Wrestling/wrestling_epilogue.rpy,1051,[what]
wrestling_epilogue_36beb801,,Being fucked.,game/tl/deutsch/scene/Wrestling/wrestling_epilogue.rpy,1057,[what]
wrestling_epilogue_7575f50e,,"There's no point trying to listen, or parce through what's causing your body to feel what way.",game/tl/deutsch/scene/Wrestling/wrestling_epilogue.rpy,1063,[what]
wrestling_epilogue_79b2a638,,You're almost detatched from all that.,game/tl/deutsch/scene/Wrestling/wrestling_epilogue.rpy,1069,[what]
wrestling_epilogue_f36f9176,,"Instead, you hear yourself grunting and moaning...",game/tl/deutsch/scene/Wrestling/wrestling_epilogue.rpy,1075,[what]
wrestling_epilogue_20fe97fb,,And look down to see your hips excitedly swaying in unison with Nathan's.,game/tl/deutsch/scene/Wrestling/wrestling_epilogue.rpy,1081,[what]
wrestling_epilogue_74775f65,,You see his hands gripping your waist...,game/tl/deutsch/scene/Wrestling/wrestling_epilogue.rpy,1087,[what]
wrestling_epilogue_1b1470aa,,...occasionally fondling your balls...,game/tl/deutsch/scene/Wrestling/wrestling_epilogue.rpy,1093,[what]
wrestling_epilogue_3318bc69,,...tweaking and massaging your nipples...,game/tl/deutsch/scene/Wrestling/wrestling_epilogue.rpy,1099,[what]
wrestling_epilogue_605c3d47,,Doing what he said he would: everything to make you feel good.,game/tl/deutsch/scene/Wrestling/wrestling_epilogue.rpy,1105,[what]
wrestling_epilogue_abbdc790,,"And boy, was it fucking working!",game/tl/deutsch/scene/Wrestling/wrestling_epilogue.rpy,1111,[what]
wrestling_epilogue_dd0ecf66,,"Then, as if yanking you from a dream...",game/tl/deutsch/scene/Wrestling/wrestling_epilogue.rpy,1117,[what]
wrestling_epilogue_9ee01463,,BAM!,game/tl/deutsch/scene/Wrestling/wrestling_epilogue.rpy,1123,[what] with vpunch
wrestling_epilogue_c47a68e4,,"A distinct burning sensation filled your ass, and Nathan's moans became louder than ever.",game/tl/deutsch/scene/Wrestling/wrestling_epilogue.rpy,1129,[what]
wrestling_epilogue_f3debe8e,,"You felt his essence spurting into you, deep inside your hole.",game/tl/deutsch/scene/Wrestling/wrestling_epilogue.rpy,1135,[what]
wrestling_epilogue_bd458a9e,,"You strain in your bonds, whimpering and wheezing into the rubber ball that fills your mouth.",game/tl/deutsch/scene/Wrestling/wrestling_epilogue.rpy,1141,[what]
wrestling_epilogue_d2e5b82e,,"As Nathan's sweat-covered body trembled against you, the overstimulation finally caught up with your caged cock.",game/tl/deutsch/scene/Wrestling/wrestling_epilogue.rpy,1147,[what]
wrestling_epilogue_79cd6992,,"In response to Nathan's release, you watch as cum suddenly erupted out of your chastity cage.",game/tl/deutsch/scene/Wrestling/wrestling_epilogue.rpy,1153,[what]
wrestling_epilogue_6ca8e1d4,,"Your whines become interspersed with moans as you're forced into a limp orgasm, pooling onto the gym floor in front of you.",game/tl/deutsch/scene/Wrestling/wrestling_epilogue.rpy,1159,[what]
wrestling_epilogue_5417baa6,,"As Nathan's sweat-covered body trembled against you, the overstimulation finally caught up with your cock.",game/tl/deutsch/scene/Wrestling/wrestling_epilogue.rpy,1165,[what]
wrestling_epilogue_1bf1ca04,,"In response to Nathan's release, you watch as cum suddenly erupted out of your rock-hard dick.",game/tl/deutsch/scene/Wrestling/wrestling_epilogue.rpy,1171,[what]
wrestling_epilogue_bbc6efa9,,"Even though Nathan did not stroke, or even touch it recently.",game/tl/deutsch/scene/Wrestling/wrestling_epilogue.rpy,1177,[what]
wrestling_epilogue_dac31a26,,"Your whines become interspersed with moans as you're forced into a orgasm, pooling onto the gym floor in front of you.",game/tl/deutsch/scene/Wrestling/wrestling_epilogue.rpy,1183,[what]
wrestling_epilogue_3919a2ec,,You didn't even know that was possible.,game/tl/deutsch/scene/Wrestling/wrestling_epilogue.rpy,1189,[what]
wrestling_epilogue_7d817c00,,"But now, with the haze of ecstasy quickly fading...",game/tl/deutsch/scene/Wrestling/wrestling_epilogue.rpy,1195,[what]
wrestling_epilogue_160badf4,,The pain the experience has brought upon you starts moving to the forefront of your mind.,game/tl/deutsch/scene/Wrestling/wrestling_epilogue.rpy,1201,[what]
wrestling_epilogue_1df9f6a6,,Your wrists and ankles are sweaty and raw from the restraints.,game/tl/deutsch/scene/Wrestling/wrestling_epilogue.rpy,1207,[what]
wrestling_epilogue_72a8771f,,Your back and hips are sore from all your thrusting and squirming.,game/tl/deutsch/scene/Wrestling/wrestling_epilogue.rpy,1213,[what]
wrestling_epilogue_37ef6e1c,,Your own manhood burns from stretching and throbbing inside its metal prison.,game/tl/deutsch/scene/Wrestling/wrestling_epilogue.rpy,1219,[what]
wrestling_epilogue_504e76f9,,"And your ass twitches from the rapid fucking it just received, trying to tighten again into its previously relaxed state.",game/tl/deutsch/scene/Wrestling/wrestling_epilogue.rpy,1225,[what]
wrestling_epilogue_ddf38a4c,na,Holy shit...,game/tl/deutsch/scene/Wrestling/wrestling_epilogue.rpy,1231,"na surprised nude ""[what]"""
wrestling_epilogue_6c376fa7,na,That was...fucking wild...,game/tl/deutsch/scene/Wrestling/wrestling_epilogue.rpy,1237,"na happy nude ""[what]"""
wrestling_epilogue_d084920f,na,"I...wow, that was intense.",game/tl/deutsch/scene/Wrestling/wrestling_epilogue.rpy,1243,"na desire nude ""[what]"""
wrestling_epilogue_bde35bcb,,"You groan as you feel Nathan's cock slide out of you, tearing up from the pain.",game/tl/deutsch/scene/Wrestling/wrestling_epilogue.rpy,1249,[what]
wrestling_epilogue_5d4ad916,,You would give anything to just sit down for a few minutes.,game/tl/deutsch/scene/Wrestling/wrestling_epilogue.rpy,1255,[what]
wrestling_epilogue_d265ada3,,"Well...maybe not, actually.",game/tl/deutsch/scene/Wrestling/wrestling_epilogue.rpy,1261,[what]
wrestling_epilogue_55fb98ee,na,You seem to have enjoyed yourself too...,game/tl/deutsch/scene/Wrestling/wrestling_epilogue.rpy,1267,"na friendly nude ""[what]"""
wrestling_epilogue_483457ef,na,So much for chastity.,game/tl/deutsch/scene/Wrestling/wrestling_epilogue.rpy,1273,"na happy nude ""[what]"""
wrestling_epilogue_2a717a9b,,"You croak out a chuckle, but you can't help but just stare at Nathan, desperate to get off of these bonds.",game/tl/deutsch/scene/Wrestling/wrestling_epilogue.rpy,1279,[what]
wrestling_epilogue_7449c71c,,"He laughs himself, nodding along with his own heavy breathing.",game/tl/deutsch/scene/Wrestling/wrestling_epilogue.rpy,1285,[what]
wrestling_epilogue_c7252383,na,Hopefully we get to...do this again...I've got plenty more fun ideas...,game/tl/deutsch/scene/Wrestling/wrestling_epilogue.rpy,1291,"na desire nude ""[what]"""
wrestling_epilogue_9ebf651b,na,Maybe we'll actually...get caught next time.,game/tl/deutsch/scene/Wrestling/wrestling_epilogue.rpy,1297,"na suspicious nude ""[what]"""
wrestling_epilogue_619078e4,,"Nathan playfully pats your balls once, then heads towards the exit of the gym.",game/tl/deutsch/scene/Wrestling/wrestling_epilogue.rpy,1303,[what]
wrestling_epilogue_044e414e,na,I think it is time for you be released.,game/tl/deutsch/scene/Wrestling/wrestling_epilogue.rpy,1309,"na suspicious nude ""[what]"""
wrestling_epilogue_cc776d57,na,You definitely earned it in my book!,game/tl/deutsch/scene/Wrestling/wrestling_epilogue.rpy,1315,"na happy nude ""[what]"""
wrestling_epilogue_e520ddad,,Suddenly the school's loudspeaker come to life.,game/tl/deutsch/scene/Wrestling/wrestling_epilogue.rpy,1321,[what]
wrestling_epilogue_f22db251,h,Don't you dare to free him!,game/tl/deutsch/scene/Wrestling/wrestling_epilogue.rpy,1327,"h angry ""[what]"""
wrestling_epilogue_67275e74,,Now it dawned to you: The surveillance cameras!,game/tl/deutsch/scene/Wrestling/wrestling_epilogue.rpy,1333,[what]
wrestling_epilogue_82dadcc8,,He must have watched the whole time.,game/tl/deutsch/scene/Wrestling/wrestling_epilogue.rpy,1339,[what]
wrestling_epilogue_222b6979,na,DAD?!,game/tl/deutsch/scene/Wrestling/wrestling_epilogue.rpy,1345,"na surprised nude ""[what]"""
wrestling_epilogue_8bd2f417,,A long silence followed.,game/tl/deutsch/scene/Wrestling/wrestling_epilogue.rpy,1351,[what]
wrestling_epilogue_c0089f25,h,I told you to call me headmaster while at college!,game/tl/deutsch/scene/Wrestling/wrestling_epilogue.rpy,1357,"h angry ""[what]"""
wrestling_epilogue_f3a5e167,h,Now go!,game/tl/deutsch/scene/Wrestling/wrestling_epilogue.rpy,1363,"h angry ""[what]"""
wrestling_epilogue_211c3ff9,na,"Yes, sir.",game/tl/deutsch/scene/Wrestling/wrestling_epilogue.rpy,1369,"na sad nude ""[what]"""
wrestling_epilogue_66e75ed8,a,You have unlocked a Gallery Item!,game/tl/deutsch/scene/Wrestling/wrestling_epilogue.rpy,1375,"a happy ""[what]"""
wrestling_epilogue_43365458,,Nathan winked at you and whispered:,game/tl/deutsch/scene/Wrestling/wrestling_epilogue.rpy,1381,[what]
wrestling_epilogue_ccc5da84,na,Looks like we got caught after all!,game/tl/deutsch/scene/Wrestling/wrestling_epilogue.rpy,1387,"na happy nude ""[what]"""
wrestling_epilogue_b9a1fc8d,na,I wonder what he is going to do about.,game/tl/deutsch/scene/Wrestling/wrestling_epilogue.rpy,1393,"na desire nude ""[what]"""
wrestling_epilogue_289165cb,,He chuckles.,game/tl/deutsch/scene/Wrestling/wrestling_epilogue.rpy,1399,[what]
wrestling_epilogue_0d446c3f,na,I guess we are in trouble!,game/tl/deutsch/scene/Wrestling/wrestling_epilogue.rpy,1405,"na evil nude ""[what]"""
wrestling_epilogue_13ca334e,,"You whine into the gag again, and Nathan calls back to you as he leaves.",game/tl/deutsch/scene/Wrestling/wrestling_epilogue.rpy,1411,[what]
wrestling_epilogue_2744ed03,na,You'll be out soon! Like the Headmaster said...enjoy it.,game/tl/deutsch/scene/Wrestling/wrestling_epilogue.rpy,1417,"na friendly nude ""[what]"""
wrestling_epilogue_0054f513,na,I certainly did.,game/tl/deutsch/scene/Wrestling/wrestling_epilogue.rpy,1423,"na desire nude ""[what]"""
wrestling_epilogue_a5d80aaf,,"You whimper and pull at your restraints, but quickly stop moving once the pain returns.",game/tl/deutsch/scene/Wrestling/wrestling_epilogue.rpy,1429,[what]
wrestling_epilogue_496eea6e,,"Instead, you elect to remain as still as possible, your mind left reeling from the experience.",game/tl/deutsch/scene/Wrestling/wrestling_epilogue.rpy,1435,[what]
wrestling_epilogue_ba82a259,,"At least you had a lot to think about, right?",game/tl/deutsch/scene/Wrestling/wrestling_epilogue.rpy,1441,[what]
wrestling_epilogue_90702678,,They left you hang there all night.,game/tl/deutsch/scene/Wrestling/wrestling_epilogue.rpy,1447,[what]
wrestling_epilogue_2b0f789f,,"It felt like an eternity, and your muscles and joints hurt, as if they were about to just disconnect.",game/tl/deutsch/scene/Wrestling/wrestling_epilogue.rpy,1453,[what]
wrestling_epilogue_8a223b61,,"Even in the morning, nobody came.",game/tl/deutsch/scene/Wrestling/wrestling_epilogue.rpy,1459,[what]
wrestling_epilogue_02d8dc0f,,"You heard a loud, metallic sound, and suddently the climbing rope detached, causing you to fall on the floor.",game/tl/deutsch/scene/Wrestling/wrestling_epilogue.rpy,1465,[what]
wrestling_epilogue_cfa42f37,,"For at least an hour, you just lay there.",game/tl/deutsch/scene/Wrestling/wrestling_epilogue.rpy,1471,[what]
wrestling_epilogue_ad02cd7e,,"Your hands and feet still secured, but your muscles were no longer in agony.",game/tl/deutsch/scene/Wrestling/wrestling_epilogue.rpy,1477,[what]
wrestling_epilogue_748705bf,,"But you were thirsty like never before in your life, and you just needed the gag out of your mouth.",game/tl/deutsch/scene/Wrestling/wrestling_epilogue.rpy,1483,[what]
wrestling_epilogue_23c4caa7,,"With nobody coming for your aid, you decided to help yourself.",game/tl/deutsch/scene/Wrestling/wrestling_epilogue.rpy,1489,[what]
wrestling_epilogue_5a6db4c9,,With the help of your teeth you manage to open the knot of the rope.,game/tl/deutsch/scene/Wrestling/wrestling_epilogue.rpy,1495,[what]
wrestling_epilogue_d24d4cbb,,"The shackels weren't secured with a lock, you once the hands were free, you could open them easily.",game/tl/deutsch/scene/Wrestling/wrestling_epilogue.rpy,1501,[what]
wrestling_epilogue_fa71c68e,,"You drank eagerly from the water dispender, and fell asleep on the bench of the locker room, right until the afternoon, when the first class arrived.",game/tl/deutsch/scene/Wrestling/wrestling_epilogue.rpy,1507,[what]
wrestling_epilogue_4fa9f585,,"They laughed at you, but you did not care.",game/tl/deutsch/scene/Wrestling/wrestling_epilogue.rpy,1513,[what]
wrestling_epilogue_d5591a7d,,"You stumbled like a drunk over the campus towards the dorm, ignoring all the laughs and the pointing fingers.",game/tl/deutsch/scene/Wrestling/wrestling_epilogue.rpy,1519,[what]
wrestling_quit_07fabab4,C,I think I'm done with everything physical for today!,game/tl/deutsch/scene/Wrestling/wrestling_quit.rpy,7,"C fear ""[what]"""
wrestling_quit_fd90b460,C,My whole body is sore!,game/tl/deutsch/scene/Wrestling/wrestling_quit.rpy,13,"C pain ""[what]"""
wrestling_quit_9e8a0e84,,"The Headmaster looks at you for what felt forever, and his face looked as if he had tasted something rotten.",game/tl/deutsch/scene/Wrestling/wrestling_quit.rpy,19,[what]
wrestling_quit_9d58a705,,It seemed like he was going to punish you anyway.,game/tl/deutsch/scene/Wrestling/wrestling_quit.rpy,25,[what]
wrestling_quit_f555a207,,His eyes wandered over the crowd.,game/tl/deutsch/scene/Wrestling/wrestling_quit.rpy,31,[what]
wrestling_quit_713e469c,,He came to the realization that it would be foolish to undertake anything here against your will.,game/tl/deutsch/scene/Wrestling/wrestling_quit.rpy,37,[what]
wrestling_quit_82fcf65e,,"So, the Headmaster sighs, but nods, just taking it as another reason to be disappointed in you.",game/tl/deutsch/scene/Wrestling/wrestling_quit.rpy,43,[what]
wrestling_quit_f3649fbb,H,"If you insist, [name].",game/tl/deutsch/scene/Wrestling/wrestling_quit.rpy,49,"H disappointed ""[what]"""
wrestling_quit_d36710fe,H,"Just know, you won't be able to avoid consequences forever...",game/tl/deutsch/scene/Wrestling/wrestling_quit.rpy,55,"H tough ""[what]"""
wrestling_quit_f89780f7,H,They always find a way to creep back up on you.,game/tl/deutsch/scene/Wrestling/wrestling_quit.rpy,61,"H evil ""[what]"""
wrestling_quit_90247bce,H,"But before you head back to your dorm, I have an announcement to make.",game/tl/deutsch/scene/Wrestling/wrestling_quit.rpy,67,"H tough ""[what]"""
wrestling_quit_d57d013e,H,Concerning the new physical initiative our school will be undertaking that I mentioned earlier...,game/tl/deutsch/scene/Wrestling/wrestling_quit.rpy,73,"H smile ""[what]"""
